경기도 양평군 개군면,개군면,37.4259728,127.5367962
경기도 양평군 개군면 상자포리,상자포리,37.4186763,127.541175
경기도 양평군 개군면 계전리,계전리,37.4221929,127.5706375
경기도 양평군 개군면 주읍리,주읍리,37.4376596,127.5759125
경기도 양평군 개군면 향리,향리,37.4337096,127.5693625
경기도 양평군 개군면 내리,내리,37.4441679,127.559075
경기도 양평군 개군면 자연리,자연리,37.4300263,127.56085
경기도 양평군 개군면 부리,부리,37.438651,127.545937
경기도 양평군 개군면 불곡리,불곡리,37.4524013,127.5386125
경기도 양평군 개군면 공세리,공세리,37.4608846,127.5456
경기도 양평군 개군면 석장리,석장리,37.4536263,127.5176375
경기도 양평군 개군면 앙덕리,앙덕리,37.4433929,127.5104
경기도 양평군 개군면 구미리,구미리,37.4404929,127.526775
경기도 양평군 개군면 하자포리,하자포리,37.4353573,127.5324214
경기도 양평군 용문면,용문면,37.4888108,127.5994121
경기도 양평군 용문면 신점리,신점리,37.5531083,127.58265
경기도 양평군 용문면 오촌리,오촌리,37.5320667,127.5861375
경기도 양평군 용문면 덕촌리,덕촌리,37.5145,127.5925
경기도 양평군 용문면 조현리,조현리,37.5272,127.6143
경기도 양평군 용문면 중원리,중원리,37.5521,127.6139
경기도 양평군 용문면 망능리,망능리,37.54005,127.62905
경기도 양평군 용문면 광탄리,광탄리,37.5126,127.6331
경기도 양평군 용문면 금곡리,금곡리,37.505,127.6165
경기도 양평군 용문면 연수리,연수리,37.529,127.5498125
경기도 양평군 용문면 다문리,다문리,37.4852679,127.5953625
경기도 양평군 용문면 삼성리,삼성리,37.476018,127.5719
경기도 양평군 용문면 화전리,화전리,37.4659263,127.6083375
경기도 양평군 용문면 마룡리,마룡리,37.4956596,127.604225
경기도 양평군 지평면,지평면,37.474535,127.63925
경기도 양평군 지평면 옥현리,옥현리,37.4436785,127.6257054
경기도 양평군 지평면 수곡리,수곡리,37.4382846,127.5990125
경기도 양평군 지평면 곡수리,곡수리,37.4205013,127.61455
경기도 양평군 지평면 대평리,대평리,37.4258846,127.628025
경기도 양평군 지평면 일신리,일신리,37.429443,127.698838
경기도 양평군 지평면 무왕리,무왕리,37.4504597,127.6727869
경기도 양평군 지평면 망미리,망미리,37.45,127.6558
경기도 양평군 지평면 월산리,월산리,37.4847429,127.658625
경기도 양평군 지평면 송현리,송현리,37.4907013,127.6283375
경기도 양평군 지평면 지평리,지평리,37.4683096,127.63545
경기도 양평군 양동면,양동면,37.4251713,127.7511109
경기도 양평군 양동면 단석리,단석리,37.386499,127.726738
경기도 양평군 양동면 삼산리,삼산리,37.3981,127.7717
경기도 양평군 양동면 계정리,계정리,37.45951,127.772788
경기도 양평군 양동면 금왕리,금왕리,37.4767,127.7349
경기도 양평군 양동면 고송리,고송리,37.492676,127.687663
경기도 양평군 양동면 매월리,매월리,37.4403013,127.7304
경기도 양평군 양동면 석곡리,석곡리,37.44086,127.752763
경기도 양평군 양동면 쌍학리,쌍학리,37.4133,127.7449
경기도 양평군 청운면,청운면,37.5562065,127.7106861
경기도 양평군 청운면 다대리,다대리,37.5686083,127.72015
경기도 양평군 청운면 삼성리,삼성리,37.5737487,127.7414971
경기도 양평군 청운면 신론리,신론리,37.5674333,127.781875
경기도 양평군 청운면 도원리,도원리,37.5548333,127.792525
경기도 양평군 청운면 갈운리,갈운리,37.5306,127.7703
경기도 양평군 청운면 가현리,가현리,37.5279,127.7203375
경기도 양평군 청운면 비룡리,비룡리,37.535575,127.6845125
경기도 양평군 청운면 여물리,여물리,37.5679667,127.6998375
경기도 양평군 청운면 용두리,용두리,37.5463833,127.7266125
경기도 양평군 단월면,단월면,37.5385213,127.67293
경기도 양평군 단월면 산음리,산음리,37.6029987,127.59965
경기도 양평군 단월면 석산리,석산리,37.6273987,127.6068
경기도 양평군 단월면 명성리,명성리,37.6198821,127.6575875
경기도 양평군 단월면 부안리,부안리,37.5781,127.6714
경기도 양평군 단월면 덕수리,덕수리,37.5558,127.6825
경기도 양평군 단월면 향소리,향소리,37.5736833,127.653075
경기도 양평군 단월면 봉상리,봉상리,37.51675,127.6484
경기도 양평군 단월면 삼가리,삼가리,37.514275,127.6732625
경기도 양평군 단월면 보룡리,보룡리,37.5361,127.67015
경기도 양평군 서종면,서종면,37.606574,127.348688
경기도 양평군 서종면 수입리,수입리,37.6439737,127.3890875
경기도 양평군 서종면 노문리,노문리,37.6388249,127.429536
경기도 양평군 서종면 명달리,명달리,37.6181321,127.4480125
경기도 양평군 서종면 정배리,정배리,37.5961852,127.4297678
경기도 양평군 서종면 서후리,서후리,37.5714,127.4204
경기도 양평군 서종면 수능리,수능리,37.5863487,127.3948125
경기도 양평군 서종면 도장리,도장리,37.6062654,127.3910375
경기도 양평군 서종면 문호리,문호리,37.6019,127.3579
경기도 양평군 옥천면,옥천면,37.5181063,127.4561024
경기도 양평군 옥천면 아신리,아신리,37.5235333,127.4463625
경기도 양평군 옥천면 신복리,신복리,37.5614,127.463
경기도 양평군 옥천면 용천리,용천리,37.5528,127.5115
경기도 양평군 옥천면 옥천리,옥천리,37.5174,127.4681
경기도 양평군 양서면,양서면,37.543958,127.325975
경기도 양평군 양서면 증동리,증동리,37.5321833,127.417725
경기도 양평군 양서면 청계리,청계리,37.537825,127.4141375
경기도 양평군 양서면 복포리,복포리,37.5153167,127.4159875
경기도 양평군 양서면 국수리,국수리,37.5214917,127.39895
경기도 양평군 양서면 대심리,대심리,37.5043417,127.3954875
경기도 양평군 양서면 도곡리,도곡리,37.523525,127.3890625
경기도 양평군 양서면 신원리,신원리,37.5323,127.3756
경기도 양평군 양서면 목왕리,목왕리,37.5610833,127.381275
경기도 양평군 양서면 부용리,부용리,37.5600947,127.3540115
경기도 양평군 양서면 용담리,용담리,37.544775,127.3375875
경기도 양평군 양서면 양수리,양수리,37.5469333,127.3187375
경기도 양평군 강하면,강하면,37.4949652,127.410467
경기도 양평군 강하면 전수리,전수리,37.4924346,127.4214
경기도 양평군 강하면 성덕리,성덕리,37.4615263,127.4210875
경기도 양평군 강하면 항금리,항금리,37.439035,127.402288
경기도 양평군 강하면 동오리,동오리,37.4593,127.3956
경기도 양평군 강하면 왕창리,왕창리,37.4776096,127.3977875
경기도 양평군 강하면 운심리,운심리,37.4923,127.3961
경기도 양평군 강상면,강상면,37.4772149,127.4854997
경기도 양평군 강상면 대석리,대석리,37.4279429,127.472725
경기도 양평군 강상면 세월리,세월리,37.4424,127.4859
경기도 양평군 강상면 화양리,화양리,37.4574,127.4855
경기도 양평군 강상면 신화리,신화리,37.4623179,127.4697625
경기도 양평군 강상면 교평리,교평리,37.4751,127.4887
경기도 양평군 강상면 송학리,송학리,37.4694929,127.463775
경기도 양평군 강상면 병산리,병산리,37.4913763,127.463375
경기도 양평군 양평읍,양평읍,37.4864179,127.493425
경기도 양평군 양평읍 창대리,창대리,37.4771312,127.5048946
경기도 양평군 양평읍 회현리,회현리,37.4613,127.5068
경기도 양평군 양평읍 원덕리,원덕리,37.4657027,127.5505865
경기도 양평군 양평읍 봉성리,봉성리,37.4757,127.5486
경기도 양평군 양평읍 대흥리,대흥리,37.4927,127.5421
경기도 양평군 양평읍 도곡리,도곡리,37.4855247,127.5218295
경기도 양평군 양평읍 백안리,백안리,37.5082,127.5253
경기도 양평군 양평읍 공흥리,공흥리,37.4985346,127.5070375
경기도 양평군 양평읍 덕평리,덕평리,37.5075417,127.4963125
경기도 양평군 양평읍 신애리,신애리,37.5207637,127.5056217
경기도 양평군 양평읍 오빈리,오빈리,37.5062,127.4688
경기도 양평군 양평읍 양근리,양근리,37.4938846,127.48565
경기도 가평군 북면,북면,37.8881125,127.5492489
경기도 가평군 북면 이곡리,이곡리,37.8794,127.5264
경기도 가평군 북면 제령리,제령리,37.8999,127.5235
경기도 가평군 북면 백둔리,백둔리,37.9071,127.4517
경기도 가평군 북면 적목리,적목리,38.0141812,127.4460629
경기도 가평군 북면 도대리,도대리,37.944085,127.4778
경기도 가평군 북면 화악리,화악리,37.9458722,127.5510897
경기도 가평군 북면 소법리,소법리,37.9112,127.5513
경기도 가평군 북면 목동리,목동리,37.9089,127.5935
경기도 가평군 조종면,조종면,37.8175455,127.3532466
경기도 가평군 조종면 운악리,운악리,37.8895,127.3411
경기도 가평군 조종면 대보리,대보리,37.8154199,127.3637018
경기도 가평군 조종면 마일리,마일리,37.847399,127.3922
경기도 가평군 조종면 신하리,신하리,37.8287098,127.3659137
경기도 가평군 조종면 상판리,상판리,37.9092,127.3876
경기도 가평군 조종면 신상리,신상리,37.8499,127.3439
경기도 가평군 조종면 현리,현리,37.8202,127.345175
경기도 가평군 상면,상면,37.804706,127.3568207
경기도 가평군 상면 원흥리,원흥리,37.8096781,127.3170302
경기도 가평군 상면 봉수리,봉수리,37.8515,127.3008
경기도 가평군 상면 율길리,율길리,37.8215177,127.2858967
경기도 가평군 상면 상동리,상동리,37.7879,127.3007
경기도 가평군 상면 태봉리,태봉리,37.8072167,127.3347962
경기도 가평군 상면 덕현리,덕현리,37.7550788,127.3933006
경기도 가평군 상면 임초리,임초리,37.7657271,127.3790017
경기도 가평군 상면 행현리,행현리,37.7609083,127.345725
경기도 가평군 상면 항사리,항사리,37.7912,127.385
경기도 가평군 상면 연하리,연하리,37.8039714,127.3575027
경기도 가평군 청평면,청평면,37.7405002,127.4241546
경기도 가평군 청평면 삼회리,삼회리,37.6879215,127.3982396
경기도 가평군 청평면 고성리,고성리,37.7188855,127.4869051
경기도 가평군 청평면 호명리,호명리,37.724776,127.4665194
경기도 가평군 청평면 대성리,대성리,37.7098,127.3758
경기도 가평군 청평면 하천리,하천리,37.7477225,127.4462082
경기도 가평군 청평면 상천리,상천리,37.7747604,127.4486822
경기도 가평군 청평면 청평리,청평리,37.7376,127.4186
경기도 가평군 설악면,설악면,37.676278,127.4947084
경기도 가평군 설악면 이천리,이천리,37.6585645,127.4455149
경기도 가평군 설악면 천안리,천안리,37.6404023,127.472065
경기도 가평군 설악면 방일리,방일리,37.6140787,127.4857792
경기도 가평군 설악면 가일리,가일리,37.5923836,127.4993261
경기도 가평군 설악면 묵안리,묵안리,37.5977163,127.5256548
경기도 가평군 설악면 설곡리,설곡리,37.6163667,127.5417418
경기도 가평군 설악면 엄소리,엄소리,37.6443862,127.4825827
경기도 가평군 설악면 창의리,창의리,37.662635,127.5083796
경기도 가평군 설악면 위곡리,위곡리,37.6609,127.5314
경기도 가평군 설악면 미사리,미사리,37.7060384,127.5506993
경기도 가평군 설악면 송산리,송산리,37.6936981,127.5285393
경기도 가평군 설악면 사룡리,사룡리,37.6955,127.4916
경기도 가평군 설악면 회곡리,회곡리,37.6957,127.4445
경기도 가평군 설악면 선촌리,선촌리,37.681616,127.504492
경기도 가평군 설악면 신천리,신천리,37.6695,127.4848
경기도 가평군 가평읍,가평읍,37.825151,127.5164545
경기도 가평군 가평읍 금대리,금대리,37.7625052,127.5244627
경기도 가평군 가평읍 복장리,복장리,37.7421076,127.5032028
경기도 가평군 가평읍 산유리,산유리,37.7510314,127.5065897
경기도 가평군 가평읍 이화리,이화리,37.7885,127.5079
경기도 가평군 가평읍 개곡리,개곡리,37.8687,127.5467
경기도 가평군 가평읍 마장리,마장리,37.8631,127.5094
경기도 가평군 가평읍 승안리,승안리,37.8681,127.4465
경기도 가평군 가평읍 경반리,경반리,37.8418,127.4484
경기도 가평군 가평읍 두밀리,두밀리,37.8224,127.4407
경기도 가평군 가평읍 상색리,상색리,37.7952,127.4796
경기도 가평군 가평읍 하색리,하색리,37.8095,127.4805
경기도 가평군 가평읍 달전리,달전리,37.8105,127.5204
경기도 가평군 가평읍 대곡리,대곡리,37.8232539,127.5043315
경기도 가평군 가평읍 읍내리,읍내리,37.839,127.5165
경기도 연천군 장남면,장남면,37.9817763,126.8842514
경기도 연천군 장남면 고랑포리,고랑포리,37.9867434,126.8315543
경기도 연천군 장남면 반정리,반정리,37.9683818,126.8223279
경기도 연천군 장남면 판부리,판부리,38.0125,126.8494
경기도 연천군 장남면 자작리,자작리,38.0012,126.8415
경기도 연천군 장남면 원당리,원당리,37.992,126.8841
경기도 연천군 중면,중면,38.1358253,127.0191022
경기도 연천군 중면 합수리,합수리,38.1493,127.0502
경기도 연천군 중면 중사리,중사리,38.157,126.9849
경기도 연천군 중면 횡산리,횡산리,38.122074,126.973175
경기도 연천군 중면 삼곶리,삼곶리,38.1378,127.0133
경기도 연천군 신서면,신서면,38.1828827,127.1070131
경기도 연천군 신서면 답곡리,답곡리,38.1854,127.0646
경기도 연천군 신서면 내산리,내산리,38.1554,127.1522
경기도 연천군 신서면 도신리,도신리,38.1643,127.1055
경기도 연천군 신서면 대광리,대광리,38.2071,127.1411
경기도 연천군 왕징면,왕징면,38.0585685,127.0127876
경기도 연천군 왕징면 고잔하리,고잔하리,38.1128,126.942
경기도 연천군 왕징면 동중리,동중리,38.0721083,126.952575
경기도 연천군 왕징면 강내리,강내리,38.1112654,127.0089
경기도 연천군 왕징면 북삼리,북삼리,38.0912,127.0001
경기도 연천군 왕징면 노동리,노동리,38.0694,126.982
경기도 연천군 왕징면 무등리,무등리,38.0657,127.0041
경기도 연천군 미산면,미산면,38.0474471,126.9929038
경기도 연천군 미산면 삼화리,삼화리,38.0145,126.9776
경기도 연천군 미산면 우정리,우정리,38.0431667,127.0094875
경기도 연천군 미산면 마전리,마전리,38.0311917,126.9879375
경기도 연천군 미산면 광동리,광동리,38.0500005,126.9510103
경기도 연천군 미산면 유촌리,유촌리,38.0489,126.991
경기도 연천군 미산면 백석리,백석리,38.0515,126.967725
경기도 연천군 미산면 아미리,아미리,38.0282,126.9535
경기도 연천군 미산면 동이리,동이리,38.018283,127.001263
경기도 연천군 백학면,백학면,38.0297793,126.9179497
경기도 연천군 백학면 석장리,석장리,38.0690225,126.9313116
경기도 연천군 백학면 두현리,두현리,38.029075,126.90845
경기도 연천군 백학면 구미리,구미리,38.0063,126.9583
경기도 연천군 백학면 학곡리,학곡리,37.993,126.948
경기도 연천군 백학면 노곡리,노곡리,38.0001,126.9314
경기도 연천군 백학면 전동리,전동리,38.0094,126.8898
경기도 연천군 백학면 통구리,통구리,38.0161,126.9244
경기도 연천군 백학면 백령리,백령리,38.0387667,126.905625
경기도 연천군 백학면 두일리,두일리,38.0324,126.9189
경기도 연천군 청산면,청산면,37.9818043,127.0676463
경기도 연천군 청산면 백의리,백의리,38.0195583,127.1275875
경기도 연천군 청산면 궁평리,궁평리,38.0269083,127.1076
경기도 연천군 청산면 장탄리,장탄리,38.036083,127.0894
경기도 연천군 청산면 대전리,대전리,37.9992,127.1054
경기도 연천군 청산면 초성리,초성리,37.9914346,127.079325
경기도 연천군 군남면,군남면,38.0851896,127.019074
경기도 연천군 군남면 남계리,남계리,38.0194,127.0253
경기도 연천군 군남면 황지리,황지리,38.0422,127.0415
경기도 연천군 군남면 선곡리,선곡리,38.0992,127.0358
경기도 연천군 군남면 왕림리,왕림리,38.060625,127.04965
경기도 연천군 군남면 삼거리,삼거리,38.0825,127.0323
경기도 연천군 군남면 옥계리,옥계리,38.1207943,127.0613224
경기도 연천군 군남면 진상리,진상리,38.0649,127.0212
경기도 연천군 전곡읍,전곡읍,38.0279611,127.0637104
경기도 연천군 전곡읍 늘목리,늘목리,37.9516596,126.988175
경기도 연천군 전곡읍 간파리,간파리,37.9505,127.0159
경기도 연천군 전곡읍 양원리,양원리,37.9809,127.0324
경기도 연천군 전곡읍 마포리,마포리,38.0035667,127.00415
경기도 연천군 전곡읍 고능리,고능리,38.0062083,127.0466647
경기도 연천군 전곡읍 신답리,신답리,38.0530994,127.1076311
경기도 연천군 전곡읍 은대리,은대리,38.0425,127.07
경기도 연천군 전곡읍 전곡리,전곡리,38.0217223,127.0673383
경기도 연천군 연천읍,연천읍,38.103889,127.0759041
경기도 연천군 연천읍 고문리,고문리,38.0738,127.1161
경기도 연천군 연천읍 통현리,통현리,38.0713,127.0811
경기도 연천군 연천읍 동막리,동막리,38.1043904,127.11605
경기도 연천군 연천읍 읍내리,읍내리,38.1016571,127.0629375
경기도 연천군 연천읍 옥산리,옥산리,38.1168,127.0892
경기도 연천군 연천읍 와초리,와초리,38.153832,127.078875
경기도 연천군 연천읍 상리,상리,38.1363154,127.069875
경기도 연천군 연천읍 현가리,현가리,38.1146,127.069
경기도 연천군 연천읍 차탄리,차탄리,38.0881987,127.0678625
경기도 여주시 오금동,오금동,37.334799,127.647938
경기도 여주시 현암동,현암동,37.31555,127.6331125
경기도 여주시 천송동,천송동,37.3052,127.662025
경기도 여주시 매룡동,매룡동,37.2829833,127.656425
경기도 여주시 연양동,연양동,37.2881583,127.6654375
경기도 여주시 멱곡동,멱곡동,37.2492846,127.66505
경기도 여주시 능현동,능현동,37.2637333,127.6564
경기도 여주시 점봉동,점봉동,37.2561167,127.6462625
경기도 여주시 삼교동,삼교동,37.2346596,127.6608875
경기도 여주시 하거동,하거동,37.2341096,127.630325
경기도 여주시 상거동,상거동,37.2442429,127.6277125
경기도 여주시 연라동,연라동,37.2570058,127.6114024
경기도 여주시 가업동,가업동,37.269025,127.6173375
경기도 여주시 월송동,월송동,37.2849,127.6084
경기도 여주시 교동,교동,37.2802583,127.630525
경기도 여주시 하동,하동,37.3024951,127.6191971
경기도 여주시 신진동,신진동,37.274025,127.6715875
경기도 여주시 단현동,단현동,37.2704167,127.67785
경기도 여주시 우만동,우만동,37.2537,127.679
경기도 여주시 창동,창동,37.294283,127.632525
경기도 여주시 홍문동,홍문동,37.2850662,127.6389892
경기도 여주시 상동,상동,37.2921,127.64695
경기도 여주시 오학동,오학동,37.3052875,127.6382353
경기도 여주시 중앙동,중앙동,37.2986942,127.6292618
경기도 여주시 여흥동,여흥동,37.295034,127.639867
경기도 여주시 산북면,산북면,37.4017403,127.4429935
경기도 여주시 산북면 용담리,용담리,37.4232429,127.4630625
경기도 여주시 산북면 백자리,백자리,37.4200013,127.4535625
경기도 여주시 산북면 주어리,주어리,37.4232596,127.423775
경기도 여주시 산북면 명품리,명품리,37.4295686,127.4312083
경기도 여주시 산북면 후리,후리,37.3986696,127.4532467
경기도 여주시 산북면 송현리,송현리,37.3801672,127.4508324
경기도 여주시 산북면 상품리,상품리,37.3983321,127.43005
경기도 여주시 강천면,강천면,37.272917,127.711488
경기도 여주시 강천면 도전리,도전리,37.346407,127.747063
경기도 여주시 강천면 부평리,부평리,37.248872,127.7397942
경기도 여주시 강천면 강천리,강천리,37.2430596,127.7210875
경기도 여주시 강천면 굴암리,굴암리,37.2405,127.7007
경기도 여주시 강천면 적금리,적금리,37.2528333,127.7087125
경기도 여주시 강천면 가야리,가야리,37.2681167,127.6956625
경기도 여주시 강천면 이호리,이호리,37.2894667,127.6893
경기도 여주시 강천면 걸은리,걸은리,37.299,127.7132
경기도 여주시 강천면 간매리,간매리,37.2752,127.7114
경기도 여주시 북내면,북내면,37.3293682,127.6789267
경기도 여주시 북내면 가정리,가정리,37.3016,127.684163
경기도 여주시 북내면 지내리,지내리,37.3152083,127.68975
경기도 여주시 북내면 신접리,신접리,37.3256,127.69205
경기도 여주시 북내면 운촌리,운촌리,37.3307833,127.7199375
경기도 여주시 북내면 중암리,중암리,37.3547404,127.711275
경기도 여주시 북내면 장암리,장암리,37.3487654,127.6899375
경기도 여주시 북내면 덕산리,덕산리,37.3592737,127.687975
경기도 여주시 북내면 석우리,석우리,37.381007,127.691013
경기도 여주시 북내면 서원리,서원리,37.39239,127.700063
경기도 여주시 북내면 주암리,주암리,37.4041048,127.6756888
경기도 여주시 북내면 상교리,상교리,37.390082,127.664988
경기도 여주시 북내면 내룡리,내룡리,37.3806821,127.67435
경기도 여주시 북내면 외룡리,외룡리,37.3628,127.6636
경기도 여주시 북내면 신남리,신남리,37.3234417,127.6647
경기도 여주시 북내면 당우리,당우리,37.3339,127.677
경기도 여주시 대신면,대신면,37.3750561,127.5865002
경기도 여주시 대신면 양촌리,양촌리,37.3727487,127.5590625
경기도 여주시 대신면 초현리,초현리,37.3747,127.5959
경기도 여주시 대신면 율촌리,율촌리,37.382482,127.586825
경기도 여주시 대신면 보통리,보통리,37.3827,127.5699
경기도 여주시 대신면 당남리,당남리,37.3900904,127.552675
경기도 여주시 대신면 천서리,천서리,37.4026,127.5526
경기도 여주시 대신면 송촌리,송촌리,37.4066741,127.576251
경기도 여주시 대신면 계림리,계림리,37.412407,127.593
경기도 여주시 대신면 도롱리,도롱리,37.3974,127.5902
경기도 여주시 대신면 무촌리,무촌리,37.3933321,127.604375
경기도 여주시 대신면 윤촌리,윤촌리,37.409915,127.605938
경기도 여주시 대신면 옥촌리,옥촌리,37.4018,127.6226
경기도 여주시 대신면 장풍리,장풍리,37.3857,127.6197
경기도 여주시 대신면 상구리,상구리,37.373599,127.628388
경기도 여주시 대신면 하림리,하림리,37.3607154,127.6392125
경기도 여주시 대신면 천남리,천남리,37.3339904,127.6265125
경기도 여주시 대신면 가산리,가산리,37.3498348,127.6205836
경기도 여주시 대신면 당산리,당산리,37.3591207,127.5855464
경기도 여주시 대신면 후포리,후포리,37.3614987,127.6108625
경기도 여주시 능서면,능서면,37.3002031,127.5734663
경기도 여주시 능서면 신지리,신지리,37.2896,127.5801
경기도 여주시 능서면 매류리,매류리,37.2798167,127.5673
경기도 여주시 능서면 오계리,오계리,37.2671,127.5927
경기도 여주시 능서면 광대리,광대리,37.2602333,127.5756375
경기도 여주시 능서면 마래리,마래리,37.2672667,127.5588375
경기도 여주시 능서면 양거리,양거리,37.2571,127.538475
경기도 여주시 능서면 매화리,매화리,37.2688,127.5414
경기도 여주시 능서면 용은리,용은리,37.2858,127.5452
경기도 여주시 능서면 내양리,내양리,37.3468654,127.5733625
경기도 여주시 능서면 백석리,백석리,37.337999,127.595125
경기도 여주시 능서면 왕대리,왕대리,37.3095917,127.6067375
경기도 여주시 능서면 구양리,구양리,37.3141,127.5811
경기도 여주시 능서면 번도리,번도리,37.3019,127.5846
경기도 여주시 금사면,금사면,37.3925737,127.53335
경기도 여주시 금사면 외평리,외평리,37.4076987,127.5272625
경기도 여주시 금사면 금사리,금사리,37.4180346,127.5209625
경기도 여주시 금사면 하호리,하호리,37.4006,127.5059
경기도 여주시 금사면 상호리,상호리,37.407382,127.4717656
경기도 여주시 금사면 소유리,소유리,37.4201096,127.493525
경기도 여주시 금사면 전북리,전북리,37.4298346,127.5117875
경기도 여주시 금사면 주록리,주록리,37.3693,127.4665
경기도 여주시 금사면 장흥리,장흥리,37.3901,127.4814
경기도 여주시 금사면 도곡리,도곡리,37.3819487,127.4964125
경기도 여주시 금사면 궁리,궁리,37.3870295,127.5211456
경기도 여주시 금사면 이포리,이포리,37.3932,127.5325
경기도 여주시 흥천면,흥천면,37.3331632,127.5416939
경기도 여주시 흥천면 신근리,신근리,37.3100833,127.5579625
경기도 여주시 흥천면 대당리,대당리,37.3207083,127.5387125
경기도 여주시 흥천면 효지리,효지리,37.3323,127.5481
경기도 여주시 흥천면 율극리,율극리,37.3333,127.5659
경기도 여주시 흥천면 귀백리,귀백리,37.3425,127.5528
경기도 여주시 흥천면 상백리,상백리,37.3606821,127.5563625
경기도 여주시 흥천면 하다리,하다리,37.3461154,127.53305
경기도 여주시 흥천면 다대리,다대리,37.3403654,127.5215375
경기도 여주시 흥천면 상대리,상대리,37.3469821,127.5087
경기도 여주시 흥천면 외사리,외사리,37.3538,127.492
경기도 여주시 흥천면 내사리,내사리,37.3637571,127.4898625
경기도 여주시 흥천면 문장리,문장리,37.365,127.5133
경기도 여주시 흥천면 계신리,계신리,37.3792404,127.5312125
경기도 여주시 흥천면 복대리,복대리,37.3588237,127.530575
경기도 여주시 점동면,점동면,37.206085,127.662538
경기도 여주시 점동면 처리,처리,37.2214,127.6687
경기도 여주시 점동면 흔암리,흔암리,37.2378096,127.67805
경기도 여주시 점동면 도리,도리,37.2208679,127.708975
경기도 여주시 점동면 삼합리,삼합리,37.2081263,127.7325
경기도 여주시 점동면 장안리,장안리,37.2021,127.7097
경기도 여주시 점동면 사곡리,사곡리,37.203701,127.685225
경기도 여주시 점동면 현수리,현수리,37.1905513,127.6965625
경기도 여주시 점동면 당진리,당진리,37.1755596,127.68685
경기도 여주시 점동면 성신리,성신리,37.1691429,127.67475
경기도 여주시 점동면 뇌곡리,뇌곡리,37.1620071,127.6660875
경기도 여주시 점동면 관한리,관한리,37.1488987,127.66725
경기도 여주시 점동면 원부리,원부리,37.1586487,127.633175
경기도 여주시 점동면 덕평리,덕평리,37.1778179,127.6565875
경기도 여주시 점동면 부구리,부구리,37.1930013,127.6748
경기도 여주시 점동면 청안리,청안리,37.2029346,127.6582375
경기도 여주시 가남읍,가남읍,37.2018731,127.5451758
경기도 여주시 가남읍 삼승리,삼승리,37.1712513,127.6287875
경기도 여주시 가남읍 송림리,송림리,37.1849596,127.6346
경기도 여주시 가남읍 금곡리,금곡리,37.1996096,127.635625
경기도 여주시 가남읍 금당리,금당리,37.2072,127.6139
경기도 여주시 가남읍 연대리,연대리,37.1877096,127.6102875
경기도 여주시 가남읍 양귀리,양귀리,37.2057,127.5851
경기도 여주시 가남읍 안금리,안금리,37.2261679,127.6037125
경기도 여주시 가남읍 하귀리,하귀리,37.2240096,127.5748375
경기도 여주시 가남읍 본두리,본두리,37.2370596,127.583
경기도 여주시 가남읍 화평리,화평리,37.2448763,127.567
경기도 여주시 가남읍 정단리,정단리,37.2459513,127.5540375
경기도 여주시 가남읍 오산리,오산리,37.2376,127.5608
경기도 여주시 가남읍 삼군리,삼군리,37.2209179,127.5622875
경기도 여주시 가남읍 심석리,심석리,37.199,127.5621
경기도 여주시 가남읍 건장리,건장리,37.1951596,127.5490875
경기도 여주시 가남읍 은봉리,은봉리,37.1792096,127.5517625
경기도 여주시 가남읍 대신리,대신리,37.1851013,127.5291
경기도 여주시 가남읍 신해리,신해리,37.2225,127.5433
경기도 여주시 가남읍 상활리,상활리,37.2371,127.5314
경기도 여주시 가남읍 태평리,태평리,37.2064,127.5413
경기도 포천시 동교동,동교동,37.85,127.1275
경기도 포천시 설운동,설운동,37.8585,127.1432
경기도 포천시 자작동,자작동,37.8778,127.1671
경기도 포천시 어룡동,어룡동,37.8848,127.1819
경기도 포천시 신읍동,신읍동,37.895056,127.2003826
경기도 포천시 선단동,선단동,37.8542533,127.1591331
경기도 포천시 포천동,포천동,37.898307,127.199975
경기도 포천시 화현면,화현면,37.9012334,127.2881052
경기도 포천시 화현면 지현리,지현리,37.9197513,127.2633125
경기도 포천시 화현면 명덕리,명덕리,37.8776904,127.2777375
경기도 포천시 화현면 화현리,화현리,37.8943,127.3075
경기도 포천시 관인면,관인면,38.1577479,127.2511782
경기도 포천시 관인면 사정리,사정리,38.1194821,127.25025
경기도 포천시 관인면 냉정리,냉정리,38.1537487,127.27525
경기도 포천시 관인면 탄동리,탄동리,38.1610071,127.2605625
경기도 포천시 관인면 초과리,초과리,38.1431321,127.237325
경기도 포천시 관인면 삼율리,삼율리,38.1450487,127.1936875
경기도 포천시 관인면 중리,중리,38.1010071,127.205225
경기도 포천시 영북면,영북면,38.0891474,127.2755059
경기도 포천시 영북면 소회산리,소회산리,38.0834,127.2467
경기도 포천시 영북면 대회산리,대회산리,38.071325,127.2260875
경기도 포천시 영북면 문암리,문암리,38.0779583,127.2658625
경기도 포천시 영북면 야미리,야미리,38.0509871,127.2682256
경기도 포천시 영북면 산정리,산정리,38.0638,127.3215
경기도 포천시 영북면 자일리,자일리,38.1081404,127.289725
경기도 포천시 영북면 운천리,운천리,38.0820333,127.2861375
경기도 포천시 이동면,이동면,38.0306785,127.3675296
경기도 포천시 이동면 노곡리,노곡리,38.0218,127.334
경기도 포천시 이동면 연곡리,연곡리,38.0044,127.382
경기도 포천시 이동면 도평리,도평리,38.0736917,127.4008625
경기도 포천시 이동면 장암리,장암리,38.0392,127.3687
경기도 포천시 일동면,일동면,37.9612463,127.3173123
경기도 포천시 일동면 수입리,수입리,37.9952013,127.3015
경기도 포천시 일동면 사직리,사직리,37.9856679,127.355025
경기도 포천시 일동면 화대리,화대리,37.9644513,127.3472625
경기도 포천시 일동면 기산리,기산리,37.9453,127.3207
경기도 포천시 일동면 유동리,유동리,37.930134,127.3117099
경기도 포천시 일동면 길명리,길명리,37.9365929,127.2790625
경기도 포천시 영중면,영중면,38.0055759,127.245215
경기도 포천시 영중면 영송리,영송리,38.0148667,127.224975
경기도 포천시 영중면 영평리,영평리,38.030375,127.2203
경기도 포천시 영중면 성동리,성동리,38.024625,127.266075
경기도 포천시 영중면 거사리,거사리,37.9875096,127.2316625
경기도 포천시 영중면 금주리,금주리,37.9730263,127.274375
경기도 포천시 영중면 양문리,양문리,38.0003,127.2597
경기도 포천시 창수면,창수면,37.9916814,127.1890604
경기도 포천시 창수면 운산리,운산리,38.0553,127.208525
경기도 포천시 창수면 고소성리,고소성리,38.032325,127.147788
경기도 포천시 창수면 오가리,오가리,38.0265667,127.186175
경기도 포천시 창수면 가양리,가양리,37.9756929,127.2068875
경기도 포천시 창수면 주원리,주원리,38.0057417,127.1770125
경기도 포천시 창수면 추동리,추동리,37.9866679,127.169075
경기도 포천시 신북면,신북면,37.9339599,127.2265365
경기도 포천시 신북면 덕둔리,덕둔리,37.9697179,127.1105625
경기도 포천시 신북면 금동리,금동리,37.9331,127.1309
경기도 포천시 신북면 갈월리,갈월리,37.9463985,127.1482941
경기도 포천시 신북면 삼정리,삼정리,37.9705013,127.1423125
경기도 포천시 신북면 삼성당리,삼성당리,37.9596679,127.2058
경기도 포천시 신북면 고일리,고일리,37.9711524,127.172497
경기도 포천시 신북면 계류리,계류리,37.9499513,127.176325
경기도 포천시 신북면 심곡리,심곡리,37.9207,127.1725
경기도 포천시 신북면 만세교리,만세교리,37.9579013,127.2455375
경기도 포천시 신북면 신평리,신평리,37.9414876,127.2178489
경기도 포천시 신북면 기지리,기지리,37.9300013,127.2387189
경기도 포천시 신북면 가채리,가채리,37.9174,127.2037
경기도 포천시 가산면,가산면,37.8487077,127.186376
경기도 포천시 가산면 마전리,마전리,37.8472321,127.220075
경기도 포천시 가산면 우금리,우금리,37.8262,127.2257
경기도 포천시 가산면 금현리,금현리,37.8219,127.1962625
경기도 포천시 가산면 정교리,정교리,37.8165583,127.1770625
경기도 포천시 가산면 가산리,가산리,37.8292,127.1735
경기도 포천시 가산면 방축리,방축리,37.8409237,127.16855
경기도 포천시 가산면 감암리,감암리,37.8595571,127.1871125
경기도 포천시 가산면 마산리,마산리,37.8500071,127.1777
경기도 포천시 내촌면,내촌면,37.786225,127.22855
경기도 포천시 내촌면 신팔리,신팔리,37.8402737,127.2660625
경기도 포천시 내촌면 소학리,소학리,37.812625,127.25645
경기도 포천시 내촌면 내리,내리,37.791525,127.2307125
경기도 포천시 내촌면 음현리,음현리,37.7684,127.2352
경기도 포천시 내촌면 마명리,마명리,37.7765,127.1975
경기도 포천시 내촌면 진목리,진목리,37.8017667,127.209775
경기도 포천시 군내면,군내면,37.8890018,127.2179698
경기도 포천시 군내면 하성북리,하성북리,37.904,127.219
경기도 포천시 군내면 상성북리,상성북리,37.8909821,127.237475
경기도 포천시 군내면 직두리,직두리,37.8651154,127.2514875
경기도 포천시 군내면 명산리,명산리,37.8600321,127.2293375
경기도 포천시 군내면 좌의리,좌의리,37.8618,127.2127
경기도 포천시 군내면 유교리,유교리,37.8643,127.2013
경기도 포천시 군내면 용정리,용정리,37.8784904,127.204975
경기도 포천시 군내면 구읍리,구읍리,37.8855571,127.220725
경기도 포천시 소흘읍,소흘읍,37.8233306,127.1387637
경기도 포천시 소흘읍 무봉리,무봉리,37.8005,127.1402
경기도 포천시 소흘읍 초가팔리,초가팔리,37.8138417,127.15385
경기도 포천시 소흘읍 이가팔리,이가팔리,37.8239333,127.1573375
경기도 포천시 소흘읍 고모리,고모리,37.800225,127.1711625
경기도 포천시 소흘읍 직동리,직동리,37.7676638,127.1697534
경기도 포천시 소흘읍 이곡리,이곡리,37.7724,127.1505
경기도 포천시 소흘읍 무림리,무림리,37.7734083,127.1343625
경기도 포천시 소흘읍 이동교리,이동교리,37.799,127.124
경기도 포천시 소흘읍 송우리,송우리,37.8310833,127.1357125
경기도 양주시 회정동,회정동,37.8398,127.0506
경기도 양주시 덕계동,덕계동,37.818783,127.044113
경기도 양주시 고암동,고암동,37.8254,127.0688
경기도 양주시 옥정동,옥정동,37.8217,127.085838
경기도 양주시 율정동,율정동,37.8268,127.1085
경기도 양주시 회암동,회암동,37.85,127.1029
경기도 양주시 봉양동,봉양동,37.8596,127.0777
경기도 양주시 덕정동,덕정동,37.8451,127.0668
경기도 양주시 고읍동,고읍동,37.8055,127.076
경기도 양주시 삼숭동,삼숭동,37.8022,127.1015
경기도 양주시 만송동,만송동,37.788382,127.0953498
경기도 양주시 광사동,광사동,37.7834,127.0729
경기도 양주시 산북동,산북동,37.8029,127.038
경기도 양주시 마전동,마전동,37.7755,127.055088
경기도 양주시 남방동,남방동,37.7752,127.0374
경기도 양주시 어둔동,어둔동,37.7744,127.0122
경기도 양주시 유양동,유양동,37.7898,127.0266
경기도 양주시 회천4동,회천4동,37.8371663,127.0902153
경기도 양주시 회천3동,회천3동,37.8377866,127.0689798
경기도 양주시 회천2동,회천2동,37.8216048,127.0466905
경기도 양주시 회천1동,회천1동,37.8441526,127.0661049
경기도 양주시 양주2동,양주2동,37.7969422,127.0803634
경기도 양주시 양주1동,양주1동,37.7732673,127.0437813
경기도 양주시 장흥면,장흥면,37.7179271,126.9410814
경기도 양주시 장흥면 삼하리,삼하리,37.6795929,126.9279125
경기도 양주시 장흥면 삼상리,삼상리,37.7008429,126.9365
경기도 양주시 장흥면 일영리,일영리,37.7197013,126.9404375
경기도 양주시 장흥면 석현리,석현리,37.7477596,126.950525
경기도 양주시 장흥면 부곡리,부곡리,37.7327346,126.9750875
경기도 양주시 장흥면 울대리,울대리,37.7191096,126.9945875
경기도 양주시 장흥면 교현리,교현리,37.7012763,126.97815
경기도 양주시 광적면,광적면,37.8246394,126.9836434
경기도 양주시 광적면 석우리,석우리,37.8345904,126.9784
경기도 양주시 광적면 덕도리,덕도리,37.8517404,126.9627
경기도 양주시 광적면 효촌리,효촌리,37.8661237,126.95425
경기도 양주시 광적면 비암리,비암리,37.8133333,126.9267375
경기도 양주시 광적면 우고리,우고리,37.82665,126.9459
경기도 양주시 광적면 광석리,광석리,37.8235583,126.97665
경기도 양주시 광적면 가납리,가납리,37.8262083,126.997425
경기도 양주시 남면,남면,37.8981154,126.976675
경기도 양주시 남면 황방리,황방리,37.9271983,126.9876748
경기도 양주시 남면 한산리,한산리,37.9063154,126.99235
경기도 양주시 남면 입암리,입암리,37.8871987,126.9942
경기도 양주시 남면 상수리,상수리,37.8690987,126.9927
경기도 양주시 남면 경신리,경신리,37.8568654,126.9840875
경기도 양주시 남면 두곡리,두곡리,37.8680737,126.9656875
경기도 양주시 남면 구암리,구암리,37.8814321,126.970525
경기도 양주시 남면 매곡리,매곡리,37.8941321,126.957275
경기도 양주시 남면 신암리,신암리,37.9181,126.9624
경기도 양주시 남면 신산리,신산리,37.8976232,126.9758528
경기도 양주시 은현면,은현면,37.874999,127.024525
경기도 양주시 은현면 도하리,도하리,37.8501654,127.008025
경기도 양주시 은현면 하패리,하패리,37.8865987,127.031025
경기도 양주시 은현면 봉암리,봉암리,37.9122071,127.0051
경기도 양주시 은현면 운암리,운암리,37.8778487,127.01055
경기도 양주시 은현면 선암리,선암리,37.8665154,127.0269625
경기도 양주시 은현면 용암리,용암리,37.8525237,127.038675
경기도 양주시 백석읍,백석읍,37.7950756,126.9855156
경기도 양주시 백석읍 기산리,기산리,37.7717,126.9547
경기도 양주시 백석읍 연곡리,연곡리,37.8164313,126.9553472
경기도 양주시 백석읍 홍죽리,홍죽리,37.7952917,126.9561125
경기도 양주시 백석읍 가업리,가업리,37.7881,126.9741
경기도 양주시 백석읍 복지리,복지리,37.7691,126.9867
경기도 양주시 백석읍 오산리,오산리,37.8038333,126.9803375
경기도 양주시 백석읍 방성리,방성리,37.8019083,127.002825
경기도 광주시 목동,목동,37.3817,127.1989
경기도 광주시 역동,역동,37.400024,127.251488
경기도 광주시 장지동,장지동,37.3964,127.2408
경기도 광주시 태전동,태전동,37.389299,127.219613
경기도 광주시 직동,직동,37.4015,127.1894
경기도 광주시 중대동,중대동,37.406,127.2131
경기도 광주시 삼동,삼동,37.415099,127.198013
경기도 광주시 목현동,목현동,37.4325763,127.2161
경기도 광주시 탄벌동,탄벌동,37.4182,127.2365
경기도 광주시 회덕동,회덕동,37.4407,127.2436
경기도 광주시 쌍령동,쌍령동,37.402682,127.272325
경기도 광주시 광남동,광남동,37.3920163,127.2296807
경기도 광주시 송정동,송정동,37.4259142,127.2582035
경기도 광주시 경안동,경안동,37.4109356,127.2573375
경기도 광주시 남한산성면,남한산성면,37.4633008,127.2446289
경기도 광주시 남한산성면 검복리,검복리,37.469,127.1966
경기도 광주시 남한산성면 불당리,불당리,37.4531,127.2062
경기도 광주시 남한산성면 오전리,오전리,37.4543,127.2296
경기도 광주시 남한산성면 하번천리,하번천리,37.4395,127.2848
경기도 광주시 남한산성면 상번천리,상번천리,37.4427517,127.2677997
경기도 광주시 남한산성면 광지원리,광지원리,37.4598,127.2496
경기도 광주시 남한산성면 엄미리,엄미리,37.4752013,127.232375
경기도 광주시 남한산성면 산성리,산성리,37.4790682,127.1915233
경기도 광주시 남종면,남종면,37.4941759,127.3017421
경기도 광주시 남종면 수청리,수청리,37.505717,127.368875
경기도 광주시 남종면 검천리,검천리,37.523,127.3484
경기도 광주시 남종면 귀여리,귀여리,37.5046,127.331425
경기도 광주시 남종면 삼성리,삼성리,37.4838,127.2774
경기도 광주시 남종면 이석리,이석리,37.503075,127.2703
경기도 광주시 남종면 금사리,금사리,37.4866,127.3152
경기도 광주시 남종면 분원리,분원리,37.4980177,127.3031661
경기도 광주시 퇴촌면,퇴촌면,37.4667131,127.3070798
경기도 광주시 퇴촌면 정지리,정지리,37.4517,127.3091
경기도 광주시 퇴촌면 원당리,원당리,37.4375,127.3236
경기도 광주시 퇴촌면 무수리,무수리,37.4554,127.2908
경기도 광주시 퇴촌면 도마리,도마리,37.4673,127.2782
경기도 광주시 퇴촌면 오리,오리,37.4786,127.3031
경기도 광주시 퇴촌면 도수리,도수리,37.4753,127.3346
경기도 광주시 퇴촌면 영동리,영동리,37.4738,127.3754
경기도 광주시 퇴촌면 우산리,우산리,37.4248,127.3731
경기도 광주시 퇴촌면 관음리,관음리,37.4491393,127.3516611
경기도 광주시 퇴촌면 광동리,광동리,37.4632444,127.3091531
경기도 광주시 도척면,도척면,37.3045486,127.3311821
경기도 광주시 도척면 진우리,진우리,37.3207763,127.3440703
경기도 광주시 도척면 궁평리,궁평리,37.3299123,127.3161242
경기도 광주시 도척면 도웅리,도웅리,37.3318145,127.301787
경기도 광주시 도척면 상림리,상림리,37.31,127.3016
경기도 광주시 도척면 추곡리,추곡리,37.2807,127.2936
경기도 광주시 도척면 방도리,방도리,37.27975,127.3265
경기도 광주시 도척면 유정리,유정리,37.2926,127.3176
경기도 광주시 도척면 노곡리,노곡리,37.3027,127.3388
경기도 광주시 곤지암읍,곤지암읍,37.3510136,127.3523376
경기도 광주시 곤지암읍 삼리,삼리,37.3516,127.3203
경기도 광주시 곤지암읍 신대리,신대리,37.3619,127.3377
경기도 광주시 곤지암읍 열미리,열미리,37.3690127,127.3537078
경기도 광주시 곤지암읍 오향리,오향리,37.3712629,127.3762639
경기도 광주시 곤지암읍 연곡리,연곡리,37.3712,127.3915
경기도 광주시 곤지암읍 장심리,장심리,37.3888,127.3869
경기도 광주시 곤지암읍 건업리,건업리,37.3944,127.4042
경기도 광주시 곤지암읍 삼합리,삼합리,37.3772,127.4349
경기도 광주시 곤지암읍 유사리,유사리,37.3732,127.4178
경기도 광주시 곤지암읍 만선리,만선리,37.3649,127.4069
경기도 광주시 곤지암읍 이선리,이선리,37.3552,127.425
경기도 광주시 곤지암읍 부항리,부항리,37.3549,127.3987
경기도 광주시 곤지암읍 봉현리,봉현리,37.341899,127.401625
경기도 광주시 곤지암읍 신촌리,신촌리,37.3275,127.3943
경기도 광주시 곤지암읍 수양리,수양리,37.3293956,127.3725817
경기도 광주시 곤지암읍 곤지암리,곤지암리,37.3412861,127.3516533
경기도 광주시 초월읍,초월읍,37.3852152,127.2879693
경기도 광주시 초월읍 도평리,도평리,37.4011978,127.295647
경기도 광주시 초월읍 서하리,서하리,37.4361,127.3048
경기도 광주시 초월읍 무갑리,무갑리,37.4283022,127.3348157
경기도 광주시 초월읍 지월리,지월리,37.4161,127.2879
경기도 광주시 초월읍 신월리,신월리,37.4015423,127.3199801
경기도 광주시 초월읍 용수리,용수리,37.3826611,127.3104135
경기도 광주시 초월읍 선동리,선동리,37.3809407,127.3204885
경기도 광주시 초월읍 학동리,학동리,37.3866573,127.34161
경기도 광주시 초월읍 늑현리,늑현리,37.3669,127.321
경기도 광주시 초월읍 산이리,산이리,37.3564286,127.3013988
경기도 광주시 초월읍 쌍동리,쌍동리,37.3686,127.2929
경기도 광주시 초월읍 대쌍령리,대쌍령리,37.3893281,127.2778616
경기도 광주시 오포읍,오포읍,37.3663057,127.2285341
경기도 광주시 오포읍 양벌리,양벌리,37.3833099,127.2605766
경기도 광주시 오포읍 매산리,매산리,37.3561569,127.2621642
경기도 광주시 오포읍 추자리,추자리,37.3623,127.2238
경기도 광주시 오포읍 문형리,문형리,37.3494,127.2065
경기도 광주시 오포읍 능평리,능평리,37.3515265,127.1558346
경기도 광주시 오포읍 신현리,신현리,37.3631358,127.1701768
경기도 광주시 오포읍 고산리,고산리,37.3742,127.2234
경기도 화성시 금곡동,금곡동,37.1761,127.0783
경기도 화성시 방교동,방교동,37.1772259,127.0894486
경기도 화성시 송동,송동,37.1658404,127.0933625
경기도 화성시 장지동,장지동,37.1538,127.1138
경기도 화성시 산척동,산척동,37.1703813,127.1099997
경기도 화성시 목동,목동,37.1874,127.1244
경기도 화성시 신동,신동,37.1827804,127.1416959
경기도 화성시 중동,중동,37.207001,127.131688
경기도 화성시 영천동,영천동,37.2123,127.0979
경기도 화성시 청계동,청계동,37.1968762,127.109616
경기도 화성시 오산동,오산동,37.192201,127.097913
경기도 화성시 석우동,석우동,37.2095,127.0766
경기도 화성시 반송동,반송동,37.1974492,127.0715009
경기도 화성시 안녕동,안녕동,37.201501,127.004175
경기도 화성시 송산동,송산동,37.212,127.0122
경기도 화성시 기안동,기안동,37.2236263,126.9807375
경기도 화성시 배양동,배양동,37.2226,126.9966
경기도 화성시 황계동,황계동,37.2207,127.0144
경기도 화성시 반정동,반정동,37.232443,127.037837
경기도 화성시 기산동,기산동,37.221726,127.046038
경기도 화성시 능동,능동,37.2089429,127.060275
경기도 화성시 병점동,병점동,37.2069179,127.0373493
경기도 화성시 동탄6동,동탄6동,37.1914638,127.0901756
경기도 화성시 동탄5동,동탄5동,37.2103056,127.1038915
경기도 화성시 동탄4동,동탄4동,37.1996446,127.1123359
경기도 화성시 동탄3동,동탄3동,37.2099256,127.0587935
경기도 화성시 동탄2동,동탄2동,37.1970197,127.0722299
경기도 화성시 동탄1동,동탄1동,37.2064558,127.0719767
경기도 화성시 화산동,화산동,37.2061596,127.0148595
경기도 화성시 기배동,기배동,37.2243085,126.9846043
경기도 화성시 반월동,반월동,37.2331611,127.0605637
경기도 화성시 병점2동,병점2동,37.2114714,127.0430122
경기도 화성시 병점1동,병점1동,37.2069179,127.0373493
경기도 화성시 진안동,진안동,37.2133419,127.0349528
경기도 화성시 새솔동,새솔동,37.2812953,126.818772
경기도 화성시 정남면,정남면,37.1605049,126.9711531
경기도 화성시 정남면 용수리,용수리,37.1672679,127.0006875
경기도 화성시 정남면 고지리,고지리,37.1632821,127.008875
경기도 화성시 정남면 금복리,금복리,37.1567154,127.002575
경기도 화성시 정남면 내리,내리,37.1610994,127.0192017
경기도 화성시 정남면 수면리,수면리,37.1566543,127.0240138
경기도 화성시 정남면 망월리,망월리,37.1485654,127.0069375
경기도 화성시 정남면 음양리,음양리,37.1460457,127.0222323
경기도 화성시 정남면 덕절리,덕절리,37.1372484,127.0251979
경기도 화성시 정남면 제기리,제기리,37.1356321,127.0106125
경기도 화성시 정남면 귀래리,귀래리,37.1342,126.9942
경기도 화성시 정남면 계향리,계향리,37.1484237,126.9881125
경기도 화성시 정남면 신리,신리,37.1632404,126.9762625
경기도 화성시 정남면 문학리,문학리,37.1512654,126.95865
경기도 화성시 정남면 백리,백리,37.163465,126.954588
경기도 화성시 정남면 오일리,오일리,37.170776,126.964063
경기도 화성시 정남면 관항리,관항리,37.178776,126.972287
경기도 화성시 정남면 보통리,보통리,37.192768,126.965163
경기도 화성시 정남면 괘랑리,괘랑리,37.17801,126.98305
경기도 화성시 정남면 발산리,발산리,37.16404,126.987188
경기도 화성시 양감면,양감면,37.08167,126.9454845
경기도 화성시 양감면 대양리,대양리,37.090574,126.93115
경기도 화성시 양감면 요당리,요당리,37.075775,126.91735
경기도 화성시 양감면 용소리,용소리,37.078025,126.97815
경기도 화성시 양감면 송산리,송산리,37.1107737,126.985675
경기도 화성시 양감면 정문리,정문리,37.0929737,126.9887875
경기도 화성시 양감면 사창리,사창리,37.0975071,126.96685
경기도 화성시 양감면 신왕리,신왕리,37.073392,126.950388
경기도 화성시 장안면,장안면,37.0798333,126.8313488
경기도 화성시 장안면 노진리,노진리,37.0368,126.819712
경기도 화성시 장안면 사곡리,사곡리,37.064708,126.813213
경기도 화성시 장안면 금의리,금의리,37.1073571,126.8245875
경기도 화성시 장안면 사랑리,사랑리,37.0794569,126.8204216
경기도 화성시 장안면 덕다리,덕다리,37.0534667,126.837525
경기도 화성시 장안면 장안리,장안리,37.0385583,126.847275
경기도 화성시 장안면 독정리,독정리,37.069183,126.864263
경기도 화성시 장안면 수촌리,수촌리,37.0979571,126.85925
경기도 화성시 장안면 석포리,석포리,37.1324821,126.831075
경기도 화성시 장안면 어은리,어은리,37.091965,126.845438
경기도 화성시 팔탄면,팔탄면,37.1622128,126.9047991
경기도 화성시 팔탄면 해창리,해창리,37.1037,126.8787
경기도 화성시 팔탄면 매곡리,매곡리,37.1180987,126.886325
경기도 화성시 팔탄면 고주리,고주리,37.1332821,126.882325
경기도 화성시 팔탄면 화당리,화당리,37.1124667,126.8713673
경기도 화성시 팔탄면 월문리,월문리,37.120474,126.872013
경기도 화성시 팔탄면 서근리,서근리,37.1315071,126.8486875
경기도 화성시 팔탄면 덕우리,덕우리,37.1351904,126.8621625
경기도 화성시 팔탄면 지월리,지월리,37.1456321,126.88945
경기도 화성시 팔탄면 덕천리,덕천리,37.146174,126.8748
경기도 화성시 팔탄면 노하리,노하리,37.155474,126.852925
경기도 화성시 팔탄면 율암리,율암리,37.151307,126.882488
경기도 화성시 팔탄면 구장리,구장리,37.163174,126.894338
경기도 화성시 팔탄면 가재리,가재리,37.1563904,126.92465
경기도 화성시 팔탄면 기천리,기천리,37.1802,126.9088
경기도 화성시 팔탄면 창곡리,창곡리,37.185876,126.88795
경기도 화성시 팔탄면 하저리,하저리,37.189018,126.865625
경기도 화성시 서신면,서신면,37.1666435,126.708788
경기도 화성시 서신면 백미리,백미리,37.140865,126.6819
경기도 화성시 서신면 궁평리,궁평리,37.1287404,126.6939875
경기도 화성시 서신면 용두리,용두리,37.1485821,126.709675
경기도 화성시 서신면 매화리,매화리,37.1650654,126.7005875
경기도 화성시 서신면 사곳리,사곳리,37.1544404,126.7269875
경기도 화성시 서신면 홍법리,홍법리,37.171243,126.72045
경기도 화성시 서신면 제부리,제부리,37.173035,126.626088
경기도 화성시 서신면 송교리,송교리,37.1651737,126.666625
경기도 화성시 서신면 장외리,장외리,37.1750596,126.6806625
경기도 화성시 서신면 광평리,광평리,37.179368,126.694075
경기도 화성시 서신면 상안리,상안리,37.1845513,126.7071125
경기도 화성시 서신면 전곡리,전곡리,37.199226,126.683938
경기도 화성시 송산면,송산면,37.217818,126.739138
경기도 화성시 송산면 칠곡리,칠곡리,37.2020346,126.711825
경기도 화성시 송산면 육일리,육일리,37.2103013,126.7214625
경기도 화성시 송산면 중송리,중송리,37.2173013,126.7031375
경기도 화성시 송산면 지화리,지화리,37.211251,126.6709
경기도 화성시 송산면 고포리,고포리,37.237526,126.66765
경기도 화성시 송산면 마산리,마산리,37.2305096,126.6981375
경기도 화성시 송산면 독지리,독지리,37.2521323,126.6941725
경기도 화성시 송산면 신천리,신천리,37.2493096,126.721
경기도 화성시 송산면 천등리,천등리,37.2333263,126.7053125
경기도 화성시 송산면 쌍정리,쌍정리,37.234776,126.720788
경기도 화성시 송산면 고정리,고정리,37.245726,126.741938
경기도 화성시 송산면 용포리,용포리,37.2304429,126.7529
경기도 화성시 송산면 삼존리,삼존리,37.2171513,126.752375
경기도 화성시 송산면 봉가리,봉가리,37.208985,126.737
경기도 화성시 송산면 사강리,사강리,37.2207429,126.72625
경기도 화성시 마도면,마도면,37.2055104,126.7696337
경기도 화성시 마도면 고모리,고모리,37.172068,126.737563
경기도 화성시 마도면 금당리,금당리,37.1844346,126.74725
경기도 화성시 마도면 백곡리,백곡리,37.180218,126.731425
경기도 화성시 마도면 해문리,해문리,37.1972846,126.746675
경기도 화성시 마도면 슬항리,슬항리,37.2015845,126.7565428
경기도 화성시 마도면 청원리,청원리,37.1862679,126.7629
경기도 화성시 마도면 쌍송리,쌍송리,37.1856263,126.7824
경기도 화성시 마도면 송정리,송정리,37.214926,126.796838
경기도 화성시 마도면 두곡리,두곡리,37.2083346,126.7837875
경기도 화성시 마도면 석교리,석교리,37.200476,126.77925
경기도 화성시 비봉면,비봉면,37.2351735,126.8735818
경기도 화성시 비봉면 자안리,자안리,37.2069,126.8761
경기도 화성시 비봉면 청요리,청요리,37.203835,126.894263
경기도 화성시 비봉면 쌍학리,쌍학리,37.237418,126.904075
경기도 화성시 비봉면 구포리,구포리,37.2469763,126.880875
경기도 화성시 비봉면 삼화리,삼화리,37.2539333,126.8638625
경기도 화성시 비봉면 유포리,유포리,37.2594917,126.841575
경기도 화성시 비봉면 남전리,남전리,37.238351,126.844313
경기도 화성시 비봉면 양노리,양노리,37.224635,126.86125
경기도 화성시 매송면,매송면,37.2522226,126.909155
경기도 화성시 매송면 원리,원리,37.2797167,126.8869875
경기도 화성시 매송면 송라리,송라리,37.2794596,126.9017059
경기도 화성시 매송면 야목리,야목리,37.2649083,126.879825
경기도 화성시 매송면 숙곡리,숙곡리,37.262025,126.9104375
경기도 화성시 매송면 어천리,어천리,37.2637583,126.922025
경기도 화성시 매송면 원평리,원평리,37.2485,126.9248
경기도 화성시 매송면 천천리,천천리,37.2474429,126.943875
경기도 화성시 남양읍,남양읍,37.2117518,126.8237532
경기도 화성시 남양읍 원천리,원천리,37.2243679,126.8034
경기도 화성시 남양읍 시리,시리,37.2375096,126.8041
경기도 화성시 남양읍 문호리,문호리,37.2629583,126.7995875
경기도 화성시 남양읍 신외리,신외리,37.2755667,126.8127
경기도 화성시 남양읍 장전리,장전리,37.26405,126.822925
경기도 화성시 남양읍 수화리,수화리,37.2538,126.819
경기도 화성시 남양읍 송림리,송림리,37.2266096,126.8220125
경기도 화성시 남양읍 북양리,북양리,37.2161429,126.8417375
경기도 화성시 남양읍 무송리,무송리,37.1883179,126.849775
경기도 화성시 남양읍 온석리,온석리,37.1702179,126.8521
경기도 화성시 남양읍 활초리,활초리,37.1717346,126.83725
경기도 화성시 남양읍 안석리,안석리,37.1643237,126.8271625
경기도 화성시 남양읍 장덕리,장덕리,37.1607904,126.80385
경기도 화성시 남양읍 신남리,신남리,37.1841429,126.8134125
경기도 화성시 남양읍 남양리,남양리,37.2008518,126.8176479
경기도 화성시 향남읍,향남읍,37.132415,126.92025
경기도 화성시 향남읍 장짐리,장짐리,37.1413,126.9046
경기도 화성시 향남읍 방축리,방축리,37.121824,126.922738
경기도 화성시 향남읍 행정리,행정리,37.1266527,126.9305669
경기도 화성시 향남읍 도이리,도이리,37.1392456,126.9206416
경기도 화성시 향남읍 관리,관리,37.1291321,126.948075
경기도 화성시 향남읍 동오리,동오리,37.138007,126.9505
경기도 화성시 향남읍 송곡리,송곡리,37.1296487,126.968625
경기도 화성시 향남읍 증거리,증거리,37.139974,126.974662
경기도 화성시 향남읍 갈천리,갈천리,37.130699,126.976438
경기도 화성시 향남읍 수직리,수직리,37.125,126.991
경기도 화성시 향남읍 요리,요리,37.1096821,126.9665125
경기도 화성시 향남읍 길성리,길성리,37.1219987,126.9611125
경기도 화성시 향남읍 백토리,백토리,37.1202821,126.9563625
경기도 화성시 향남읍 상두리,상두리,37.10994,126.949763
경기도 화성시 향남읍 화리현리,화리현리,37.116282,126.934738
경기도 화성시 향남읍 하길리,하길리,37.097132,126.923375
경기도 화성시 향남읍 구문천리,구문천리,37.0792417,126.8984375
경기도 화성시 향남읍 상신리,상신리,37.11144,126.896125
경기도 화성시 향남읍 제암리,제암리,37.1270737,126.89295
경기도 화성시 향남읍 발안리,발안리,37.1315052,126.9038252
경기도 화성시 향남읍 평리,평리,37.1302571,126.9084125
경기도 화성시 우정읍,우정읍,37.0898278,126.8154594
경기도 화성시 우정읍 국화리,국화리,37.0619,126.557
경기도 화성시 우정읍 조암리,조암리,37.0857154,126.8139
경기도 화성시 우정읍 화산리,화산리,37.071292,126.786463
경기도 화성시 우정읍 매향리,매향리,37.0495,126.7653375
경기도 화성시 우정읍 석천리,석천리,37.0413833,126.772175
경기도 화성시 우정읍 이화리,이화리,37.0426,126.789475
경기도 화성시 우정읍 주곡리,주곡리,37.1262154,126.8173
경기도 화성시 우정읍 화수리,화수리,37.108165,126.788738
경기도 화성시 우정읍 멱우리,멱우리,37.101249,126.8233
경기도 화성시 우정읍 한각리,한각리,37.095224,126.799475
경기도 화성시 우정읍 운평리,운평리,37.088157,126.781738
경기도 화성시 우정읍 호곡리,호곡리,37.12084,126.77695
경기도 화성시 우정읍 원안리,원안리,37.098782,126.777688
경기도 화성시 봉담읍,봉담읍,37.2200679,126.9494875
경기도 화성시 봉담읍 상기리,상기리,37.2065,126.9236
경기도 화성시 봉담읍 하가등리,하가등리,37.1515071,126.9396375
경기도 화성시 봉담읍 덕우리,덕우리,37.1655904,126.9274375
경기도 화성시 봉담읍 덕리,덕리,37.1673429,126.9371
경기도 화성시 봉담읍 유리,유리,37.176893,126.920513
경기도 화성시 봉담읍 마하리,마하리,37.180668,126.946463
경기도 화성시 봉담읍 당하리,당하리,37.188643,126.947825
경기도 화성시 봉담읍 세곡리,세곡리,37.1887352,126.9299706
경기도 화성시 봉담읍 왕림리,왕림리,37.194543,126.929575
경기도 화성시 봉담읍 분천리,분천리,37.2039763,126.9589375
경기도 화성시 봉담읍 수기리,수기리,37.2007096,126.9757
경기도 화성시 봉담읍 와우리,와우리,37.2138123,126.9759616
경기도 화성시 봉담읍 동화리,동화리,37.219501,126.963913
경기도 화성시 봉담읍 수영리,수영리,37.233976,126.948313
경기도 화성시 봉담읍 내리,내리,37.233843,126.927387
경기도 화성시 봉담읍 상리,상리,37.21696,126.935125
경기도 김포시 마산동,마산동,37.6411461,126.643785
경기도 김포시 감정동,감정동,37.6243,126.6937
경기도 김포시 걸포동,걸포동,37.6419,126.7161
경기도 김포시 북변동,북변동,37.6248,126.7129
경기도 김포시 운양동,운양동,37.6513555,126.683033
경기도 김포시 구래동,구래동,37.6464788,126.6236797
경기도 김포시 장기동,장기동,37.6397752,126.6713288
경기도 김포시 풍무동,풍무동,37.6022192,126.7220389
경기도 김포시 사우동,사우동,37.6193404,126.716725
경기도 김포시 장기본동,장기본동,37.6523061,126.6716999
경기도 김포시 김포본동,김포본동,37.6275987,126.7057
경기도 김포시 하성면,하성면,37.7202077,126.6313796
경기도 김포시 하성면 마근포리,마근포리,37.7586083,126.6211
경기도 김포시 하성면 전류리,전류리,37.7037001,126.6564326
경기도 김포시 하성면 봉성리,봉성리,37.694639,126.6517703
경기도 김포시 하성면 하사리,하사리,37.6995878,126.6369559
경기도 김포시 하성면 원산리,원산리,37.7117548,126.6262633
경기도 김포시 하성면 양택리,양택리,37.7332,126.6253
경기도 김포시 하성면 가금리,가금리,37.7469513,126.6082625
경기도 김포시 하성면 마조리,마조리,37.7492222,126.6337087
경기도 김포시 하성면 시암리,시암리,37.770412,126.6394982
경기도 김포시 하성면 후평리,후평리,37.7511833,126.65195
경기도 김포시 하성면 석탄리,석탄리,37.7260092,126.6534548
경기도 김포시 하성면 마곡리,마곡리,37.7126554,126.6507482
경기도 김포시 월곶면,월곶면,37.7151254,126.5527814
경기도 김포시 월곶면 개곡리,개곡리,37.7341,126.5819
경기도 김포시 월곶면 조강리,조강리,37.7518333,126.5785
경기도 김포시 월곶면 용강리,용강리,37.7604,126.5504
경기도 김포시 월곶면 보구곶리,보구곶리,37.76065,126.533075
경기도 김포시 월곶면 성동리,성동리,37.744401,126.537787
경기도 김포시 월곶면 포내리,포내리,37.7201,126.5323
경기도 김포시 월곶면 고양리,고양리,37.69496,126.545388
경기도 김포시 월곶면 갈산리,갈산리,37.7096,126.5703
경기도 김포시 월곶면 고막리,고막리,37.7285,126.5627
경기도 김포시 월곶면 군하리,군하리,37.710185,126.547038
경기도 김포시 대곶면,대곶면,37.6491083,126.5818539
경기도 김포시 대곶면 대명리,대명리,37.6499055,126.5550911
경기도 김포시 대곶면 신안리,신안리,37.648957,126.538938
경기도 김포시 대곶면 쇄암리,쇄암리,37.6748,126.5386
경기도 김포시 대곶면 석정리,석정리,37.6743,126.5629
경기도 김포시 대곶면 송마리,송마리,37.6597,126.5642
경기도 김포시 대곶면 오니산리,오니산리,37.664374,126.6149
경기도 김포시 대곶면 거물대리,거물대리,37.6674615,126.5990403
경기도 김포시 대곶면 초원지리,초원지리,37.6585904,126.595125
경기도 김포시 대곶면 율생리,율생리,37.648732,126.600488
경기도 김포시 대곶면 상마리,상마리,37.640899,126.576925
경기도 김포시 대곶면 약암리,약암리,37.624224,126.566338
경기도 김포시 대곶면 대벽리,대벽리,37.611857,126.578138
경기도 김포시 대곶면 대능리,대능리,37.640757,126.602488
경기도 김포시 양촌읍,양촌읍,37.6572063,126.6254268
경기도 김포시 양촌읍 흥신리,흥신리,37.6719679,126.6212
경기도 김포시 양촌읍 유현리,유현리,37.640499,126.6111
경기도 김포시 양촌읍 학운리,학운리,37.6118,126.6043
경기도 김포시 양촌읍 대포리,대포리,37.6175398,126.6285112
경기도 김포시 양촌읍 구래리,구래리,37.6508978,126.618099
경기도 김포시 양촌읍 석모리,석모리,37.656299,126.650125
경기도 김포시 양촌읍 누산리,누산리,37.6739,126.6541
경기도 김포시 양촌읍 양곡리,양곡리,37.6568,126.6266
경기도 김포시 고촌읍,고촌읍,37.6033003,126.7709246
경기도 김포시 고촌읍 전호리,전호리,37.5868974,126.7836723
경기도 김포시 고촌읍 신곡리,신곡리,37.6005077,126.7758805
경기도 김포시 고촌읍 태리,태리,37.594549,126.742825
경기도 김포시 고촌읍 풍곡리,풍곡리,37.6162769,126.7569117
경기도 김포시 고촌읍 향산리,향산리,37.625974,126.744575
경기도 김포시 통진읍,통진읍,37.6917898,126.5972051
경기도 김포시 통진읍 옹정리,옹정리,37.692651,126.573112
경기도 김포시 통진읍 고정리,고정리,37.7159179,126.594225
경기도 김포시 통진읍 귀전리,귀전리,37.72121,126.608413
경기도 김포시 통진읍 동을산리,동을산리,37.7001897,126.6224328
경기도 김포시 통진읍 가현리,가현리,37.673,126.5889
경기도 김포시 통진읍 수참리,수참리,37.6804268,126.6322387
경기도 김포시 통진읍 서암리,서암리,37.7003679,126.5980875
경기도 김포시 통진읍 마송리,마송리,37.6877831,126.5937808
경기도 김포시 통진읍 도사리,도사리,37.6829,126.6171
경기도 안성시 중리동,중리동,36.977,127.2818
경기도 안성시 발화동,발화동,36.99,127.2819
경기도 안성시 현수동,현수동,36.9978,127.2825
경기도 안성시 신모산동,신모산동,37.022125,127.246625
경기도 안성시 신소현동,신소현동,37.02175,127.2568
경기도 안성시 신건지동,신건지동,37.0162083,127.2462375
경기도 안성시 가현동,가현동,37.0062,127.2873
경기도 안성시 가사동,가사동,37.0155,127.2883
경기도 안성시 당왕동,당왕동,37.0204,127.2718
경기도 안성시 도기동,도기동,36.9972013,127.2596625
경기도 안성시 사곡동,사곡동,37.039425,127.26495
경기도 안성시 옥산동,옥산동,37.0071,127.2489125
경기도 안성시 계동,계동,36.9890679,127.2661875
경기도 안성시 금석동,금석동,37.0310667,127.26965
경기도 안성시 아양동,아양동,37.0049083,127.260975
경기도 안성시 석정동,석정동,37.0099,127.2594
경기도 안성시 서인동,서인동,37.0062167,127.2698
경기도 안성시 대천동,대천동,37.0080417,127.2700875
경기도 안성시 연지동,연지동,37.0103667,127.2708125
경기도 안성시 금산동,금산동,37.012925,127.26915
경기도 안성시 인지동,인지동,37.004425,127.2675
경기도 안성시 신흥동,신흥동,37.0027774,127.2694341
경기도 안성시 성남동,성남동,37.002622,127.2720127
경기도 안성시 창전동,창전동,37.0044186,127.2717566
경기도 안성시 낙원동,낙원동,37.0046098,127.2746376
경기도 안성시 옥천동,옥천동,37.0032005,127.2753449
경기도 안성시 명륜동,명륜동,37.0145,127.2763
경기도 안성시 동본동,동본동,37.0070251,127.2718395
경기도 안성시 구포동,구포동,37.011367,127.272413
경기도 안성시 봉남동,봉남동,37.0091917,127.2764375
경기도 안성시 영동,영동,37.0064583,127.273675
경기도 안성시 숭인동,숭인동,37.0105966,127.2748293
경기도 안성시 봉산동,봉산동,37.00705,127.2795625
경기도 안성시 안성3동,안성3동,37.0142499,127.2577724
경기도 안성시 안성2동,안성2동,37.0005993,127.269932
경기도 안성시 안성1동,안성1동,37.005652,127.2742328
경기도 안성시 고삼면,고삼면,37.0826797,127.2634207
경기도 안성시 고삼면 월향리,월향리,37.0906571,127.2789625
경기도 안성시 고삼면 봉산리,봉산리,37.077592,127.282763
경기도 안성시 고삼면 삼은리,삼은리,37.0836,127.2968
경기도 안성시 고삼면 가유리,가유리,37.090107,127.254875
경기도 안성시 고삼면 대갈리,대갈리,37.0695,127.2537
경기도 안성시 고삼면 신창리,신창리,37.0829,127.2415
경기도 안성시 고삼면 쌍지리,쌍지리,37.1132154,127.2878
경기도 안성시 삼죽면,삼죽면,37.0725782,127.3746884
경기도 안성시 삼죽면 기솔리,기솔리,37.0568,127.3429
경기도 안성시 삼죽면 마전리,마전리,37.0322,127.3456
경기도 안성시 삼죽면 미장리,미장리,37.0378083,127.3674875
경기도 안성시 삼죽면 진촌리,진촌리,37.05755,127.36475
경기도 안성시 삼죽면 내강리,내강리,37.0688,127.3632
경기도 안성시 삼죽면 배태리,배태리,37.0846,127.3509
경기도 안성시 삼죽면 덕산리,덕산리,37.084099,127.373025
경기도 안성시 삼죽면 용월리,용월리,37.0764167,127.3856
경기도 안성시 삼죽면 율곡리,율곡리,37.0941237,127.375575
경기도 안성시 삼죽면 내장리,내장리,37.086,127.4018
경기도 안성시 죽산면,죽산면,37.0785829,127.4224594
경기도 안성시 죽산면 두교리,두교리,37.0096083,127.423925
경기도 안성시 죽산면 당목리,당목리,37.0333167,127.44095
경기도 안성시 죽산면 칠장리,칠장리,37.0217167,127.4072875
경기도 안성시 죽산면 용설리,용설리,37.0551333,127.4470125
경기도 안성시 죽산면 장계리,장계리,37.0467,127.404
경기도 안성시 죽산면 장능리,장능리,37.0607,127.3908
경기도 안성시 죽산면 두현리,두현리,37.0725176,127.4064523
경기도 안성시 죽산면 장원리,장원리,37.06795,127.42635
경기도 안성시 죽산면 매산리,매산리,37.0978321,127.4358125
경기도 안성시 죽산면 죽산리,죽산리,37.0807,127.423
경기도 안성시 일죽면,일죽면,37.0906186,127.4769491
경기도 안성시 일죽면 화봉리,화봉리,37.0683,127.4770625
경기도 안성시 일죽면 장암리,장암리,37.0759083,127.4657375
경기도 안성시 일죽면 금산리,금산리,37.0675,127.4971
경기도 안성시 일죽면 신흥리,신흥리,37.1136821,127.4742375
경기도 안성시 일죽면 능국리,능국리,37.1105,127.4932
경기도 안성시 일죽면 화곡리,화곡리,37.1100489,127.4642678
경기도 안성시 일죽면 고은리,고은리,37.124,127.4413
경기도 안성시 일죽면 송천리,송천리,37.0892,127.4697
경기도 안성시 일죽면 방초리,방초리,37.128057,127.430325
경기도 안성시 일죽면 당촌리,당촌리,37.1049237,127.5051125
경기도 안성시 일죽면 산북리,산북리,37.0886487,127.507875
경기도 안성시 일죽면 가리,가리,37.0806,127.4872
경기도 안성시 일죽면 죽림리,죽림리,37.0704,127.450225
경기도 안성시 일죽면 주천리,주천리,37.092107,127.4896
경기도 안성시 일죽면 월정리,월정리,37.0903737,127.4525
경기도 안성시 원곡면,원곡면,37.0397184,127.1295215
경기도 안성시 원곡면 성주리,성주리,37.082475,127.168325
경기도 안성시 원곡면 반제리,반제리,37.0195,127.1608
경기도 안성시 원곡면 외가천리,외가천리,37.0382983,127.138091
경기도 안성시 원곡면 내가천리,내가천리,37.0399,127.1181
경기도 안성시 원곡면 산하리,산하리,37.0817,127.136363
경기도 안성시 원곡면 지문리,지문리,37.053742,127.136838
경기도 안성시 원곡면 칠곡리,칠곡리,37.0514003,127.1597532
경기도 안성시 원곡면 성은리,성은리,37.07835,127.15995
경기도 안성시 양성면,양성면,37.059858,127.194487
경기도 안성시 양성면 방신리,방신리,37.0275167,127.186025
경기도 안성시 양성면 삼암리,삼암리,37.026475,127.2028625
경기도 안성시 양성면 명목리,명목리,37.033333,127.196575
경기도 안성시 양성면 덕봉리,덕봉리,37.0524,127.17915
경기도 안성시 양성면 필산리,필산리,37.0558,127.2195
경기도 안성시 양성면 방축리,방축리,37.066375,127.235675
경기도 안성시 양성면 미산리,미산리,37.1334,127.2626
경기도 안성시 양성면 노곡리,노곡리,37.1073821,127.253525
경기도 안성시 양성면 난실리,난실리,37.1126654,127.2286375
경기도 안성시 양성면 장서리,장서리,37.1012,127.2144
경기도 안성시 양성면 이현리,이현리,37.0935404,127.21835
경기도 안성시 양성면 산정리,산정리,37.0870213,127.2052688
경기도 안성시 양성면 도곡리,도곡리,37.079475,127.2128875
경기도 안성시 양성면 조일리,조일리,37.0722949,127.2154623
경기도 안성시 양성면 추곡리,추곡리,37.067542,127.214688
경기도 안성시 양성면 석화리,석화리,37.0681,127.203937
경기도 안성시 양성면 구장리,구장리,37.0586833,127.208325
경기도 안성시 양성면 동항리,동항리,37.0653,127.1871
경기도 안성시 대덕면,대덕면,37.0124847,127.2378324
경기도 안성시 대덕면 삼한리,삼한리,37.0572,127.2755
경기도 안성시 대덕면 소내리,소내리,37.0372333,127.226975
경기도 안성시 대덕면 무능리,무능리,37.0497,127.2279
경기도 안성시 대덕면 신령리,신령리,37.0202833,127.2230375
경기도 안성시 대덕면 죽리,죽리,36.9930513,127.217825
경기도 안성시 대덕면 대농리,대농리,37.0672083,127.2717
경기도 안성시 대덕면 내리,내리,37.0053583,127.224425
경기도 안성시 대덕면 건지리,건지리,37.01345,127.240263
경기도 안성시 대덕면 진현리,진현리,37.0556,127.2612
경기도 안성시 대덕면 명당리,명당리,37.046883,127.211288
경기도 안성시 대덕면 보동리,보동리,37.0517,127.245
경기도 안성시 대덕면 모산리,모산리,37.0329,127.2415
경기도 안성시 대덕면 토현리,토현리,37.0578333,127.2489125
경기도 안성시 대덕면 소현리,소현리,37.030525,127.254413
경기도 안성시 미양면,미양면,36.9780898,127.2170686
경기도 안성시 미양면 양변리,양변리,36.9539,127.2443
경기도 안성시 미양면 마산리,마산리,36.9705096,127.2248625
경기도 안성시 미양면 후평리,후평리,36.9838,127.2065
경기도 안성시 미양면 강덕리,강덕리,36.9471668,127.2276771
경기도 안성시 미양면 신기리,신기리,36.9994,127.2383
경기도 안성시 미양면 보체리,보체리,36.9730763,127.2392875
경기도 안성시 미양면 양지리,양지리,36.9801,127.2162
경기도 안성시 미양면 갈전리,갈전리,36.9839429,127.230675
경기도 안성시 미양면 진촌리,진촌리,36.9718846,127.1926625
경기도 안성시 미양면 구수리,구수리,36.9696596,127.2586875
경기도 안성시 미양면 정동리,정동리,36.975,127.2029
경기도 안성시 미양면 고지리,고지리,36.9566,127.2116
경기도 안성시 미양면 용두리,용두리,36.9900513,127.2360875
경기도 안성시 미양면 법전리,법전리,36.9455013,127.2125625
경기도 안성시 미양면 신계리,신계리,36.9632,127.1673
경기도 안성시 미양면 개정리,개정리,36.9610763,127.1931
경기도 안성시 미양면 계륵리,계륵리,36.9809,127.2538
경기도 안성시 미양면 구례리,구례리,36.9895,127.252
경기도 안성시 서운면,서운면,36.943093,127.2592742
경기도 안성시 서운면 북산리,북산리,36.9284846,127.2642625
경기도 안성시 서운면 양촌리,양촌리,36.9441,127.288
경기도 안성시 서운면 오촌리,오촌리,36.9553446,127.2818253
경기도 안성시 서운면 송산리,송산리,36.9396929,127.239825
경기도 안성시 서운면 신기리,신기리,36.9593,127.2684
경기도 안성시 서운면 신능리,신능리,36.9712,127.2715
경기도 안성시 서운면 신흥리,신흥리,36.9241096,127.2489875
경기도 안성시 서운면 동촌리,동촌리,36.9461096,127.2504625
경기도 안성시 서운면 현매리,현매리,36.9382513,127.221825
경기도 안성시 서운면 산평리,산평리,36.9217,127.2684
경기도 안성시 서운면 신촌리,신촌리,36.9401846,127.25545
경기도 안성시 서운면 송정리,송정리,36.9325,127.2365
경기도 안성시 서운면 청용리,청용리,36.9126821,127.28805
경기도 안성시 서운면 인리,인리,36.9385,127.2735
경기도 안성시 금광면,금광면,36.9972319,127.3175125
경기도 안성시 금광면 신양복리,신양복리,37.00695,127.3245125
경기도 안성시 금광면 석하리,석하리,36.9466,127.3009
경기도 안성시 금광면 옥정리,옥정리,36.9701,127.378
경기도 안성시 금광면 오산리,오산리,36.9829,127.3128
경기도 안성시 금광면 한운리,한운리,36.963,127.3344
경기도 안성시 금광면 오흥리,오흥리,37.0064417,127.348725
경기도 안성시 금광면 사흥리,사흥리,36.9988929,127.36235
경기도 안성시 금광면 삼흥리,삼흥리,37.018525,127.370275
경기도 안성시 금광면 현곡리,현곡리,36.9693,127.3502
경기도 안성시 금광면 금광리,금광리,36.9936123,127.3262663
경기도 안성시 금광면 상중리,상중리,36.9435,127.3151
경기도 안성시 금광면 장죽리,장죽리,36.9706263,127.3156625
경기도 안성시 금광면 개산리,개산리,36.9812679,127.2971875
경기도 안성시 금광면 내우리,내우리,36.9897346,127.3066125
경기도 안성시 보개면,보개면,37.023016,127.2908537
경기도 안성시 보개면 북가현리,북가현리,37.1037321,127.321025
경기도 안성시 보개면 남풍리,남풍리,37.0711,127.3223
경기도 안성시 보개면 동평리,동평리,37.0890904,127.3186
경기도 안성시 보개면 신안리,신안리,37.0563,127.3162
경기도 안성시 보개면 가율리,가율리,37.0655,127.3017
경기도 안성시 보개면 구사리,구사리,37.021375,127.303275
경기도 안성시 보개면 복평리,복평리,37.038025,127.3128625
경기도 안성시 보개면 곡천리,곡천리,37.0314,127.2985
경기도 안성시 보개면 동신리,동신리,37.0053,127.3023
경기도 안성시 보개면 내방리,내방리,37.0215,127.3155
경기도 안성시 보개면 불현리,불현리,37.0267667,127.2862125
경기도 안성시 보개면 이전리,이전리,37.0632917,127.2898375
경기도 안성시 보개면 오두리,오두리,37.0455,127.3128
경기도 안성시 보개면 양복리,양복리,37.0117,127.3181
경기도 안성시 보개면 신장리,신장리,37.0444,127.2817
경기도 안성시 보개면 상삼리,상삼리,37.0285417,127.32425
경기도 안성시 보개면 북좌리,북좌리,37.0461833,127.333725
경기도 안성시 보개면 기좌리,기좌리,37.037,127.288113
경기도 안성시 보개면 적가리,적가리,37.0516,127.2944
경기도 안성시 공도읍,공도읍,37.0011798,127.1726265
경기도 안성시 공도읍 진사리,진사리,36.9871044,127.1442701
경기도 안성시 공도읍 마정리,마정리,37.0156,127.1992
경기도 안성시 공도읍 만정리,만정리,37.015,127.1795
경기도 안성시 공도읍 불당리,불당리,36.9818596,127.172375
경기도 안성시 공도읍 건천리,건천리,36.9729179,127.1656875
경기도 안성시 공도읍 승두리,승두리,36.9876,127.1638
경기도 안성시 공도읍 용두리,용두리,37.0085,127.1634
경기도 안성시 공도읍 중복리,중복리,36.971801,127.136338
경기도 안성시 공도읍 신두리,신두리,36.9920424,127.1990077
경기도 안성시 공도읍 웅교리,웅교리,36.984,127.1881
경기도 안성시 공도읍 양기리,양기리,37.0022167,127.1999
경기도 이천시 장록동,장록동,37.2564,127.458925
경기도 이천시 고담동,고담동,37.2396763,127.45985
경기도 이천시 대포동,대포동,37.2095679,127.459225
경기도 이천시 단월동,단월동,37.2245263,127.4545
경기도 이천시 사음동,사음동,37.2949083,127.4196375
경기도 이천시 송정동,송정동,37.2962833,127.4395875
경기도 이천시 갈산동,갈산동,37.2866583,127.465175
경기도 이천시 안흥동,안흥동,37.2753583,127.4604
경기도 이천시 진리동,진리동,37.2680583,127.45265
경기도 이천시 율현동,율현동,37.261475,127.44685
경기도 이천시 증일동,증일동,37.2604583,127.427825
경기도 이천시 관고동,관고동,37.2823947,127.4378808
경기도 이천시 중리동,중리동,37.2779975,127.4416271
경기도 이천시 증포동,증포동,37.2903779,127.4524826
경기도 이천시 창전동,창전동,37.2829036,127.4410596
경기도 이천시 율면,율면,37.0943112,127.5464173
경기도 이천시 율면 총곡리,총곡리,37.0797,127.5979
경기도 이천시 율면 월포리,월포리,37.0769065,127.5590466
경기도 이천시 율면 오성리,오성리,37.0733,127.5492625
경기도 이천시 율면 산성리,산성리,37.051136,127.5542952
경기도 이천시 율면 석산리,석산리,37.0588,127.5485875
경기도 이천시 율면 산양리,산양리,37.0620833,127.5093125
경기도 이천시 율면 북두리,북두리,37.0720589,127.5330011
경기도 이천시 율면 본죽리,본죽리,37.0782664,127.5257412
경기도 이천시 율면 신추리,신추리,37.0949623,127.5267124
경기도 이천시 율면 고당리,고당리,37.0897493,127.5488709
경기도 이천시 설성면,설성면,37.132449,127.522038
경기도 이천시 설성면 대죽리,대죽리,37.1356623,127.4707661
경기도 이천시 설성면 수산리,수산리,37.1484145,127.5008308
경기도 이천시 설성면 상봉리,상봉리,37.1622737,127.5087875
경기도 이천시 설성면 송계리,송계리,37.1670021,127.5194283
경기도 이천시 설성면 암산리,암산리,37.1653479,127.5355779
경기도 이천시 설성면 자석리,자석리,37.1735346,127.5483125
경기도 이천시 설성면 장천리,장천리,37.1472,127.5341
경기도 이천시 설성면 신필리,신필리,37.128602,127.549527
경기도 이천시 설성면 제요리,제요리,37.1153194,127.5561584
경기도 이천시 설성면 행죽리,행죽리,37.109017,127.5266184
경기도 이천시 설성면 장능리,장능리,37.1295076,127.530394
경기도 이천시 설성면 금당리,금당리,37.1320404,127.517925
경기도 이천시 모가면,모가면,37.1716945,127.480134
경기도 이천시 모가면 두미리,두미리,37.1630654,127.433575
경기도 이천시 모가면 어농리,어농리,37.1820096,127.4304125
경기도 이천시 모가면 신갈리,신갈리,37.201106,127.4503766
경기도 이천시 모가면 소고리,소고리,37.1857763,127.4556875
경기도 이천시 모가면 원두리,원두리,37.1841679,127.4752625
경기도 이천시 모가면 양평리,양평리,37.1741096,127.4920375
경기도 이천시 모가면 소사리,소사리,37.1826371,127.4865186
경기도 이천시 모가면 송곡리,송곡리,37.1506304,127.4821794
경기도 이천시 모가면 산내리,산내리,37.1621154,127.4559625
경기도 이천시 모가면 서경리,서경리,37.1613904,127.4914
경기도 이천시 모가면 진가리,진가리,37.1719929,127.4762875
경기도 이천시 대월면,대월면,37.2298587,127.4923668
경기도 이천시 대월면 부필리,부필리,37.2204421,127.5113329
경기도 이천시 대월면 장평리,장평리,37.2156846,127.5188875
경기도 이천시 대월면 송라리,송라리,37.2003929,127.5193
경기도 이천시 대월면 군량리,군량리,37.1916456,127.50234
경기도 이천시 대월면 구시리,구시리,37.2064929,127.503625
경기도 이천시 대월면 도리리,도리리,37.206759,127.481063
경기도 이천시 대월면 대흥리,대흥리,37.2381013,127.4768
경기도 이천시 대월면 대대리,대대리,37.2240433,127.475562
경기도 이천시 대월면 사동리,사동리,37.2422096,127.4894
경기도 이천시 대월면 초지리,초지리,37.2249763,127.4953
경기도 이천시 마장면,마장면,37.2489805,127.3579353
경기도 이천시 마장면 작촌리,작촌리,37.2373103,127.34034
경기도 이천시 마장면 해월리,해월리,37.2183929,127.3485375
경기도 이천시 마장면 이평리,이평리,37.2216022,127.3736984
경기도 이천시 마장면 덕평리,덕평리,37.2362346,127.3628625
경기도 이천시 마장면 각평리,각평리,37.2352096,127.3844375
경기도 이천시 마장면 이치리,이치리,37.2562417,127.3805875
경기도 이천시 마장면 표교리,표교리,37.2543509,127.4103595
경기도 이천시 마장면 목리,목리,37.2644417,127.4017375
경기도 이천시 마장면 장암리,장암리,37.2756583,127.3953
경기도 이천시 마장면 회억리,회억리,37.26745,127.3693875
경기도 이천시 마장면 관리,관리,37.2777667,127.358175
경기도 이천시 마장면 양촌리,양촌리,37.2574884,127.3404964
경기도 이천시 마장면 오천리,오천리,37.2460618,127.3550072
경기도 이천시 호법면,호법면,37.2229462,127.424414
경기도 이천시 호법면 송갈리,송갈리,37.1975191,127.429672
경기도 이천시 호법면 주미리,주미리,37.2126429,127.429125
경기도 이천시 호법면 주박리,주박리,37.2063,127.4197
경기도 이천시 호법면 동산리,동산리,37.2028407,127.4076763
경기도 이천시 호법면 매곡리,매곡리,37.2043596,127.3805125
경기도 이천시 호법면 단천리,단천리,37.2318429,127.403475
경기도 이천시 호법면 후안리,후안리,37.2258539,127.4219444
경기도 이천시 호법면 안평리,안평리,37.2356571,127.421451
경기도 이천시 호법면 유산리,유산리,37.2432376,127.4392471
경기도 이천시 백사면,백사면,37.339057,127.490713
경기도 이천시 백사면 백우리,백우리,37.3298437,127.5143102
경기도 이천시 백사면 상용리,상용리,37.323025,127.5128625
경기도 이천시 백사면 내촌리,내촌리,37.319525,127.5005625
경기도 이천시 백사면 우곡리,우곡리,37.3135246,127.5038747
경기도 이천시 백사면 조읍리,조읍리,37.3180575,127.4823217
경기도 이천시 백사면 도지리,도지리,37.3042583,127.4890375
경기도 이천시 백사면 모전리,모전리,37.3057988,127.4662563
경기도 이천시 백사면 신대리,신대리,37.3200626,127.4582297
경기도 이천시 백사면 송말리,송말리,37.3448965,127.4715748
경기도 이천시 백사면 도립리,도립리,37.334299,127.4727773
경기도 이천시 백사면 경사리,경사리,37.334613,127.4533026
경기도 이천시 백사면 현방리,현방리,37.3362355,127.4989251
경기도 이천시 신둔면,신둔면,37.3062853,127.4040503
경기도 이천시 신둔면 소정리,소정리,37.3041,127.398525
경기도 이천시 신둔면 마교리,마교리,37.3035083,127.3905
경기도 이천시 신둔면 인후리,인후리,37.311575,127.3793875
경기도 이천시 신둔면 용면리,용면리,37.3022,127.3667
경기도 이천시 신둔면 고척리,고척리,37.287775,127.3775375
경기도 이천시 신둔면 수남리,수남리,37.2928583,127.3998375
경기도 이천시 신둔면 수하리,수하리,37.3125167,127.4271375
경기도 이천시 신둔면 도암리,도암리,37.3150118,127.4412163
경기도 이천시 신둔면 도봉리,도봉리,37.3119083,127.4552875
경기도 이천시 신둔면 장동리,장동리,37.3368237,127.4422625
경기도 이천시 신둔면 지석리,지석리,37.3241482,127.4255994
경기도 이천시 신둔면 남정리,남정리,37.3177667,127.40555
경기도 이천시 신둔면 수광리,수광리,37.3139159,127.4003389
경기도 이천시 부발읍,부발읍,37.2836858,127.4869156
경기도 이천시 부발읍 응암리,응암리,37.2361263,127.5243625
경기도 이천시 부발읍 가산리,가산리,37.2476908,127.5205289
경기도 이천시 부발읍 송온리,송온리,37.2521167,127.5295
경기도 이천시 부발읍 수정리,수정리,37.256425,127.5286
경기도 이천시 부발읍 아미리,아미리,37.2575667,127.5012375
경기도 이천시 부발읍 가좌리,가좌리,37.256725,127.4666625
경기도 이천시 부발읍 신하리,신하리,37.2619761,127.4780239
경기도 이천시 부발읍 산촌리,산촌리,37.270575,127.487275
경기도 이천시 부발읍 마암리,마암리,37.2758833,127.4742125
경기도 이천시 부발읍 대관리,대관리,37.309875,127.53485
경기도 이천시 부발읍 고백리,고백리,37.2991417,127.5281875
경기도 이천시 부발읍 신원리,신원리,37.2935917,127.514375
경기도 이천시 부발읍 죽당리,죽당리,37.2797417,127.517175
경기도 이천시 부발읍 무촌리,무촌리,37.2861417,127.4867375
경기도 이천시 장호원읍,장호원읍,37.1148856,127.6167974
경기도 이천시 장호원읍 노탑리,노탑리,37.1345321,127.6256125
경기도 이천시 장호원읍 풍계리,풍계리,37.1479321,127.6122625
경기도 이천시 장호원읍 와현리,와현리,37.1618208,127.5986728
경기도 이천시 장호원읍 나래리,나래리,37.1771274,127.585311
경기도 이천시 장호원읍 이황리,이황리,37.1494071,127.582875
경기도 이천시 장호원읍 선읍리,선읍리,37.1448987,127.57
경기도 이천시 장호원읍 방추리,방추리,37.1291106,127.5638658
경기도 이천시 장호원읍 송산리,송산리,37.1192298,127.5949024
경기도 이천시 장호원읍 대서리,대서리,37.109591,127.5794777
경기도 이천시 장호원읍 어석리,어석리,37.0985071,127.5858625
경기도 이천시 장호원읍 진암리,진암리,37.1122071,127.6100875
경기도 이천시 장호원읍 오남리,오남리,37.1070654,127.6289875
경기도 이천시 장호원읍 장호원리,장호원리,37.1190571,127.624025
경기도 파주시 금릉동,금릉동,37.7522,126.7875
경기도 파주시 와동동,와동동,37.7365049,126.7587724
경기도 파주시 연다산동,연다산동,37.7458,126.7114
경기도 파주시 신촌동,신촌동,37.7356115,126.6954057
경기도 파주시 서패동,서패동,37.7120126,126.6973081
경기도 파주시 하지석동,하지석동,37.7588667,126.7471
경기도 파주시 목동동,목동동,37.725367,126.7332023
경기도 파주시 송촌동,송촌동,37.7554496,126.7010556
경기도 파주시 문발동,문발동,37.7205626,126.6930699
경기도 파주시 당하동,당하동,37.7429693,126.7450189
경기도 파주시 동패동,동패동,37.7137,126.7256
경기도 파주시 산남동,산남동,37.6996445,126.6986343
경기도 파주시 상지석동,상지석동,37.729018,126.7812
경기도 파주시 오도동,오도동,37.7484463,126.7256639
경기도 파주시 다율동,다율동,37.7367919,126.7269227
경기도 파주시 야당동,야당동,37.7155532,126.7611175
경기도 파주시 맥금동,맥금동,37.7785,126.7286
경기도 파주시 검산동,검산동,37.7825,126.7434
경기도 파주시 야동동,야동동,37.7763,126.7642
경기도 파주시 아동동,아동동,37.7667,126.7847
경기도 파주시 금촌동,금촌동,37.760475,126.769325
경기도 파주시 운정3동,운정3동,37.7171155,126.7436261
경기도 파주시 운정2동,운정2동,37.7239746,126.7515653
경기도 파주시 운정1동,운정1동,37.7242066,126.7513156
경기도 파주시 교하동,교하동,37.753037,126.7468664
경기도 파주시 금촌3동,금촌3동,37.7714763,126.7783644
경기도 파주시 금촌2동,금촌2동,37.7516216,126.7772837
경기도 파주시 금촌1동,금촌1동,37.7663226,126.7760057
경기도 파주시 진서면,진서면,37.9547736,126.7091586
경기도 파주시 진동면,진동면,37.9475105,126.7971838
경기도 파주시 진동면 하포리,하포리,37.9352264,126.8063245
경기도 파주시 진동면 동파리,동파리,37.9174936,126.7938577
경기도 파주시 장단면,장단면,37.8735777,126.7121373
경기도 파주시 장단면 도라산리,도라산리,37.9034543,126.7006963
경기도 파주시 장단면 노상리,노상리,37.8889796,126.7140467
경기도 파주시 군내면,군내면,37.9325,126.7281
경기도 파주시 군내면 점원리,점원리,37.9224099,126.715955
경기도 파주시 군내면 읍내리,읍내리,37.9386,126.7438
경기도 파주시 군내면 조산리,조산리,37.9423895,126.6814662
경기도 파주시 군내면 정자리,정자리,37.9172009,126.7574863
경기도 파주시 군내면 백연리,백연리,37.9063958,126.727235
경기도 파주시 적성면,적성면,37.9541594,126.9175292
경기도 파주시 적성면 자장리,자장리,37.9641846,126.868725
경기도 파주시 적성면 마지리,마지리,37.9442,126.9148
경기도 파주시 적성면 두지리,두지리,37.9634429,126.895275
경기도 파주시 적성면 적암리,적암리,37.9810679,127.0016
경기도 파주시 적성면 설마리,설마리,37.9343929,126.948875
경기도 파주시 적성면 주월리,주월리,37.9815341,126.9006422
경기도 파주시 적성면 식현리,식현리,37.9497346,126.8871375
경기도 파주시 적성면 답곡리,답곡리,37.9525096,126.8607625
경기도 파주시 적성면 율포리,율포리,37.9880679,126.961025
경기도 파주시 적성면 무건리,무건리,37.910174,126.934488
경기도 파주시 적성면 가월리,가월리,37.9737013,126.9080125
경기도 파주시 적성면 객현리,객현리,37.9613763,126.95485
경기도 파주시 적성면 구읍리,구읍리,37.9641429,126.9257375
경기도 파주시 적성면 장현리,장현리,37.9741763,126.9729375
경기도 파주시 적성면 장좌리,장좌리,37.9708,126.8515
경기도 파주시 적성면 어유지리,어유지리,37.9978263,126.9831375
경기도 파주시 파평면,파평면,37.9217624,126.8377406
경기도 파주시 파평면 눌노리,눌노리,37.9229346,126.862975
경기도 파주시 파평면 장파리,장파리,37.9469,126.8487
경기도 파주시 파평면 금파리,금파리,37.915866,126.8487248
경기도 파주시 파평면 율곡리,율곡리,37.884521,126.8158443
경기도 파주시 파평면 마산리,마산리,37.8905376,126.8593091
경기도 파주시 파평면 두포리,두포리,37.9006315,126.838293
경기도 파주시 파평면 덕천리,덕천리,37.9335846,126.885775
경기도 파주시 광탄면,광탄면,37.7762341,126.85124
경기도 파주시 광탄면 영장리,영장리,37.765675,126.90375
경기도 파주시 광탄면 기산리,기산리,37.7749685,126.9198479
경기도 파주시 광탄면 신산리,신산리,37.7844384,126.849095
경기도 파주시 광탄면 용미리,용미리,37.7413,126.881
경기도 파주시 광탄면 창만리,창만리,37.7943143,126.8639708
경기도 파주시 광탄면 발랑리,발랑리,37.806,126.897
경기도 파주시 광탄면 마장리,마장리,37.778175,126.8810625
경기도 파주시 광탄면 방축리,방축리,37.8094,126.8562
경기도 파주시 광탄면 분수리,분수리,37.7612717,126.8690456
경기도 파주시 탄현면,탄현면,37.802541,126.7161142
경기도 파주시 탄현면 금산리,금산리,37.806147,126.7060246
경기도 파주시 탄현면 낙하리,낙하리,37.8360821,126.7348125
경기도 파주시 탄현면 오금리,오금리,37.8337318,126.7023967
경기도 파주시 탄현면 금승리,금승리,37.8168451,126.7438917
경기도 파주시 탄현면 축현리,축현리,37.8052583,126.731575
경기도 파주시 탄현면 만우리,만우리,37.8220333,126.697125
경기도 파주시 탄현면 대동리,대동리,37.8138,126.684675
경기도 파주시 탄현면 문지리,문지리,37.8338899,126.7257448
경기도 파주시 탄현면 갈현리,갈현리,37.766772,126.7133311
경기도 파주시 탄현면 법흥리,법흥리,37.7822916,126.7035883
경기도 파주시 탄현면 성동리,성동리,37.7802811,126.6837025
경기도 파주시 월롱면,월롱면,37.7992755,126.7892091
경기도 파주시 월롱면 영태리,영태리,37.7764,126.7967
경기도 파주시 월롱면 능산리,능산리,37.8245766,126.770647
경기도 파주시 월롱면 덕은리,덕은리,37.8037,126.7735
경기도 파주시 월롱면 도내리,도내리,37.7944381,126.8288171
경기도 파주시 월롱면 위전리,위전리,37.7923,126.7935
경기도 파주시 조리읍,조리읍,37.7433065,126.8098634
경기도 파주시 조리읍 대원리,대원리,37.7336763,126.8149875
경기도 파주시 조리읍 능안리,능안리,37.7399,126.787
경기도 파주시 조리읍 오산리,오산리,37.7718,126.835
경기도 파주시 조리읍 장곡리,장곡리,37.7474763,126.84605
경기도 파주시 조리읍 등원리,등원리,37.7612077,126.8044995
경기도 파주시 조리읍 뇌조리,뇌조리,37.7648501,126.815497
경기도 파주시 조리읍 봉일천리,봉일천리,37.7431346,126.8230875
경기도 파주시 법원읍,법원읍,37.8491631,126.882384
경기도 파주시 법원읍 금곡리,금곡리,37.8893154,126.88685
경기도 파주시 법원읍 웅담리,웅담리,37.9102571,126.896425
경기도 파주시 법원읍 직천리,직천리,37.8911,126.9224
경기도 파주시 법원읍 갈곡리,갈곡리,37.8513,126.9153
경기도 파주시 법원읍 삼방리,삼방리,37.830804,126.8964599
경기도 파주시 법원읍 대능리,대능리,37.8400571,126.8667375
경기도 파주시 법원읍 동문리,동문리,37.8658,126.8584
경기도 파주시 법원읍 가야리,가야리,37.8526,126.8625
경기도 파주시 법원읍 법원리,법원리,37.8576,126.888
경기도 파주시 법원읍 오현리,오현리,37.8674904,126.9282625
경기도 파주시 파주읍,파주읍,37.8306899,126.8197643
경기도 파주시 파주읍 연풍리,연풍리,37.8304065,126.8424042
경기도 파주시 파주읍 파주리,파주리,37.8314518,126.8181973
경기도 파주시 파주읍 백석리,백석리,37.8087351,126.8113934
경기도 파주시 파주읍 봉암리,봉암리,37.8182575,126.7954463
경기도 파주시 파주읍 부곡리,부곡리,37.8174551,126.8261011
경기도 파주시 파주읍 향양리,향양리,37.8514254,126.8184931
경기도 파주시 파주읍 봉서리,봉서리,37.8436423,126.794145
경기도 파주시 문산읍,문산읍,37.8568748,126.7910161
경기도 파주시 문산읍 이천리,이천리,37.8701006,126.8299864
경기도 파주시 문산읍 내포리,내포리,37.8431722,126.7616097
경기도 파주시 문산읍 장산리,장산리,37.9019,126.7811
경기도 파주시 문산읍 마정리,마정리,37.8946648,126.7527855
경기도 파주시 문산읍 사목리,사목리,37.8764,126.7557
경기도 파주시 문산읍 운천리,운천리,37.8839654,126.776325
경기도 파주시 문산읍 임진리,임진리,37.889282,126.7934633
경기도 파주시 문산읍 선유리,선유리,37.8697123,126.8002539
경기도 파주시 문산읍 당동리,당동리,37.8667119,126.7724205
경기도 파주시 문산읍 문산리,문산리,37.8572321,126.7816275
경기도 용인시 수지구,수지구,37.3222422,127.0977799
경기도 용인시 수지구 상현동,상현동,37.304611,127.0811215
경기도 용인시 수지구 고기동,고기동,37.3582,127.0436
경기도 용인시 수지구 죽전동,죽전동,37.3310051,127.113871
경기도 용인시 수지구 풍덕천동,풍덕천동,37.3279495,127.0949293
경기도 용인시 수지구 성복동,성복동,37.3164158,127.0690127
경기도 용인시 수지구 상현2동,상현2동,37.3102887,127.0866441
경기도 용인시 수지구 상현1동,상현1동,37.304611,127.0811215
경기도 용인시 수지구 동천동,동천동,37.3418944,127.0993083
경기도 용인시 수지구 죽전2동,죽전2동,37.3259382,127.1066979
경기도 용인시 수지구 죽전1동,죽전1동,37.3310051,127.113871
경기도 용인시 수지구 신봉동,신봉동,37.3206662,127.0835545
경기도 용인시 수지구 풍덕천2동,풍덕천2동,37.3194542,127.088698
경기도 용인시 수지구 풍덕천1동,풍덕천1동,37.3279495,127.0949293
경기도 용인시 기흥구,기흥구,37.28045,127.114662
경기도 용인시 기흥구 중동,중동,37.2704,127.1577
경기도 용인시 기흥구 청덕동,청덕동,37.2954,127.1514
경기도 용인시 기흥구 언남동,언남동,37.2922,127.1266
경기도 용인시 기흥구 서천동,서천동,37.2394,127.0738
경기도 용인시 기흥구 농서동,농서동,37.2267,127.0831
경기도 용인시 기흥구 고매동,고매동,37.225618,127.1135
경기도 용인시 기흥구 공세동,공세동,37.237843,127.112675
경기도 용인시 기흥구 지곡동,지곡동,37.2396,127.1395
경기도 용인시 기흥구 보라동,보라동,37.2539511,127.1082869
경기도 용인시 기흥구 하갈동,하갈동,37.2506,127.0929
경기도 용인시 기흥구 보정동,보정동,37.320165,127.1129619
경기도 용인시 기흥구 상하동,상하동,37.270584,127.1383845
경기도 용인시 기흥구 동백동,동백동,37.2779755,127.151205
경기도 용인시 기흥구 마북동,마북동,37.3016039,127.1176167
경기도 용인시 기흥구 구성동,구성동,37.296806,127.1190087
경기도 용인시 기흥구 서농동,서농동,37.237978,127.0683831
경기도 용인시 기흥구 기흥동,기흥동,37.2315089,127.1155187
경기도 용인시 기흥구 상갈동,상갈동,37.2665734,127.107612
경기도 용인시 기흥구 구갈동,구갈동,37.272429,127.1275729
경기도 용인시 기흥구 영덕동,영덕동,37.2778503,127.0745267
경기도 용인시 기흥구 신갈동,신갈동,37.2726532,127.1070555
경기도 용인시 처인구,처인구,37.234346,127.201344
경기도 용인시 처인구 해곡동,해곡동,37.1833,127.2781
경기도 용인시 처인구 호동,호동,37.1932,127.2497
경기도 용인시 처인구 운학동,운학동,37.2123,127.2394
경기도 용인시 처인구 마평동,마평동,37.229043,127.2298
경기도 용인시 처인구 고림동,고림동,37.250417,127.225038
경기도 용인시 처인구 유방동,유방동,37.256,127.2057
경기도 용인시 처인구 남동,남동,37.2219,127.1999
경기도 용인시 처인구 삼가동,삼가동,37.240251,127.165525
경기도 용인시 처인구 역북동,역북동,37.2401,127.1904
경기도 용인시 처인구 김량장동,김량장동,37.2367346,127.202675
경기도 용인시 처인구 동부동,동부동,37.2327624,127.2191334
경기도 용인시 처인구 유림동,유림동,37.2524452,127.2117201
경기도 용인시 처인구 중앙동,중앙동,37.2341323,127.2050266
경기도 용인시 처인구 양지면,양지면,37.2355071,127.2798015
경기도 용인시 처인구 양지면,양지면,37.2222,127.257
경기도 용인시 처인구 양지면,양지면,37.2497,127.2554
경기도 용인시 처인구 양지면,양지면,37.2686,127.2669
경기도 용인시 처인구 양지면,양지면,37.2625,127.297
경기도 용인시 처인구 양지면,양지면,37.2658,127.321588
경기도 용인시 처인구 양지면,양지면,37.2504167,127.3188
경기도 용인시 처인구 양지면,양지면,37.238901,127.31135
경기도 용인시 처인구 양지면,양지면,37.2281,127.3216
경기도 용인시 처인구 양지면,양지면,37.2157,127.2854
경기도 용인시 처인구 양지면,양지면,37.2402,127.287
경기도 용인시 처인구 백암면,백암면,37.1634518,127.3753443
경기도 용인시 처인구 백암면,백암면,37.1809013,127.34655
경기도 용인시 처인구 백암면,백암면,37.1907,127.3627
경기도 용인시 처인구 백암면,백암면,37.1772,127.3613
경기도 용인시 처인구 백암면,백암면,37.1616,127.3627
경기도 용인시 처인구 백암면,백암면,37.1457,127.3645
경기도 용인시 처인구 백암면,백암면,37.1224,127.3496
경기도 용인시 처인구 백암면,백암면,37.1104,127.3637
경기도 용인시 처인구 백암면,백암면,37.1188,127.3827
경기도 용인시 처인구 백암면,백암면,37.1047,127.4078
경기도 용인시 처인구 백암면,백암면,37.1344,127.4133
경기도 용인시 처인구 백암면,백암면,37.1406,127.393
경기도 용인시 처인구 백암면,백암면,37.167101,127.398163
경기도 용인시 처인구 백암면,백암면,37.171,127.3758
경기도 용인시 처인구 원삼면,원삼면,37.166692,127.3132438
경기도 용인시 처인구 원삼면,원삼면,37.1755,127.3218
경기도 용인시 처인구 원삼면,원삼면,37.1624,127.2906
경기도 용인시 처인구 원삼면,원삼면,37.148665,127.283125
경기도 용인시 처인구 원삼면,원삼면,37.120499,127.311675
경기도 용인시 처인구 원삼면,원삼면,37.138315,127.3084
경기도 용인시 처인구 원삼면,원삼면,37.1567,127.3179
경기도 용인시 처인구 원삼면,원삼면,37.1525,127.3404
경기도 용인시 처인구 원삼면,원삼면,37.184601,127.321175
경기도 용인시 처인구 원삼면,원삼면,37.1981,127.3374
경기도 용인시 처인구 원삼면,원삼면,37.1997,127.3165
경기도 용인시 처인구 원삼면,원삼면,37.1896,127.2977
경기도 용인시 처인구 원삼면,원삼면,37.171318,127.308438
경기도 용인시 처인구 남사면,남사면,37.1157212,127.1506388
경기도 용인시 처인구 남사면,남사면,37.1678,127.1746
경기도 용인시 처인구 남사면,남사면,37.151,127.1681
경기도 용인시 처인구 남사면,남사면,37.144057,127.183225
경기도 용인시 처인구 남사면,남사면,37.1068,127.1724
경기도 용인시 처인구 남사면,남사면,37.103,127.1579
경기도 용인시 처인구 남사면,남사면,37.0939,127.1568
경기도 용인시 처인구 남사면,남사면,37.098157,127.1298
경기도 용인시 처인구 남사면,남사면,37.115707,127.128688
경기도 용인시 처인구 남사면,남사면,37.1328192,127.1287847
경기도 용인시 처인구 남사면,남사면,37.1538,127.144
경기도 용인시 처인구 남사면,남사면,37.122924,127.153925
경기도 용인시 처인구 이동읍,이동읍,37.1410839,127.1961623
경기도 용인시 처인구 이동읍,이동읍,37.2035,127.1723
경기도 용인시 처인구 이동읍,이동읍,37.199601,127.20935
경기도 용인시 처인구 이동읍,이동읍,37.1724,127.246
경기도 용인시 처인구 이동읍,이동읍,37.174101,127.209188
경기도 용인시 처인구 이동읍,이동읍,37.1567,127.2125
경기도 용인시 처인구 이동읍,이동읍,37.1482036,127.2290958
경기도 용인시 처인구 이동읍,이동읍,37.1324,127.2316
경기도 용인시 처인구 이동읍,이동읍,37.107999,127.1931
경기도 용인시 처인구 이동읍,이동읍,37.137,127.2096
경기도 용인시 처인구 모현읍,모현읍,37.3294524,127.2423688
경기도 용인시 처인구 모현읍,모현읍,37.3193852,127.1577482
경기도 용인시 처인구 모현읍,모현읍,37.3259,127.1739
경기도 용인시 처인구 모현읍,모현읍,37.3345,127.1911
경기도 용인시 처인구 모현읍,모현읍,37.3377,127.2211
경기도 용인시 처인구 모현읍,모현읍,37.3459,127.2403
경기도 용인시 처인구 모현읍,모현읍,37.3077,127.2541
경기도 용인시 처인구 모현읍,모현읍,37.325,127.2372
경기도 용인시 처인구 모현읍,모현읍,37.3413605,127.2590023
경기도 용인시 처인구 포곡읍,포곡읍,37.2779234,127.2308578
경기도 용인시 처인구 포곡읍,포곡읍,37.3152,127.208
경기도 용인시 처인구 포곡읍,포곡읍,37.3012903,127.2137174
경기도 용인시 처인구 포곡읍,포곡읍,37.2861925,127.2132144
경기도 용인시 처인구 포곡읍,포곡읍,37.299,127.183725
경기도 용인시 처인구 포곡읍,포곡읍,37.278,127.1879
경기도 용인시 처인구 포곡읍,포곡읍,37.2772657,127.2089223
경기도 용인시 처인구 포곡읍,포곡읍,37.270583,127.2239046
경기도 용인시 처인구 포곡읍,포곡읍,37.2823,127.2562
경기도 용인시 처인구 포곡읍,포곡읍,37.2847739,127.2392508
경기도 하남시 광암동,광암동,37.5185083,127.17325
경기도 하남시 초일동,초일동,37.5379917,127.181175
경기도 하남시 항동,항동,37.5003,127.1831
경기도 하남시 상사창동,상사창동,37.4952,127.1978
경기도 하남시 하사창동,하사창동,37.509583,127.2062
경기도 하남시 교산동,교산동,37.52085,127.205063
경기도 하남시 학암동,학암동,37.4779177,127.1624371
경기도 하남시 감이동,감이동,37.4991179,127.1636125
경기도 하남시 감일동,감일동,37.5089064,127.1594454
경기도 하남시 선동,선동,37.583,127.1887
경기도 하남시 미사동,미사동,37.560359,127.1888042
경기도 하남시 망월동,망월동,37.5696083,127.1880625
경기도 하남시 덕풍동,덕풍동,37.5351443,127.1984451
경기도 하남시 신장동,신장동,37.5387764,127.2094997
경기도 하남시 상산곡동,상산곡동,37.4923846,127.2353
경기도 하남시 배알미동,배알미동,37.5256667,127.27035
경기도 하남시 창우동,창우동,37.5353,127.2319
경기도 하남시 하산곡동,하산곡동,37.5095417,127.232575
경기도 하남시 미사2동,미사2동,37.5671464,127.186013
경기도 하남시 미사1동,미사1동,37.560359,127.1888042
경기도 하남시 초이동,초이동,37.536626,127.1708285
경기도 하남시 춘궁동,춘궁동,37.522175,127.19415
경기도 하남시 위례동,위례동,37.4771641,127.152502
경기도 하남시 감북동,감북동,37.516208,127.161688
경기도 하남시 풍산동,풍산동,37.5490162,127.1850893
경기도 하남시 덕풍3동,덕풍3동,37.5525612,127.2047464
경기도 하남시 덕풍2동,덕풍2동,37.5423007,127.1981257
경기도 하남시 덕풍1동,덕풍1동,37.5351443,127.1984451
경기도 하남시 신장2동,신장2동,37.5417094,127.2140117
경기도 하남시 신장1동,신장1동,37.5387764,127.2094997
경기도 하남시 천현동,천현동,37.5192377,127.2240489
경기도 의왕시 초평동,초평동,37.3117,126.9391
경기도 의왕시 월암동,월암동,37.310425,126.957675
경기도 의왕시 포일동,포일동,37.3937904,126.9878625
경기도 의왕시 내손동,내손동,37.378395,126.975689
경기도 의왕시 학의동,학의동,37.3746654,127.012
경기도 의왕시 왕곡동,왕곡동,37.3404,126.9938
경기도 의왕시 삼동,삼동,37.322625,126.956875
경기도 의왕시 이동,이동,37.3363,126.9593
경기도 의왕시 청계동,청계동,37.3885389,126.9960392
경기도 의왕시 내손2동,내손2동,37.3877106,126.9817009
경기도 의왕시 내손1동,내손1동,37.378395,126.975689
경기도 의왕시 오전동,오전동,37.3535389,126.9716032
경기도 의왕시 부곡동,부곡동,37.3185865,126.9567734
경기도 의왕시 고천동,고천동,37.3458022,126.9769369
경기도 군포시 도마교동,도마교동,37.3128,126.9226
경기도 군포시 대야미동,대야미동,37.3288,126.9195
경기도 군포시 속달동,속달동,37.3438071,126.89915
경기도 군포시 둔대동,둔대동,37.3276,126.894
경기도 군포시 산본동,산본동,37.373382,126.938588
경기도 군포시 부곡동,부곡동,37.3296201,126.9354292
경기도 군포시 당정동,당정동,37.3494154,126.9548875
경기도 군포시 당동,당동,37.3499654,126.9426
경기도 군포시 광정동,광정동,37.362132,126.927888
경기도 군포시 대야동,대야동,37.3302605,126.9153004
경기도 군포시 궁내동,궁내동,37.359674,126.921838
경기도 군포시 수리동,수리동,37.356065,126.921013
경기도 군포시 오금동,오금동,37.3510524,126.9294947
경기도 군포시 재궁동,재궁동,37.3583986,126.9390171
경기도 군포시 금정동,금정동,37.3654619,126.9393617
경기도 군포시 산본2동,산본2동,37.3699995,126.932724
경기도 군포시 산본1동,산본1동,37.373382,126.938588
경기도 군포시 군포2동,군포2동,37.346378,126.943131
경기도 군포시 군포1동,군포1동,37.353624,126.94555
경기도 시흥시 무지내동,무지내동,37.4152404,126.8380375
경기도 시흥시 죽율동,죽율동,37.3493154,126.76205
경기도 시흥시 정왕동,정왕동,37.3493011,126.7460506
경기도 시흥시 장현동,장현동,37.3799571,126.7989
경기도 시흥시 거모동,거모동,37.3549,126.7741
경기도 시흥시 논곡동,논곡동,37.395307,126.855838
경기도 시흥시 조남동,조남동,37.3741154,126.8649375
경기도 시흥시 산현동,산현동,37.3751,126.8384
경기도 시흥시 물왕동,물왕동,37.3838,126.8353
경기도 시흥시 광석동,광석동,37.3797404,126.8137375
경기도 시흥시 하상동,하상동,37.395157,126.813525
경기도 시흥시 하중동,하중동,37.3973237,126.7996875
경기도 시흥시 화정동,화정동,37.3615811,126.8174806
경기도 시흥시 계수동,계수동,37.4514679,126.8118
경기도 시흥시 금이동,금이동,37.4009,126.838
경기도 시흥시 도창동,도창동,37.4065154,126.8183
경기도 시흥시 안현동,안현동,37.4294513,126.8152875
경기도 시흥시 미산동,미산동,37.4187596,126.7902
경기도 시흥시 포동,포동,37.4055487,126.776825
경기도 시흥시 방산동,방산동,37.416074,126.765975
경기도 시흥시 능곡동,능곡동,37.366288,126.8157414
경기도 시흥시 장곡동,장곡동,37.3774491,126.7880786
경기도 시흥시 연성동,연성동,37.3815223,126.8033686
경기도 시흥시 과림동,과림동,37.4368753,126.8328517
경기도 시흥시 배곧동,배곧동,37.3676723,126.7222653
경기도 시흥시 정왕4동,정왕4동,37.3655768,126.7322396
경기도 시흥시 정왕3동,정왕3동,37.3575417,126.7264481
경기도 시흥시 정왕2동,정왕2동,37.3510792,126.7290066
경기도 시흥시 정왕1동,정왕1동,37.3402884,126.7439813
경기도 시흥시 정왕본동,정왕본동,37.3493011,126.7460506
경기도 시흥시 월곶동,월곶동,37.3889991,126.742512
경기도 시흥시 군자동,군자동,37.3400008,126.7849466
경기도 시흥시 목감동,목감동,37.3817456,126.8587443
경기도 시흥시 매화동,매화동,37.418057,126.8153507
경기도 시흥시 은행동,은행동,37.4364497,126.7979301
경기도 시흥시 신현동,신현동,37.4062009,126.7845787
경기도 시흥시 신천동,신천동,37.4353994,126.7817792
경기도 시흥시 대야동,대야동,37.4486107,126.7848597
경기도 오산시 갈곶동,갈곶동,37.1309,127.0726
경기도 오산시 청호동,청호동,37.1294,127.0851
경기도 오산시 고현동,고현동,37.133,127.0839
경기도 오산시 가수동,가수동,37.1466071,127.0549625
경기도 오산시 누읍동,누읍동,37.1387654,127.056425
경기도 오산시 탑동,탑동,37.1355,127.0481
경기도 오산시 두곡동,두곡동,37.1314,127.0457
경기도 오산시 벌음동,벌음동,37.1413,127.038
경기도 오산시 서동,서동,37.1504487,127.0384125
경기도 오산시 서랑동,서랑동,37.1748179,127.008625
경기도 오산시 지곶동,지곶동,37.1773,127.0257
경기도 오산시 세교동,세교동,37.1892789,127.0402972
경기도 오산시 양산동,양산동,37.1886,127.0164
경기도 오산시 외삼미동,외삼미동,37.1916,127.0565
경기도 오산시 내삼미동,내삼미동,37.1779,127.0611
경기도 오산시 은계동,은계동,37.16159,127.074025
경기도 오산시 수청동,수청동,37.1683,127.0646
경기도 오산시 금암동,금암동,37.1735429,127.045723
경기도 오산시 가장동,가장동,37.162615,127.034725
경기도 오산시 청학동,청학동,37.1523487,127.0558
경기도 오산시 궐동,궐동,37.1616987,127.0570375
경기도 오산시 원동,원동,37.140449,127.08405
경기도 오산시 부산동,부산동,37.1527237,127.088125
경기도 오산시 오산동,오산동,37.148157,127.0669
경기도 오산시 대원동,대원동,37.1387223,127.0717597
경기도 오산시 초평동,초평동,37.1401961,127.0441039
경기도 오산시 세마동,세마동,37.1883118,127.0407632
경기도 오산시 신장동,신장동,37.1767209,127.0547198
경기도 오산시 남촌동,남촌동,37.1545803,127.0634497
경기도 오산시 중앙동,중앙동,37.1523139,127.073136
경기도 남양주시 다산동,다산동,37.6139816,127.1554531
경기도 남양주시 도농동,도농동,37.6020261,127.1522096
경기도 남양주시 지금동,지금동,37.6026192,127.1638249
경기도 남양주시 수석동,수석동,37.58824,127.171088
경기도 남양주시 삼패동,삼패동,37.5956,127.1978
경기도 남양주시 이패동,이패동,37.609449,127.195775
경기도 남양주시 일패동,일패동,37.6205,127.1851
경기도 남양주시 별내동,별내동,37.6461794,127.1220036
경기도 남양주시 다산2동,다산2동,37.6076799,127.1694583
경기도 남양주시 다산1동,다산1동,37.6139816,127.1554531
경기도 남양주시 양정동,양정동,37.6163584,127.1871747
경기도 남양주시 금곡동,금곡동,37.6320823,127.2057224
경기도 남양주시 평내동,평내동,37.6483117,127.2360753
경기도 남양주시 호평동,호평동,37.6549037,127.2486496
경기도 남양주시 퇴계원면,퇴계원면,37.648977,127.1446626
경기도 남양주시 퇴계원면 퇴계원리,퇴계원리,37.6557392,127.1408407
경기도 남양주시 조안면,조안면,37.5359,127.30345
경기도 남양주시 조안면 시우리,시우리,37.5885071,127.29535
경기도 남양주시 조안면 삼봉리,삼봉리,37.5955071,127.324575
경기도 남양주시 조안면 송촌리,송촌리,37.57395,127.316975
경기도 남양주시 조안면 진중리,진중리,37.5622583,127.2858625
경기도 남양주시 조안면 조안리,조안리,37.5413333,127.299
경기도 남양주시 조안면 능내리,능내리,37.527775,127.2848125
경기도 남양주시 수동면,수동면,37.7035168,127.3259145
경기도 남양주시 수동면 송천리,송천리,37.6819429,127.3363125
경기도 남양주시 수동면 입석리,입석리,37.7091013,127.33655
경기도 남양주시 수동면 외방리,외방리,37.7443096,127.31725
경기도 남양주시 수동면 내방리,내방리,37.7559917,127.2876875
경기도 남양주시 수동면 수산리,수산리,37.7385763,127.2699
경기도 남양주시 수동면 지둔리,지둔리,37.7124429,127.2943375
경기도 남양주시 수동면 운수리,운수리,37.7058346,127.3167
경기도 남양주시 별내면,별내면,37.7025595,127.1247248
경기도 남양주시 별내면 광전리,광전리,37.6843429,127.1332375
경기도 남양주시 별내면 용암리,용암리,37.7312596,127.1397
경기도 남양주시 별내면 청학리,청학리,37.7053,127.1133
경기도 남양주시 오남읍,오남읍,37.6988761,127.2047125
경기도 남양주시 오남읍 오남리,오남리,37.6891917,127.211075
경기도 남양주시 오남읍 팔현리,팔현리,37.6923929,127.2512
경기도 남양주시 오남읍 양지리,양지리,37.7016763,127.197775
경기도 남양주시 진건읍,진건읍,37.6546279,127.1777148
경기도 남양주시 진건읍 송능리,송능리,37.6590904,127.2138875
경기도 남양주시 진건읍 용정리,용정리,37.6727061,127.1876284
경기도 남양주시 진건읍 신월리,신월리,37.6674429,127.1652875
경기도 남양주시 진건읍 진관리,진관리,37.6464074,127.165956
경기도 남양주시 진건읍 배양리,배양리,37.6332154,127.171275
경기도 남양주시 진건읍 사능리,사능리,37.6527987,127.1874375
경기도 남양주시 화도읍,화도읍,37.6579185,127.3006163
경기도 남양주시 화도읍 차산리,차산리,37.6224571,127.298675
경기도 남양주시 화도읍 녹촌리,녹촌리,37.6424904,127.2826875
경기도 남양주시 화도읍 창현리,창현리,37.6349487,127.3210565
경기도 남양주시 화도읍 월산리,월산리,37.6561821,127.33225
경기도 남양주시 화도읍 답내리,답내리,37.6615571,127.3476
경기도 남양주시 화도읍 금남리,금남리,37.6370378,127.3439532
경기도 남양주시 화도읍 구암리,구암리,37.6733846,127.3645875
경기도 남양주시 화도읍 가곡리,가곡리,37.6870263,127.300525
경기도 남양주시 화도읍 묵현리,묵현리,37.6629154,127.28275
경기도 남양주시 화도읍 마석우리,마석우리,37.6578737,127.3087625
경기도 남양주시 진접읍,진접읍,37.7259104,127.1895841
경기도 남양주시 진접읍 금곡리,금곡리,37.7208013,127.2096
경기도 남양주시 진접읍 진벌리,진벌리,37.7342846,127.2284
경기도 남양주시 진접읍 팔야리,팔야리,37.7514,127.2315125
경기도 남양주시 진접읍 부평리,부평리,37.7456096,127.173925
경기도 남양주시 진접읍 연평리,연평리,37.6979679,127.1786875
경기도 남양주시 진접읍 내곡리,내곡리,37.6820596,127.1543875
경기도 남양주시 진접읍 내각리,내각리,37.7075763,127.1606625
경기도 남양주시 진접읍 장현리,장현리,37.7271513,127.1765875
경기도 남양주시 와부읍,와부읍,37.5853734,127.2167005
경기도 남양주시 와부읍 율석리,율석리,37.6166071,127.225675
경기도 남양주시 와부읍 월문리,월문리,37.6140987,127.26355
경기도 남양주시 와부읍 팔당리,팔당리,37.5488,127.2532
경기도 남양주시 와부읍 도곡리,도곡리,37.5761917,127.2363875
경기도 남양주시 와부읍 덕소리,덕소리,37.5914154,127.2174375
경기도 구리시 토평동,토평동,37.5805,127.153
경기도 구리시 아천동,아천동,37.569925,127.116463
경기도 구리시 수택동,수택동,37.5964348,127.1491819
경기도 구리시 교문동,교문동,37.601215,127.127737
경기도 구리시 사노동,사노동,37.6351,127.1391
경기도 구리시 수택3동,수택3동,37.5915435,127.1389288
경기도 구리시 수택2동,수택2동,37.593193,127.1400424
경기도 구리시 수택1동,수택1동,37.5964348,127.1491819
경기도 구리시 교문2동,교문2동,37.587099,127.134137
경기도 구리시 교문1동,교문1동,37.601215,127.127737
경기도 구리시 인창동,인창동,37.6054396,127.1336694
경기도 구리시 동구동,동구동,37.6134686,127.1405406
경기도 구리시 갈매동,갈매동,37.6310929,127.1165641
경기도 과천시 원문동,원문동,37.4221763,126.991325
경기도 과천시 주암동,주암동,37.4519,127.025
경기도 과천시 막계동,막계동,37.4268,127.0262
경기도 과천시 관문동,관문동,37.4426,126.9882
경기도 과천시 문원동,문원동,37.4264061,127.0018402
경기도 과천시 과천동,과천동,37.4484318,126.9954261
경기도 과천시 부림동,부림동,37.4335392,126.9986011
경기도 과천시 별양동,별양동,37.4242466,126.9937989
경기도 과천시 갈현동,갈현동,37.4194212,126.9891793
경기도 과천시 중앙동,중앙동,37.4331902,126.9933735
경기도 고양시 일산서구,일산서구,37.6779915,126.7452891
경기도 고양시 일산서구 법곳동,법곳동,37.664949,126.7119
경기도 고양시 일산서구 구산동,구산동,37.6822,126.6897
경기도 고양시 일산서구 가좌동,가좌동,37.6844586,126.7208697
경기도 고양시 일산서구 덕이동,덕이동,37.6909096,126.7543051
경기도 고양시 일산서구 주엽동,주엽동,37.6701406,126.7632627
경기도 고양시 일산서구 일산동,일산동,37.6872246,126.7686386
경기도 고양시 일산서구 송포동,송포동,37.6714524,126.7355113
경기도 고양시 일산서구 대화동,대화동,37.6829774,126.7551772
경기도 고양시 일산서구 주엽2동,주엽2동,37.6741199,126.7604919
경기도 고양시 일산서구 주엽1동,주엽1동,37.6701406,126.7632627
경기도 고양시 일산서구 탄현동,탄현동,37.6943312,126.7684293
경기도 고양시 일산서구 일산3동,일산3동,37.6769922,126.7702328
경기도 고양시 일산서구 일산2동,일산2동,37.6846227,126.7772051
경기도 고양시 일산서구 일산1동,일산1동,37.6872246,126.7686386
경기도 고양시 일산동구,일산동구,37.6586218,126.7751907
경기도 고양시 일산동구 성석동,성석동,37.7019,126.7964
경기도 고양시 일산동구 문봉동,문봉동,37.7007,126.8263
경기도 고양시 일산동구 설문동,설문동,37.7221,126.8058
경기도 고양시 일산동구 지영동,지영동,37.7167,126.8305
경기도 고양시 일산동구 사리현동,사리현동,37.7,126.8426
경기도 고양시 일산동구 산황동,산황동,37.6511,126.8076
경기도 고양시 일산동구 풍동,풍동,37.6694,126.7955
경기도 고양시 일산동구 백석동,백석동,37.6496787,126.7925109
경기도 고양시 일산동구 마두동,마두동,37.6558186,126.7898159
경기도 고양시 일산동구 장항동,장항동,37.6416066,126.7705335
경기도 고양시 일산동구 고봉동,고봉동,37.70188,126.8272398
경기도 고양시 일산동구 장항2동,장항2동,37.6498658,126.7782973
경기도 고양시 일산동구 장항1동,장항1동,37.6416066,126.7705335
경기도 고양시 일산동구 마두2동,마두2동,37.6535737,126.7844995
경기도 고양시 일산동구 마두1동,마두1동,37.6558186,126.7898159
경기도 고양시 일산동구 백석2동,백석2동,37.6439531,126.7856111
경기도 고양시 일산동구 백석1동,백석1동,37.6496787,126.7925109
경기도 고양시 일산동구 풍산동,풍산동,37.6641075,126.7999452
경기도 고양시 일산동구 정발산동,정발산동,37.6724844,126.7798523
경기도 고양시 일산동구 중산동,중산동,37.6917801,126.7804653
경기도 고양시 일산동구 식사동,식사동,37.677304,126.8137384
경기도 고양시 덕양구,덕양구,37.637471,126.832397
경기도 고양시 덕양구 향동동,향동동,37.6005,126.8925
경기도 고양시 덕양구 덕은동,덕은동,37.587,126.8709
경기도 고양시 덕양구 현천동,현천동,37.5911,126.8489
경기도 고양시 덕양구 행신동,행신동,37.6223167,126.8359162
경기도 고양시 덕양구 신평동,신평동,37.6205,126.7859
경기도 고양시 덕양구 행주외동,행주외동,37.6046,126.8153
경기도 고양시 덕양구 행주내동,행주내동,37.604,126.8291
경기도 고양시 덕양구 강매동,강매동,37.6019,126.8431
경기도 고양시 덕양구 화정동,화정동,37.6446876,126.8335106
경기도 고양시 덕양구 대장동,대장동,37.6349,126.8174
경기도 고양시 덕양구 내곡동,내곡동,37.6385043,126.8033674
경기도 고양시 덕양구 토당동,토당동,37.6236,126.816
경기도 고양시 덕양구 내유동,내유동,37.7219,126.8558
경기도 고양시 덕양구 대자동,대자동,37.6977,126.8858
경기도 고양시 덕양구 선유동,선유동,37.6937,126.9117
경기도 고양시 덕양구 벽제동,벽제동,37.7217,126.9071
경기도 고양시 덕양구 용두동,용두동,37.6261,126.8913
경기도 고양시 덕양구 동산동,동산동,37.6413183,126.8965333
경기도 고양시 덕양구 오금동,오금동,37.6674,126.9138
경기도 고양시 덕양구 지축동,지축동,37.6689,126.9457
경기도 고양시 덕양구 북한동,북한동,37.6457,126.972
경기도 고양시 덕양구 성사동,성사동,37.6571461,126.8364078
경기도 고양시 덕양구 도내동,도내동,37.6253,126.8621
경기도 고양시 덕양구 원흥동,원흥동,37.6468,126.869
경기도 고양시 덕양구 신원동,신원동,37.672,126.8775
경기도 고양시 덕양구 원당동,원당동,37.6709,126.86
경기도 고양시 덕양구 대덕동,대덕동,37.5855421,126.8751675
경기도 고양시 덕양구 화전동,화전동,37.6000423,126.8726717
경기도 고양시 덕양구 행신3동,행신3동,37.6263897,126.8386242
경기도 고양시 덕양구 행신2동,행신2동,37.6151731,126.8330498
경기도 고양시 덕양구 행신1동,행신1동,37.6223167,126.8359162
경기도 고양시 덕양구 행주동,행주동,37.6184671,126.8253826
경기도 고양시 덕양구 화정2동,화정2동,37.6305713,126.8357629
경기도 고양시 덕양구 화정1동,화정1동,37.6446876,126.8335106
경기도 고양시 덕양구 능곡동,능곡동,37.6227988,126.8180599
경기도 고양시 덕양구 관산동,관산동,37.6880323,126.8625622
경기도 고양시 덕양구 고양동,고양동,37.7033661,126.9037032
경기도 고양시 덕양구 창릉동,창릉동,37.6455111,126.8865438
경기도 고양시 덕양구 삼송동,삼송동,37.6525828,126.8937039
경기도 고양시 덕양구 효자동,효자동,37.6616525,126.949098
경기도 고양시 덕양구 성사2동,성사2동,37.6529536,126.8329696
경기도 고양시 덕양구 성사1동,성사1동,37.6571461,126.8364078
경기도 고양시 덕양구 흥도동,흥도동,37.6449331,126.8543984
경기도 고양시 덕양구 원신동,원신동,37.6773754,126.8758486
경기도 고양시 덕양구 주교동,주교동,37.6594316,126.8296303
경기도 안산시 단원구,단원구,37.3210171,126.8152642
경기도 안산시 단원구 화정동,화정동,37.3568987,126.8321125
경기도 안산시 단원구 풍도동,풍도동,37.1095352,126.3870629
경기도 안산시 단원구 선감동,선감동,37.2188936,126.6389783
경기도 안산시 단원구 대부남동,대부남동,37.2069429,126.5480625
경기도 안산시 단원구 대부북동,대부북동,37.2901,126.579825
경기도 안산시 단원구 대부동동,대부동동,37.2507583,126.6033125
경기도 안산시 단원구 선부동,선부동,37.3342173,126.8044133
경기도 안산시 단원구 목내동,목내동,37.3096667,126.77315
경기도 안산시 단원구 원시동,원시동,37.3099417,126.7874625
경기도 안산시 단원구 성곡동,성곡동,37.3154917,126.747175
경기도 안산시 단원구 대부동,대부동,37.2507583,126.6033125
경기도 안산시 단원구 선부3동,선부3동,37.3450842,126.8125687
경기도 안산시 단원구 선부2동,선부2동,37.3385679,126.8027074
경기도 안산시 단원구 선부1동,선부1동,37.3342173,126.8044133
경기도 안산시 단원구 초지동,초지동,37.3099668,126.8168082
경기도 안산시 단원구 신길동,신길동,37.3348414,126.7831367
경기도 안산시 단원구 백운동,백운동,37.3279709,126.7970249
경기도 안산시 단원구 원곡동,원곡동,37.3332548,126.7908383
경기도 안산시 단원구 호수동,호수동,37.3102993,126.8243128
경기도 안산시 단원구 중앙동,중앙동,37.3237954,126.8375919
경기도 안산시 단원구 고잔동,고잔동,37.3271115,126.8191528
경기도 안산시 단원구 와동,와동,37.3417115,126.825681
경기도 안산시 상록구,상록구,37.3010813,126.8466515
경기도 안산시 상록구 장하동,장하동,37.3525487,126.85735
경기도 안산시 상록구 장상동,장상동,37.3536904,126.877375
경기도 안산시 상록구 수암동,수암동,37.3623737,126.8792875
경기도 안산시 상록구 사사동,사사동,37.2938333,126.921775
경기도 안산시 상록구 건건동,건건동,37.3067583,126.9082
경기도 안산시 상록구 팔곡일동,팔곡일동,37.307075,126.8897875
경기도 안산시 상록구 양상동,양상동,37.3532821,126.845725
경기도 안산시 상록구 팔곡이동,팔곡이동,37.2901,126.88975
경기도 안산시 상록구 본오동,본오동,37.2851062,126.8642702
경기도 안산시 상록구 안산동,안산동,37.361902,126.8733861
경기도 안산시 상록구 반월동,반월동,37.306075,126.902263
경기도 안산시 상록구 성포동,성포동,37.3274899,126.8442549
경기도 안산시 상록구 월피동,월피동,37.3335361,126.8566398
경기도 안산시 상록구 부곡동,부곡동,37.3319447,126.8610894
경기도 안산시 상록구 본오3동,본오3동,37.301474,126.86379
경기도 안산시 상록구 본오2동,본오2동,37.2962915,126.8722393
경기도 안산시 상록구 본오1동,본오1동,37.2851062,126.8642702
경기도 안산시 상록구 해양동,해양동,37.2948439,126.8200683
경기도 안산시 상록구 사이동,사이동,37.2898254,126.851854
경기도 안산시 상록구 사동,사동,37.297091,126.8509914
경기도 안산시 상록구 이동,이동,37.305375,126.8608625
경기도 안산시 상록구 일동,일동,37.31036,126.8661286
경기도 동두천시 탑동동,탑동동,37.8873,127.1168
경기도 동두천시 하봉암동,하봉암동,37.9642,127.0681
경기도 동두천시 상봉암동,상봉암동,37.9484,127.0582
경기도 동두천시 안흥동,안흥동,37.9325,127.0317
경기도 동두천시 동두천동,동두천동,37.9331,127.0586
경기도 동두천시 걸산동,걸산동,37.9277,127.0959
경기도 동두천시 광암동,광암동,37.9026,127.0954
경기도 동두천시 생연동,생연동,37.9073954,127.0659186
경기도 동두천시 지행동,지행동,37.8895,127.0644
경기도 동두천시 상패동,상패동,37.9053732,127.0443573
경기도 동두천시 소요동,소요동,37.9294598,127.0572866
경기도 동두천시 송내동,송내동,37.8902826,127.0544406
경기도 동두천시 불현동,불현동,37.8984392,127.0624287
경기도 동두천시 보산동,보산동,37.9176479,127.0613214
경기도 동두천시 중앙동,중앙동,37.9077884,127.0532558
경기도 동두천시 생연2동,생연2동,37.9012042,127.0499271
경기도 동두천시 생연1동,생연1동,37.9073954,127.0659186
경기도 평택시 죽백동,죽백동,37.0075,127.125
경기도 평택시 청룡동,청룡동,37.0253,127.1227
경기도 평택시 월곡동,월곡동,37.0224,127.14
경기도 평택시 용이동,용이동,36.9975724,127.1337314
경기도 평택시 소사동,소사동,36.985101,127.12735
경기도 평택시 신대동,신대동,37.001575,127.065012
경기도 평택시 지제동,지제동,37.018,127.0669
경기도 평택시 동삭동,동삭동,37.0152,127.0965
경기도 평택시 비전동,비전동,37.0026,127.1022
경기도 평택시 합정동,합정동,36.985,127.1036
경기도 평택시 유천동,유천동,36.9755,127.1115
경기도 평택시 군문동,군문동,36.9813,127.0884
경기도 평택시 평택동,평택동,36.9897913,127.0845923
경기도 평택시 신장동,신장동,37.0840297,127.0524069
경기도 평택시 독곡동,독곡동,37.087,127.0695
경기도 평택시 이충동,이충동,37.0594,127.0689
경기도 평택시 장안동,장안동,37.058725,127.08465
경기도 평택시 가재동,가재동,37.044,127.0847
경기도 평택시 도일동,도일동,37.051058,127.110263
경기도 평택시 칠원동,칠원동,37.0259,127.1077
경기도 평택시 칠괴동,칠괴동,37.0328,127.0914
경기도 평택시 모곡동,모곡동,37.0334,127.0777
경기도 평택시 장당동,장당동,37.0474562,127.0605304
경기도 평택시 세교동,세교동,36.9999768,127.0824417
경기도 평택시 비전2동,비전2동,36.9903562,127.1117538
경기도 평택시 비전1동,비전1동,37.010942,127.1121714
경기도 평택시 통복동,통복동,37.0008153,127.0872017
경기도 평택시 원평동,원평동,36.9893304,127.0805337
경기도 평택시 신평동,신평동,36.9900919,127.0927265
경기도 평택시 신장2동,신장2동,37.0764515,127.0524346
경기도 평택시 신장1동,신장1동,37.0840297,127.0524069
경기도 평택시 송북동,송북동,37.0816288,127.0602396
경기도 평택시 지산동,지산동,37.0774217,127.0575964
경기도 평택시 송탄동,송탄동,37.0444288,127.0950366
경기도 평택시 서정동,서정동,37.0677833,127.054675
경기도 평택시 중앙동,중앙동,37.0554014,127.0560139
경기도 평택시 현덕면,현덕면,36.9674003,126.9214991
경기도 평택시 현덕면 방축리,방축리,36.9531,126.8964
경기도 평택시 현덕면 장수리,장수리,36.9372,126.9049
경기도 평택시 현덕면 권관리,권관리,36.9201,126.9164
경기도 평택시 현덕면 기산리,기산리,36.9321,126.9306
경기도 평택시 현덕면 대안리,대안리,36.9345,126.946
경기도 평택시 현덕면 신왕리,신왕리,36.9322,126.9709
경기도 평택시 현덕면 덕목리,덕목리,36.9532,126.9591
경기도 평택시 현덕면 인광리,인광리,36.9643,126.9259
경기도 평택시 현덕면 황산리,황산리,36.9593,126.9342
경기도 평택시 현덕면 화양리,화양리,36.9736,126.9065
경기도 평택시 현덕면 운정리,운정리,36.9759857,126.8943551
경기도 평택시 현덕면 도대리,도대리,36.9561,126.9101
경기도 평택시 오성면,오성면,37.007742,126.980313
경기도 평택시 오성면 창내리,창내리,36.9919,127.0259
경기도 평택시 오성면 당거리,당거리,36.9905,126.9997
경기도 평택시 오성면 길음리,길음리,36.9842,126.9682
경기도 평택시 오성면 죽리,죽리,37.015992,126.964525
경기도 평택시 오성면 양교리,양교리,37.028092,126.952538
경기도 평택시 오성면 안화리,안화리,37.019992,126.996938
경기도 평택시 오성면 신리,신리,37.0072,127.0168
경기도 평택시 오성면 교포리,교포리,37.0033,126.999
경기도 평택시 오성면 숙성리,숙성리,37.003,126.9859
경기도 평택시 고덕면,고덕면,37.0423001,127.0177448
경기도 평택시 고덕면 좌교리,좌교리,37.0415357,127.0252459
경기도 평택시 고덕면 여염리,여염리,37.0345,127.0485
경기도 평택시 고덕면 방축리,방축리,37.021481,127.0445126
경기도 평택시 고덕면 동고리,동고리,37.0026,127.0437
경기도 평택시 고덕면 궁리,궁리,37.0204,127.0317
경기도 평택시 고덕면 해창리,해창리,37.0322,127.0205
경기도 평택시 고덕면 동청리,동청리,37.0419,126.9986
경기도 평택시 고덕면 문곡리,문곡리,37.0636,127.0067
경기도 평택시 고덕면 두릉리,두릉리,37.0608,127.023
경기도 평택시 고덕면 당현리,당현리,37.0665,127.0361
경기도 평택시 서탄면,서탄면,37.108232,127.035325
경기도 평택시 서탄면 황구지리,황구지리,37.0765083,126.99555
경기도 평택시 서탄면 금각리,금각리,37.0815,127.0079
경기도 평택시 서탄면 장등리,장등리,37.0822,127.0214125
경기도 평택시 서탄면 적봉리,적봉리,37.08799,127.037612
경기도 평택시 서탄면 회화리,회화리,37.097599,127.013212
경기도 평택시 서탄면 마두리,마두리,37.1077,127.0107
경기도 평택시 서탄면 내천리,내천리,37.1211,127.0056
경기도 평택시 서탄면 수월암리,수월암리,37.123864,127.032069
경기도 평택시 서탄면 사리,사리,37.1165,127.0448
경기도 평택시 서탄면 금암리,금암리,37.1053,127.0362
경기도 평택시 진위면,진위면,37.1000622,127.090581
경기도 평택시 진위면 신리,신리,37.097644,127.0675092
경기도 평택시 진위면 하북리,하북리,37.104,127.0534
경기도 평택시 진위면 견산리,견산리,37.1041,127.0739
경기도 평택시 진위면 가곡리,가곡리,37.1141,127.0775
경기도 평택시 진위면 야막리,야막리,37.1233,127.0578
경기도 평택시 진위면 갈곶리,갈곶리,37.1232,127.074
경기도 평택시 진위면 청호리,청호리,37.1237,127.0886
경기도 평택시 진위면 고현리,고현리,37.133,127.0946
경기도 평택시 진위면 동천리,동천리,37.1228,127.1017
경기도 평택시 진위면 은산리,은산리,37.089199,127.114288
경기도 평택시 진위면 마산리,마산리,37.0881,127.0926
경기도 평택시 진위면 봉남리,봉남리,37.1013,127.0948
경기도 평택시 청북읍,청북읍,37.0398794,126.9343352
경기도 평택시 청북읍 고렴리,고렴리,37.0614,126.9267
경기도 평택시 청북읍 어소리,어소리,37.0547,126.9539
경기도 평택시 청북읍 한산리,한산리,37.0549,126.9643
경기도 평택시 청북읍 율북리,율북리,37.0622,126.9818
경기도 평택시 청북읍 어연리,어연리,37.0464,126.9825
경기도 평택시 청북읍 백봉리,백봉리,37.0347583,126.9835
경기도 평택시 청북읍 토진리,토진리,37.0373,126.959763
경기도 평택시 청북읍 후사리,후사리,37.03,126.93725
경기도 평택시 청북읍 옥길리,옥길리,37.0253,126.9111
경기도 평택시 청북읍 고잔리,고잔리,37.058425,126.885863
경기도 평택시 청북읍 삼계리,삼계리,37.0444,126.9123
경기도 평택시 청북읍 현곡리,현곡리,37.05395,126.940125
경기도 평택시 포승읍,포승읍,36.982943,126.88515
경기도 평택시 포승읍 홍원리,홍원리,37.014775,126.8942
경기도 평택시 포승읍 석정리,석정리,37.007258,126.897925
경기도 평택시 포승읍 방림리,방림리,36.9725,126.885
경기도 평택시 포승읍 신영리,신영리,36.9511013,126.881725
경기도 평택시 포승읍 희곡리,희곡리,36.9599,126.8702
경기도 평택시 포승읍 만호리,만호리,36.9649,126.8499
경기도 평택시 포승읍 원정리,원정리,37.004817,126.822288
경기도 평택시 포승읍 도곡리,도곡리,36.9955,126.8591
경기도 평택시 포승읍 내기리,내기리,36.9767,126.8647
경기도 평택시 안중읍,안중읍,36.9860645,126.9313225
경기도 평택시 안중읍 현화리,현화리,36.9816,126.9184
경기도 평택시 안중읍 송담리,송담리,36.9761,126.935
경기도 평택시 안중읍 성해리,성해리,36.9958,126.9046
경기도 평택시 안중읍 덕우리,덕우리,37.008125,126.915513
경기도 평택시 안중읍 용성리,용성리,37.01475,126.939075
경기도 평택시 안중읍 삼정리,삼정리,36.9663,126.9638
경기도 평택시 안중읍 대반리,대반리,36.982893,126.952938
경기도 평택시 안중읍 금곡리,금곡리,36.9988,126.9508
경기도 평택시 안중읍 학현리,학현리,36.996435,126.9218
경기도 평택시 안중읍 안중리,안중리,36.9893,126.9349
경기도 평택시 팽성읍,팽성읍,36.9651726,127.0624052
경기도 평택시 팽성읍 송화리,송화리,36.9481483,127.0481602
경기도 평택시 팽성읍 내리,내리,36.9735,127.024
경기도 평택시 팽성읍 동창리,동창리,36.9694,127.0329
경기도 평택시 팽성읍 안정리,안정리,36.9592703,127.0447569
경기도 평택시 팽성읍 대사리,대사리,36.9443,127.0671
경기도 평택시 팽성읍 석근리,석근리,36.9385,127.0502
경기도 평택시 팽성읍 두정리,두정리,36.9436,127.0297
경기도 평택시 팽성읍 노성리,노성리,36.9362,127.0233
경기도 평택시 팽성읍 노양리,노양리,36.9383,126.9978
경기도 평택시 팽성읍 본정리,본정리,36.9456,127.0137
경기도 평택시 팽성읍 신대리,신대리,36.9484,126.9956
경기도 평택시 팽성읍 함정리,함정리,36.9562,127.0297
경기도 평택시 팽성읍 도두리,도두리,36.9703,126.9913
경기도 평택시 팽성읍 원정리,원정리,36.9757,127.0381
경기도 평택시 팽성읍 석봉리,석봉리,36.9881,127.0469
경기도 평택시 팽성읍 근내리,근내리,36.9732,127.0508
경기도 평택시 팽성읍 신호리,신호리,36.9858,127.0603
경기도 평택시 팽성읍 두리,두리,36.9741,127.0647
경기도 평택시 팽성읍 신궁리,신궁리,36.9801096,127.068
경기도 평택시 팽성읍 평궁리,평궁리,36.9735673,127.0895031
경기도 평택시 팽성읍 노와리,노와리,36.9545,127.0904
경기도 평택시 팽성읍 추팔리,추팔리,36.9618429,127.0802625
경기도 평택시 팽성읍 남산리,남산리,36.9547,127.0646
경기도 평택시 팽성읍 객사리,객사리,36.9664058,127.0642082
경기도 광명시 옥길동,옥길동,37.4663769,126.8366894
경기도 광명시 가학동,가학동,37.4164571,126.85785
경기도 광명시 일직동,일직동,37.4206,126.8816
경기도 광명시 노온사동,노온사동,37.4411,126.852
경기도 광명시 소하동,소하동,37.4522686,126.8848965
경기도 광명시 하안동,하안동,37.4651274,126.8691448
경기도 광명시 철산동,철산동,37.4908162,126.8678956
경기도 광명시 광명동,광명동,37.4886309,126.862675
경기도 광명시 학온동,학온동,37.4154672,126.8513466
경기도 광명시 소하2동,소하2동,37.4320913,126.8801468
경기도 광명시 소하1동,소하1동,37.4522686,126.8848965
경기도 광명시 하안4동,하안4동,37.4657221,126.8777341
경기도 광명시 하안3동,하안3동,37.4587053,126.8816257
경기도 광명시 하안2동,하안2동,37.4647164,126.8747335
경기도 광명시 하안1동,하안1동,37.4651274,126.8691448
경기도 광명시 철산4동,철산4동,37.4740874,126.8644726
경기도 광명시 철산3동,철산3동,37.4771336,126.8724885
경기도 광명시 철산2동,철산2동,37.4847268,126.8666343
경기도 광명시 철산1동,철산1동,37.4908162,126.8678956
경기도 광명시 광명7동,광명7동,37.4693912,126.8531754
경기도 광명시 광명6동,광명6동,37.4710873,126.8486568
경기도 광명시 광명5동,광명5동,37.4787763,126.8474777
경기도 광명시 광명4동,광명4동,37.4771452,126.8563358
경기도 광명시 광명3동,광명3동,37.4802281,126.8569482
경기도 광명시 광명2동,광명2동,37.4834122,126.8559026
경기도 광명시 광명1동,광명1동,37.4886309,126.862675
경기도 부천시 내동,내동,37.5212,126.7826
경기도 부천시 삼정동,삼정동,37.5246,126.768
경기도 부천시 대장동,대장동,37.5442,126.7765
경기도 부천시 고강동,고강동,37.532167,126.81715
경기도 부천시 원종동,원종동,37.5263917,126.805275
경기도 부천시 작동,작동,37.5136,126.815
경기도 부천시 여월동,여월동,37.5138,126.7985
경기도 부천시 계수동,계수동,37.4637483,126.8088708
경기도 부천시 옥길동,옥길동,37.4679904,126.824724
경기도 부천시 송내동,송내동,37.480093,126.765113
경기도 부천시 괴안동,괴안동,37.4810104,126.812106
경기도 부천시 범박동,범박동,37.4701848,126.813194
경기도 부천시 심곡본동,심곡본동,37.4807394,126.7800433
경기도 부천시 역곡동,역곡동,37.49031,126.808088
경기도 부천시 소사동,소사동,37.4858883,126.7945927
경기도 부천시 약대동,약대동,37.5126,126.7702
경기도 부천시 도당동,도당동,37.5163212,126.7859358
경기도 부천시 춘의동,춘의동,37.5027214,126.7858889
경기도 부천시 원미동,원미동,37.4942,126.7924
경기도 부천시 오정동,오정동,37.5283699,126.796025
경기도 부천시 성곡동,성곡동,37.5167184,126.8034928
경기도 부천시 범안동,범안동,37.4784166,126.8068977
경기도 부천시 소사본동,소사본동,37.4800723,126.79993
경기도 부천시 대산동,대산동,37.4824389,126.7789446
경기도 부천시 상동,상동,37.5005775,126.7544075
경기도 부천시 신중동,신중동,37.5060408,126.7625573
경기도 부천시 중동,중동,37.4878237,126.7682137
경기도 부천시 부천동,부천동,37.4965961,126.7871105
경기도 부천시 심곡동,심곡동,37.4873092,126.7870845
경기도 안양시 동안구,동안구,37.3925739,126.9513539
경기도 안양시 동안구 호계동,호계동,37.3709175,126.9583585
경기도 안양시 동안구 관양동,관양동,37.406214,126.9614021
경기도 안양시 동안구 비산동,비산동,37.3997978,126.933702
경기도 안양시 동안구 갈산동,갈산동,37.3761444,126.9660952
경기도 안양시 동안구 신촌동,신촌동,37.381817,126.9562459
경기도 안양시 동안구 범계동,범계동,37.3897742,126.9524664
경기도 안양시 동안구 호계3동,호계3동,37.3675674,126.958614
경기도 안양시 동안구 호계2동,호계2동,37.386456,126.9453031
경기도 안양시 동안구 호계1동,호계1동,37.3709175,126.9583585
경기도 안양시 동안구 귀인동,귀인동,37.3855123,126.9694645
경기도 안양시 동안구 평안동,평안동,37.390407,126.964238
경기도 안양시 동안구 평촌동,평촌동,37.3946789,126.9770774
경기도 안양시 동안구 부림동,부림동,37.3987253,126.9594206
경기도 안양시 동안구 관양2동,관양2동,37.4022817,126.9710143
경기도 안양시 동안구 관양1동,관양1동,37.406214,126.9614021
경기도 안양시 동안구 달안동,달안동,37.3960819,126.950179
경기도 안양시 동안구 부흥동,부흥동,37.3936738,126.9471793
경기도 안양시 동안구 비산3동,비산3동,37.4040626,126.9455755
경기도 안양시 동안구 비산2동,비산2동,37.3980251,126.9389211
경기도 안양시 동안구 비산1동,비산1동,37.3997978,126.933702
경기도 안양시 만안구,만안구,37.386649,126.932325
경기도 안양시 만안구 박달동,박달동,37.4036972,126.9091077
경기도 안양시 만안구 석수동,석수동,37.4196839,126.9105353
경기도 안양시 만안구 안양동,안양동,37.3989921,126.9259084
경기도 안양시 만안구 박달2동,박달2동,37.4019599,126.9047083
경기도 안양시 만안구 박달1동,박달1동,37.4036972,126.9091077
경기도 안양시 만안구 석수3동,석수3동,37.4091957,126.8994063
경기도 안양시 만안구 석수2동,석수2동,37.4139694,126.9093548
경기도 안양시 만안구 석수1동,석수1동,37.4196839,126.9105353
경기도 안양시 만안구 안양9동,안양9동,37.3914649,126.9083832
경기도 안양시 만안구 안양8동,안양8동,37.384224,126.9321519
경기도 안양시 만안구 안양7동,안양7동,37.3914353,126.9337068
경기도 안양시 만안구 안양6동,안양6동,37.390057,126.9305665
경기도 안양시 만안구 안양5동,안양5동,37.39429,126.920838
경기도 안양시 만안구 안양4동,안양4동,37.3965313,126.9178571
경기도 안양시 만안구 안양3동,안양3동,37.3962813,126.9147074
경기도 안양시 만안구 안양2동,안양2동,37.4050805,126.9177569
경기도 안양시 만안구 안양1동,안양1동,37.3989921,126.9259084
경기도 의정부시 산곡동,산곡동,37.7182,127.109
경기도 의정부시 고산동,고산동,37.7293,127.0977
경기도 의정부시 금오동,금오동,37.7572,127.0664
경기도 의정부시 자일동,자일동,37.7664,127.0943
경기도 의정부시 낙양동,낙양동,37.7572,127.1093
경기도 의정부시 민락동,민락동,37.745201,127.099838
경기도 의정부시 용현동,용현동,37.7315,127.0807
경기도 의정부시 신곡동,신곡동,37.7315413,127.0567956
경기도 의정부시 호원동,호원동,37.7120303,127.0487645
경기도 의정부시 의정부동,의정부동,37.7464356,127.0475771
경기도 의정부시 녹양동,녹양동,37.7600465,127.0322732
경기도 의정부시 흥선동,흥선동,37.7463446,127.0306961
경기도 의정부시 가능동,가능동,37.7505409,127.0384877
경기도 의정부시 자금동,자금동,37.7502752,127.0582251
경기도 의정부시 송산2동,송산2동,37.7397109,127.0899922
경기도 의정부시 송산1동,송산1동,37.7311817,127.0866851
경기도 의정부시 신곡2동,신곡2동,37.7436996,127.0579769
경기도 의정부시 신곡1동,신곡1동,37.7315413,127.0567956
경기도 의정부시 장암동,장암동,37.7264068,127.0542544
경기도 의정부시 호원2동,호원2동,37.7263805,127.0430544
경기도 의정부시 호원1동,호원1동,37.7120303,127.0487645
경기도 의정부시 의정부2동,의정부2동,37.7407861,127.0427947
경기도 의정부시 의정부1동,의정부1동,37.7464356,127.0475771
경기도 성남시 분당구,분당구,37.3828195,127.1189255
경기도 성남시 분당구 하산운동,하산운동,37.3808995,127.0759826
경기도 성남시 분당구 석운동,석운동,37.378,127.0407
경기도 성남시 분당구 대장동,대장동,37.3691,127.0654
경기도 성남시 분당구 동원동,동원동,37.3451561,127.0993979
경기도 성남시 분당구 궁내동,궁내동,37.3701321,127.09165
경기도 성남시 분당구 야탑동,야탑동,37.4119827,127.130218
경기도 성남시 분당구 이매동,이매동,37.3995239,127.127146
경기도 성남시 분당구 서현동,서현동,37.381382,127.1348
경기도 성남시 분당구 율동,율동,37.3856,127.1617
경기도 성남시 분당구 수내동,수내동,37.3755813,127.1178736
경기도 성남시 분당구 운중동,운중동,37.3906424,127.0777747
경기도 성남시 분당구 구미동,구미동,37.3402542,127.1226373
경기도 성남시 분당구 구미1동,구미1동,37.349365,127.111763
경기도 성남시 분당구 금곡동,금곡동,37.3516471,127.1070525
경기도 성남시 분당구 백현동,백현동,37.3885485,127.1108299
경기도 성남시 분당구 삼평동,삼평동,37.4060784,127.1163916
경기도 성남시 분당구 판교동,판교동,37.389844,127.0986189
경기도 성남시 분당구 야탑3동,야탑3동,37.4108339,127.1379228
경기도 성남시 분당구 야탑2동,야탑2동,37.4094172,127.1273614
경기도 성남시 분당구 야탑1동,야탑1동,37.4119827,127.130218
경기도 성남시 분당구 이매2동,이매2동,37.3996238,127.1218494
경기도 성남시 분당구 이매1동,이매1동,37.3995239,127.127146
경기도 성남시 분당구 서현2동,서현2동,37.3760371,127.1345991
경기도 성남시 분당구 서현1동,서현1동,37.3829264,127.1260293
경기도 성남시 분당구 정자3동,정자3동,37.3607965,127.1195385
경기도 성남시 분당구 정자2동,정자2동,37.3660181,127.1152768
경기도 성남시 분당구 정자1동,정자1동,37.3727984,127.106363
경기도 성남시 분당구 정자동,정자동,37.3614503,127.1115333
경기도 성남시 분당구 수내3동,수내3동,37.3668933,127.1261412
경기도 성남시 분당구 수내2동,수내2동,37.372557,127.120925
경기도 성남시 분당구 수내1동,수내1동,37.3755813,127.1178736
경기도 성남시 분당구 분당동,분당동,37.3702367,127.1310988
경기도 성남시 중원구,중원구,37.4305233,127.1372098
경기도 성남시 중원구 갈현동,갈현동,37.4236513,127.173775
경기도 성남시 중원구 여수동,여수동,37.4219179,127.132125
경기도 성남시 중원구 상대원동,상대원동,37.4332259,127.1643759
경기도 성남시 중원구 은행동,은행동,37.4521126,127.1689061
경기도 성남시 중원구 금광동,금광동,37.445026,127.1624028
경기도 성남시 중원구 도촌동,도촌동,37.4163195,127.1528116
경기도 성남시 중원구 하대원동,하대원동,37.4282988,127.1463215
경기도 성남시 중원구 상대원3동,상대원3동,37.4397392,127.1655568
경기도 성남시 중원구 상대원2동,상대원2동,37.4388892,127.1582826
경기도 성남시 중원구 상대원1동,상대원1동,37.4332259,127.1643759
경기도 성남시 중원구 은행2동,은행2동,37.4571202,127.1666562
경기도 성남시 중원구 은행1동,은행1동,37.4521126,127.1689061
경기도 성남시 중원구 금광2동,금광2동,37.4462712,127.1640276
경기도 성남시 중원구 금광1동,금광1동,37.445026,127.1624028
경기도 성남시 중원구 중앙동,중앙동,37.4429837,127.1561564
경기도 성남시 중원구 성남동,성남동,37.4350666,127.1383915
경기도 성남시 수정구,수정구,37.4503957,127.1456335
경기도 성남시 수정구 사송동,사송동,37.412782,127.1123
경기도 성남시 수정구 금토동,금토동,37.4113,127.0701
경기도 성남시 수정구 상적동,상적동,37.4278,127.0647
경기도 성남시 수정구 심곡동,심곡동,37.447226,127.10305
경기도 성남시 수정구 오야동,오야동,37.4522,127.1104
경기도 성남시 수정구 창곡동,창곡동,37.4664,127.1495
경기도 성남시 수정구 수진동,수진동,37.4385686,127.1390145
경기도 성남시 수정구 태평동,태평동,37.4407396,127.1261517
경기도 성남시 수정구 신흥동,신흥동,37.4430383,127.1411716
경기도 성남시 수정구 시흥동,시흥동,37.4219831,127.1079536
경기도 성남시 수정구 고등동,고등동,37.4288767,127.1048602
경기도 성남시 수정구 신촌동,신촌동,37.4546777,127.1044123
경기도 성남시 수정구 위례동,위례동,37.4713772,127.1423164
경기도 성남시 수정구 복정동,복정동,37.465827,127.1270814
경기도 성남시 수정구 양지동,양지동,37.454868,127.161025
경기도 성남시 수정구 산성동,산성동,37.452305,127.1501246
경기도 성남시 수정구 단대동,단대동,37.4494085,127.1553874
경기도 성남시 수정구 수진2동,수진2동,37.4372522,127.1286888
경기도 성남시 수정구 수진1동,수진1동,37.4385686,127.1390145
경기도 성남시 수정구 태평4동,태평4동,37.4477013,127.1414857
경기도 성남시 수정구 태평3동,태평3동,37.4453511,127.1330711
경기도 성남시 수정구 태평2동,태평2동,37.4471301,127.1386297
경기도 성남시 수정구 태평1동,태평1동,37.4407396,127.1261517
경기도 성남시 수정구 신흥3동,신흥3동,37.443555,127.1489458
경기도 성남시 수정구 신흥2동,신흥2동,37.4489213,127.1452691
경기도 성남시 수정구 신흥1동,신흥1동,37.4430383,127.1411716
경기도 수원시 영통구,영통구,37.2596,127.046525
경기도 수원시 영통구 망포동,망포동,37.2377557,127.0608177
경기도 수원시 영통구 신동,신동,37.2483496,127.0486946
경기도 수원시 영통구 영통동,영통동,37.2663493,127.08057
경기도 수원시 영통구 하동,하동,37.2863773,127.071383
경기도 수원시 영통구 이의동,이의동,37.30158,127.0478155
경기도 수원시 영통구 매탄동,매탄동,37.2705147,127.0404987
경기도 수원시 영통구 광교2동,광교2동,37.2922513,127.070028
경기도 수원시 영통구 광교1동,광교1동,37.2902086,127.047369
경기도 수원시 영통구 망포2동,망포2동,37.2388699,127.0515912
경기도 수원시 영통구 망포1동,망포1동,37.2377557,127.0608177
경기도 수원시 영통구 영통3동,영통3동,37.2525612,127.0769122
경기도 수원시 영통구 영통2동,영통2동,37.2469632,127.0563198
경기도 수원시 영통구 영통1동,영통1동,37.2663493,127.08057
경기도 수원시 영통구 원천동,원천동,37.2734789,127.0532171
경기도 수원시 영통구 매탄4동,매탄4동,37.2651145,127.0486937
경기도 수원시 영통구 매탄3동,매탄3동,37.2564252,127.0431932
경기도 수원시 영통구 매탄2동,매탄2동,37.2701732,127.0474356
경기도 수원시 영통구 매탄1동,매탄1동,37.2705147,127.0404987
경기도 수원시 팔달구,팔달구,37.2825695,127.0200976
경기도 수원시 팔달구 우만동,우만동,37.285393,127.0294708
경기도 수원시 팔달구 화서동,화서동,37.2765714,126.994878
경기도 수원시 팔달구 매산로3가,매산로3가,37.2711333,127.0096125
경기도 수원시 팔달구 매산로2가,매산로2가,37.267617,127.005088
경기도 수원시 팔달구 매산로1가,매산로1가,37.266908,127.000963
경기도 수원시 팔달구 교동,교동,37.2716167,127.0135375
경기도 수원시 팔달구 장안동,장안동,37.2869333,127.012975
경기도 수원시 팔달구 신풍동,신풍동,37.2834,127.0126
경기도 수원시 팔달구 북수동,북수동,37.2854,127.0167
경기도 수원시 팔달구 매향동,매향동,37.285617,127.019925
경기도 수원시 팔달구 남수동,남수동,37.27985,127.0193375
경기도 수원시 팔달구 구천동,구천동,37.2737,127.018
경기도 수원시 팔달구 중동,중동,37.2737744,127.0165204
경기도 수원시 팔달구 영동,영동,37.2762852,127.0185047
경기도 수원시 팔달구 남창동,남창동,37.2797667,127.0129875
경기도 수원시 팔달구 팔달로3가,팔달로3가,37.276133,127.015213
경기도 수원시 팔달구 팔달로2가,팔달로2가,37.2787,127.017113
경기도 수원시 팔달구 팔달로1가,팔달로1가,37.2804417,127.016325
경기도 수원시 팔달구 행궁동,행궁동,37.2840563,127.0126061
경기도 수원시 팔달구 인계동,인계동,37.2680521,127.0301429
경기도 수원시 팔달구 우만2동,우만2동,37.278039,127.0397669
경기도 수원시 팔달구 우만1동,우만1동,37.285393,127.0294708
경기도 수원시 팔달구 지동,지동,37.2815332,127.0246808
경기도 수원시 팔달구 화서2동,화서2동,37.2851209,126.9862918
경기도 수원시 팔달구 화서1동,화서1동,37.2765714,126.994878
경기도 수원시 팔달구 고등동,고등동,37.273466,127.0011269
경기도 수원시 팔달구 매산동,매산동,37.268905,127.0059412
경기도 수원시 팔달구 매교동,매교동,37.2710737,127.0167359
경기도 수원시 권선구,권선구,37.257687,126.971911
경기도 수원시 권선구 당수동,당수동,37.2901,126.941
경기도 수원시 권선구 대황교동,대황교동,37.2317,127.0128
경기도 수원시 권선구 장지동,장지동,37.237,127.0064
경기도 수원시 권선구 권선동,권선동,37.2577882,127.0245685
경기도 수원시 권선구 곡반정동,곡반정동,37.238226,127.030087
경기도 수원시 권선구 탑동,탑동,37.2645,126.9757
경기도 수원시 권선구 평리동,평리동,37.2409263,126.9939625
경기도 수원시 권선구 오목천동,오목천동,37.2429596,126.96445
경기도 수원시 권선구 고색동,고색동,37.2449,126.9806
경기도 수원시 권선구 세류동,세류동,37.2622653,127.0079771
경기도 수원시 권선구 입북동,입북동,37.293233,126.959513
경기도 수원시 권선구 곡선동,곡선동,37.2433725,127.0333038
경기도 수원시 권선구 권선2동,권선2동,37.251325,127.0296875
경기도 수원시 권선구 권선1동,권선1동,37.2577882,127.0245685
경기도 수원시 권선구 호매실동,호매실동,37.2662088,126.9570872
경기도 수원시 권선구 금곡동,금곡동,37.2727402,126.9521816
경기도 수원시 권선구 구운동,구운동,37.2770626,126.9714302
경기도 수원시 권선구 서둔동,서둔동,37.2725801,126.9860539
경기도 수원시 권선구 평동,평동,37.258033,126.994163
경기도 수원시 권선구 세류3동,세류3동,37.2590417,127.0119125
경기도 수원시 권선구 세류2동,세류2동,37.2533332,127.0130394
경기도 수원시 권선구 세류1동,세류1동,37.2622653,127.0079771
경기도 수원시 장안구,장안구,37.3039709,127.0101225
경기도 수원시 장안구 하광교동,하광교동,37.3169,127.0255
경기도 수원시 장안구 상광교동,상광교동,37.3349,127.0183
경기도 수원시 장안구 조원동,조원동,37.3018729,127.0164315
경기도 수원시 장안구 천천동,천천동,37.295833,126.978263
경기도 수원시 장안구 율전동,율전동,37.30185,126.968875
경기도 수원시 장안구 이목동,이목동,37.3182,126.9787
경기도 수원시 장안구 정자동,정자동,37.3022,126.991288
경기도 수원시 장안구 연무동,연무동,37.2905829,127.0215522
경기도 수원시 장안구 조원2동,조원2동,37.3056333,127.00965
경기도 수원시 장안구 조원1동,조원1동,37.3018729,127.0164315
경기도 수원시 장안구 송죽동,송죽동,37.3005189,127.0070114
경기도 수원시 장안구 영화동,영화동,37.2931894,127.0139308
경기도 수원시 장안구 정자3동,정자3동,37.2957333,126.9925366
경기도 수원시 장안구 정자2동,정자2동,37.295075,127.000413
경기도 수원시 장안구 정자1동,정자1동,37.3022,126.991288
경기도 수원시 장안구 율천동,율천동,37.2976181,126.9714921
경기도 수원시 장안구 파장동,파장동,37.3102873,126.9973842
