경상남도 합천군 용주면,용주면,35.5406754,128.1133187
경상남도 합천군 용주면 가호리,가호리,35.5468,128.0644
경상남도 합천군 용주면 죽죽리,죽죽리,35.5572,128.0387
경상남도 합천군 용주면 우곡리,우곡리,35.5764,128.0764
경상남도 합천군 용주면 봉기리,봉기리,35.5557,128.0882
경상남도 합천군 용주면 고품리,고품리,35.5466,128.1045
경상남도 합천군 용주면 방곡리,방곡리,35.5777006,128.0982385
경상남도 합천군 용주면 월평리,월평리,35.5757,128.1236
경상남도 합천군 용주면 성산리,성산리,35.5513618,128.1467398
경상남도 합천군 용주면 용지리,용지리,35.5263039,128.0959837
경상남도 합천군 용주면 팔산리,팔산리,35.5267,128.1429
경상남도 합천군 용주면 손목리,손목리,35.5524,128.1262
경상남도 합천군 용주면 평산리,평산리,35.532,128.1259
경상남도 합천군 용주면 노리,노리,35.5183,128.1294
경상남도 합천군 용주면 장전리,장전리,35.5084,128.111075
경상남도 합천군 용주면 황계리,황계리,35.5076,128.0804
경상남도 합천군 용주면 공암리,공암리,35.491701,128.092475
경상남도 합천군 대병면,대병면,35.5212013,128.0142536
경상남도 합천군 대병면 성리,성리,35.5296,128.0531
경상남도 합천군 대병면 대지리,대지리,35.537275,127.968113
경상남도 합천군 대병면 장단리,장단리,35.5066,128.0477
경상남도 합천군 대병면 하금리,하금리,35.5163,127.9817
경상남도 합천군 대병면 양리,양리,35.4983,128.0341
경상남도 합천군 대병면 유전리,유전리,35.5404,127.9949
경상남도 합천군 대병면 회양리,회양리,35.519,128.0186
경상남도 합천군 대병면 역평리,역평리,35.5532,128.0061
경상남도 합천군 대병면 상천리,상천리,35.547,128.0254
경상남도 합천군 가회면,가회면,35.4351632,128.0336541
경상남도 합천군 가회면 외사리,외사리,35.4371,128.0763
경상남도 합천군 가회면 장대리,장대리,35.453,128.0565
경상남도 합천군 가회면 함방리,함방리,35.424676,128.0375
경상남도 합천군 가회면 덕촌리,덕촌리,35.4354,128.0274
경상남도 합천군 가회면 중촌리,중촌리,35.4581,127.9968
경상남도 합천군 가회면 둔내리,둔내리,35.4819,127.9985
경상남도 합천군 가회면 오도리,오도리,35.4536,128.0252
경상남도 합천군 가회면 도탄리,도탄리,35.4745,128.0298
경상남도 합천군 가회면 월계리,월계리,35.4747,128.0546
경상남도 합천군 삼가면,삼가면,35.41444,128.12185
경상남도 합천군 삼가면 학리,학리,35.397765,128.088
경상남도 합천군 삼가면 덕진리,덕진리,35.4148,128.0734
경상남도 합천군 삼가면 문송리,문송리,35.444,128.0944
경상남도 합천군 삼가면 하판리,하판리,35.438501,128.114938
경상남도 합천군 삼가면 소오리,소오리,35.407315,128.1124
경상남도 합천군 삼가면 두모리,두모리,35.4146237,128.0991375
경상남도 합천군 삼가면 금리,금리,35.417,128.1195
경상남도 합천군 삼가면 양전리,양전리,35.425,128.1361
경상남도 합천군 삼가면 어전리,어전리,35.388,128.1202
경상남도 합천군 삼가면 일부리,일부리,35.409,128.1322
경상남도 합천군 삼가면 외토리,외토리,35.380999,128.099787
경상남도 합천군 삼가면 용흥리,용흥리,35.3972,128.1495
경상남도 합천군 삼가면 동리,동리,35.4186,128.1515
경상남도 합천군 쌍백면,쌍백면,35.441626,128.145475
경상남도 합천군 쌍백면 죽전리,죽전리,35.4489,128.1218
경상남도 합천군 쌍백면 삼리,삼리,35.4707,128.091
경상남도 합천군 쌍백면 하신리,하신리,35.459601,128.130262
경상남도 합천군 쌍백면 백역리,백역리,35.4827,128.1225
경상남도 합천군 쌍백면 운곡리,운곡리,35.4699,128.1369
경상남도 합천군 쌍백면 장전리,장전리,35.4738808,128.159552
경상남도 합천군 쌍백면 외초리,외초리,35.4107,128.1755
경상남도 합천군 쌍백면 대현리,대현리,35.4493,128.1978
경상남도 합천군 쌍백면 안계리,안계리,35.4353,128.1907
경상남도 합천군 쌍백면 평지리,평지리,35.43746,128.1689
경상남도 합천군 쌍백면 평구리,평구리,35.4434,128.1485
경상남도 합천군 쌍백면 육리,육리,35.461,128.1802
경상남도 합천군 쌍백면 대곡리,대곡리,35.4706,128.1938
경상남도 합천군 대양면,대양면,35.5165646,128.1745013
경상남도 합천군 대양면 오산리,오산리,35.4994,128.2433
경상남도 합천군 대양면 백암리,백암리,35.5039,128.214137
경상남도 합천군 대양면 안금리,안금리,35.4901,128.1892
경상남도 합천군 대양면 양산리,양산리,35.5004989,128.1737534
경상남도 합천군 대양면 함지리,함지리,35.49,128.1645
경상남도 합천군 대양면 도리,도리,35.501325,128.1429
경상남도 합천군 대양면 덕정리,덕정리,35.5102,128.1859
경상남도 합천군 대양면 무곡리,무곡리,35.5231,128.1987
경상남도 합천군 대양면 대목리,대목리,35.5229,128.1628
경상남도 합천군 대양면 아천리,아천리,35.5367,128.181
경상남도 합천군 대양면 정양리,정양리,35.5498,128.1696
경상남도 합천군 적중면,적중면,35.547575,128.278562
경상남도 합천군 적중면 두방리,두방리,35.5287,128.297
경상남도 합천군 적중면 양림리,양림리,35.5388,128.2663
경상남도 합천군 적중면 상부리,상부리,35.544,128.2752
경상남도 합천군 적중면 누하리,누하리,35.5228,128.2723
경상남도 합천군 적중면 부수리,부수리,35.5502,128.2834
경상남도 합천군 적중면 옥두리,옥두리,35.5457,128.3031
경상남도 합천군 적중면 정토리,정토리,35.528925,128.258175
경상남도 합천군 적중면 황정리,황정리,35.5344,128.2845
경상남도 합천군 적중면 죽고리,죽고리,35.566,128.3026
경상남도 합천군 청덕면,청덕면,35.5593543,128.3217522
경상남도 합천군 청덕면 가현리,가현리,35.5658,128.3305
경상남도 합천군 청덕면 초곡리,초곡리,35.5224,128.324
경상남도 합천군 청덕면 운봉리,운봉리,35.6125,128.3033
경상남도 합천군 청덕면 소례리,소례리,35.6068,128.3291
경상남도 합천군 청덕면 삼학리,삼학리,35.5867,128.344
경상남도 합천군 청덕면 성태리,성태리,35.584299,128.319988
경상남도 합천군 청덕면 미곡리,미곡리,35.577966,128.3291974
경상남도 합천군 청덕면 모리,모리,35.5755,128.3093
경상남도 합천군 청덕면 앙진리,앙진리,35.5164,128.3609
경상남도 합천군 청덕면 대부리,대부리,35.5412,128.3382
경상남도 합천군 청덕면 두곡리,두곡리,35.5508,128.3175
경상남도 합천군 청덕면 적포리,적포리,35.557592,128.345275
경상남도 합천군 덕곡면,덕곡면,35.6151238,128.3590297
경상남도 합천군 덕곡면 본곡리,본곡리,35.6416,128.3132
경상남도 합천군 덕곡면 율원리,율원리,35.6368,128.2947
경상남도 합천군 덕곡면 율지리,율지리,35.6061,128.349
경상남도 합천군 덕곡면 학리,학리,35.624632,128.353525
경상남도 합천군 덕곡면 병배리,병배리,35.6254,128.3395
경상남도 합천군 덕곡면 장리,장리,35.6245,128.3199
경상남도 합천군 덕곡면 포두리,포두리,35.6379,128.3426
경상남도 합천군 쌍책면,쌍책면,35.5759321,128.2822394
경상남도 합천군 쌍책면 오서리,오서리,35.5705,128.2722
경상남도 합천군 쌍책면 다라리,다라리,35.5819,128.2975
경상남도 합천군 쌍책면 진정리,진정리,35.5978,128.294
경상남도 합천군 쌍책면 성산리,성산리,35.5809895,128.2844627
경상남도 합천군 쌍책면 상포리,상포리,35.5875,128.2704
경상남도 합천군 쌍책면 덕봉리,덕봉리,35.6054,128.2789
경상남도 합천군 쌍책면 사양리,사양리,35.6218,128.2735
경상남도 합천군 쌍책면 건태리,건태리,35.6038,128.2577
경상남도 합천군 쌍책면 하신리,하신리,35.6213,128.2475
경상남도 합천군 쌍책면 상신리,상신리,35.639982,128.255875
경상남도 합천군 초계면,초계면,35.560008,128.265288
경상남도 합천군 초계면 신촌리,신촌리,35.5186,128.246
경상남도 합천군 초계면 유하리,유하리,35.5402,128.2481
경상남도 합천군 초계면 대평리,대평리,35.547375,128.252675
경상남도 합천군 초계면 관평리,관평리,35.5497,128.2638
경상남도 합천군 초계면 원당리,원당리,35.535225,128.231137
경상남도 합천군 초계면 택리,택리,35.5526,128.2368
경상남도 합천군 초계면 상대리,상대리,35.5297,128.2443
경상남도 합천군 초계면 대동리,대동리,35.5557,128.2507
경상남도 합천군 초계면 중리,중리,35.5588,128.2538
경상남도 합천군 초계면 초계리,초계리,35.5587,128.2634
경상남도 합천군 초계면 아막리,아막리,35.5622,128.2726
경상남도 합천군 율곡면,율곡면,35.5724584,128.2179463
경상남도 합천군 율곡면 임북리,임북리,35.5747,128.1782
경상남도 합천군 율곡면 제내리,제내리,35.5854,128.2085
경상남도 합천군 율곡면 영전리,영전리,35.5589,128.2164
경상남도 합천군 율곡면 본천리,본천리,35.5488,128.1953
경상남도 합천군 율곡면 문림리,문림리,35.5693,128.1916
경상남도 합천군 율곡면 항곡리,항곡리,35.6035,128.2128
경상남도 합천군 율곡면 율진리,율진리,35.6061,128.1873
경상남도 합천군 율곡면 와리,와리,35.6253,128.2063
경상남도 합천군 율곡면 노양리,노양리,35.6389,128.1862
경상남도 합천군 율곡면 낙민리,낙민리,35.5747,128.2364
경상남도 합천군 율곡면 갑산리,갑산리,35.588824,128.251775
경상남도 합천군 율곡면 두사리,두사리,35.603,128.2284
경상남도 합천군 율곡면 내천리,내천리,35.6087,128.2357
경상남도 합천군 율곡면 기리,기리,35.627999,128.22405
경상남도 합천군 야로면,야로면,35.705251,128.167737
경상남도 합천군 야로면 나대리,나대리,35.7465,128.1754
경상남도 합천군 야로면 하림리,하림리,35.752883,128.151275
경상남도 합천군 야로면 야로리,야로리,35.7149,128.1717
경상남도 합천군 야로면 매촌리,매촌리,35.7205,128.1588
경상남도 합천군 야로면 하빈리,하빈리,35.7218,128.1897
경상남도 합천군 야로면 금평리,금평리,35.705201,128.18475
경상남도 합천군 야로면 구정리,구정리,35.7056,128.1643
경상남도 합천군 야로면 묵촌리,묵촌리,35.7025,128.1428
경상남도 합천군 야로면 월광리,월광리,35.7332,128.1539
경상남도 합천군 야로면 정대리,정대리,35.6907,128.1743
경상남도 합천군 야로면 청계리,청계리,35.701,128.1969
경상남도 합천군 야로면 덕암리,덕암리,35.680743,128.16645
경상남도 합천군 가야면,가야면,35.762683,128.139463
경상남도 합천군 가야면 치인리,치인리,35.8015,128.0838
경상남도 합천군 가야면 구원리,구원리,35.7883,128.1191
경상남도 합천군 가야면 야천리,야천리,35.7729,128.1456
경상남도 합천군 가야면 황산리,황산리,35.7648,128.117825
경상남도 합천군 가야면 사촌리,사촌리,35.7508,128.1228
경상남도 합천군 가야면 이천리,이천리,35.7285,128.1394
경상남도 합천군 가야면 청현리,청현리,35.708601,128.124375
경상남도 합천군 가야면 매화리,매화리,35.7368,128.1216
경상남도 합천군 가야면 매안리,매안리,35.7248,128.1046
경상남도 합천군 가야면 성기리,성기리,35.7077,128.0936
경상남도 합천군 가야면 구미리,구미리,35.7461,128.1071
경상남도 합천군 가야면 가천리,가천리,35.7547,128.0942
경상남도 합천군 가야면 대전리,대전리,35.733,128.0783
경상남도 합천군 가야면 죽전리,죽전리,35.7617,128.0682
경상남도 합천군 묘산면,묘산면,35.6584796,128.1133156
경상남도 합천군 묘산면 봉곡리,봉곡리,35.6341,128.1087
경상남도 합천군 묘산면 거산리,거산리,35.6715,128.1501
경상남도 합천군 묘산면 화양리,화양리,35.6869,128.1359
경상남도 합천군 묘산면 가산리,가산리,35.6588,128.1318
경상남도 합천군 묘산면 산제리,산제리,35.6661,128.0958
경상남도 합천군 묘산면 도옥리,도옥리,35.6717,128.1132
경상남도 합천군 묘산면 광산리,광산리,35.64,128.1194
경상남도 합천군 묘산면 관기리,관기리,35.6478,128.1343
경상남도 합천군 묘산면 안성리,안성리,35.6814,128.1186
경상남도 합천군 묘산면 팔심리,팔심리,35.6324,128.0936
경상남도 합천군 묘산면 반포리,반포리,35.6531,128.0798
경상남도 합천군 봉산면,봉산면,35.6262247,128.0417813
경상남도 합천군 봉산면 도곡리,도곡리,35.6227,128.0108
경상남도 합천군 봉산면 술곡리,술곡리,35.5729,128.0028
경상남도 합천군 봉산면 노곡리,노곡리,35.5983,127.9923
경상남도 합천군 봉산면 양지리,양지리,35.598,128.0057
경상남도 합천군 봉산면 고삼리,고삼리,35.6020912,128.0203384
경상남도 합천군 봉산면 계산리,계산리,35.589399,128.06475
경상남도 합천군 봉산면 송림리,송림리,35.6019,128.0421
경상남도 합천군 봉산면 봉계리,봉계리,35.6123,128.0209
경상남도 합천군 봉산면 김봉리,김봉리,35.624,128.0418
경상남도 합천군 봉산면 상현리,상현리,35.643557,128.0287
경상남도 합천군 봉산면 권빈리,권빈리,35.6287,128.0676
경상남도 합천군 봉산면 압곡리,압곡리,35.6567,128.0502
경상남도 합천군 합천읍,합천읍,35.5659728,128.1578639
경상남도 합천군 합천읍 인곡리,인곡리,35.6086,128.0963
경상남도 합천군 합천읍 장계리,장계리,35.6153511,128.1241796
경상남도 합천군 합천읍 외곡리,외곡리,35.632,128.1366
경상남도 합천군 합천읍 용계리,용계리,35.6355,128.1673
경상남도 합천군 합천읍 서산리,서산리,35.5927,128.1374
경상남도 합천군 합천읍 내곡리,내곡리,35.6369,128.1528
경상남도 합천군 합천읍 영창리,영창리,35.5784,128.1621
경상남도 합천군 합천읍 금양리,금양리,35.602507,128.165963
경상남도 합천군 합천읍 합천리,합천리,35.5663599,128.1578176
경상남도 거창군 가북면,가북면,35.7627805,127.9932241
경상남도 거창군 가북면 박암리,박암리,35.7895,127.9978
경상남도 거창군 가북면 몽석리,몽석리,35.8042,128.0195
경상남도 거창군 가북면 용암리,용암리,35.8199,128.0529
경상남도 거창군 가북면 해평리,해평리,35.782783,127.9738
경상남도 거창군 가북면 중촌리,중촌리,35.8275,127.983
경상남도 거창군 가북면 우혜리,우혜리,35.7637,128.0191
경상남도 거창군 가북면 용산리,용산리,35.7413,127.985
경상남도 거창군 가조면,가조면,35.711001,128.0147
경상남도 거창군 가조면 동례리,동례리,35.6984,127.9957
경상남도 거창군 가조면 수월리,수월리,35.7287,128.0391
경상남도 거창군 가조면 마상리,마상리,35.711,128.011
경상남도 거창군 가조면 장기리,장기리,35.7223,127.9885
경상남도 거창군 가조면 도리,도리,35.6983,128.0612
경상남도 거창군 가조면 일부리,일부리,35.7067,128.0358
경상남도 거창군 가조면 사병리,사병리,35.7306,128.0075
경상남도 거창군 가조면 석강리,석강리,35.6896,128.0389
경상남도 거창군 가조면 기리,기리,35.6713,128.0293
경상남도 거창군 가조면 대초리,대초리,35.6955,128.0165
경상남도 거창군 신원면,신원면,35.5677733,127.9251888
경상남도 거창군 신원면 중유리,중유리,35.5468,127.8989
경상남도 거창군 신원면 덕산리,덕산리,35.5856,127.8975
경상남도 거창군 신원면 양지리,양지리,35.5884,127.9534
경상남도 거창군 신원면 과정리,과정리,35.5752,127.9221
경상남도 거창군 신원면 구사리,구사리,35.5712,127.9486
경상남도 거창군 신원면 대현리,대현리,35.5423,127.9234
경상남도 거창군 신원면 청수리,청수리,35.5632,127.8803
경상남도 거창군 신원면 와룡리,와룡리,35.530508,127.939938
경상남도 거창군 신원면 수원리,수원리,35.587,127.9771
경상남도 거창군 남하면,남하면,35.6677641,127.9436449
경상남도 거창군 남하면 대야리,대야리,35.6444,127.9921
경상남도 거창군 남하면 지산리,지산리,35.6729,127.9925
경상남도 거창군 남하면 둔마리,둔마리,35.7142,127.9625
경상남도 거창군 남하면 양항리,양항리,35.6881,127.958
경상남도 거창군 남하면 무릉리,무릉리,35.659899,127.959913
경상남도 거창군 남상면,남상면,35.6432439,127.9101226
경상남도 거창군 남상면 진목리,진목리,35.5931,127.8644
경상남도 거창군 남상면 춘전리,춘전리,35.5829,127.8507
경상남도 거창군 남상면 임불리,임불리,35.6217,127.9817
경상남도 거창군 남상면 오계리,오계리,35.6204,127.8971
경상남도 거창군 남상면 전척리,전척리,35.6222,127.9465
경상남도 거창군 남상면 송변리,송변리,35.635,127.9252
경상남도 거창군 남상면 월평리,월평리,35.6624205,127.9310622
경상남도 거창군 남상면 둔동리,둔동리,35.6069,127.8779
경상남도 거창군 남상면 대산리,대산리,35.642,127.9373
경상남도 거창군 남상면 무촌리,무촌리,35.6227,127.9159
경상남도 거창군 마리면,마리면,35.7012295,127.8545764
경상남도 거창군 마리면 월계리,월계리,35.7179,127.84
경상남도 거창군 마리면 하고리,하고리,35.6811,127.8674
경상남도 거창군 마리면 대동리,대동리,35.6743,127.8499
경상남도 거창군 마리면 율리,율리,35.7357,127.8652
경상남도 거창군 마리면 고학리,고학리,35.6916,127.8177
경상남도 거창군 마리면 영승리,영승리,35.708,127.8674
경상남도 거창군 마리면 말흘리,말흘리,35.698193,127.8455
경상남도 거창군 위천면,위천면,35.7496294,127.8331021
경상남도 거창군 위천면 황산리,황산리,35.7752308,127.8371488
경상남도 거창군 위천면 모동리,모동리,35.781,127.8592
경상남도 거창군 위천면 강천리,강천리,35.755267,127.815938
경상남도 거창군 위천면 당산리,당산리,35.756,127.862413
경상남도 거창군 위천면 상천리,상천리,35.7302,127.7917
경상남도 거창군 위천면 남산리,남산리,35.7299,127.8281
경상남도 거창군 위천면 장기리,장기리,35.7502,127.8366
경상남도 거창군 북상면,북상면,35.7773921,127.8192151
경상남도 거창군 북상면 창선리,창선리,35.7558,127.7776
경상남도 거창군 북상면 산수리,산수리,35.79,127.7527
경상남도 거창군 북상면 소정리,소정리,35.8327,127.8057
경상남도 거창군 북상면 월성리,월성리,35.758,127.7299
경상남도 거창군 북상면 농산리,농산리,35.7732406,127.8067657
경상남도 거창군 북상면 갈계리,갈계리,35.7909,127.8184
경상남도 거창군 북상면 병곡리,병곡리,35.8113,127.7624
경상남도 거창군 고제면,고제면,35.814825,127.8714
경상남도 거창군 고제면 궁항리,궁항리,35.8347,127.8818
경상남도 거창군 고제면 농산리,농산리,35.8113,127.8638
경상남도 거창군 고제면 봉계리,봉계리,35.8887,127.8714
경상남도 거창군 고제면 봉산리,봉산리,35.8618,127.8694
경상남도 거창군 고제면 개명리,개명리,35.8426,127.844
경상남도 거창군 웅양면,웅양면,35.8054068,127.9177675
경상남도 거창군 웅양면 노현리,노현리,35.8121,127.9057
경상남도 거창군 웅양면 산포리,산포리,35.8289,127.9402
경상남도 거창군 웅양면 동호리,동호리,35.7941,127.9311
경상남도 거창군 웅양면 군암리,군암리,35.8439,127.9103
경상남도 거창군 웅양면 죽림리,죽림리,35.795025,127.904687
경상남도 거창군 웅양면 한기리,한기리,35.8749,127.9238
경상남도 거창군 웅양면 신촌리,신촌리,35.8728,127.905
경상남도 거창군 주상면,주상면,35.7491471,127.9133072
경상남도 거창군 주상면 내오리,내오리,35.7834,127.8912
경상남도 거창군 주상면 완대리,완대리,35.7939,127.8726
경상남도 거창군 주상면 연교리,연교리,35.7548,127.8913
경상남도 거창군 주상면 도평리,도평리,35.7474,127.9192
경상남도 거창군 주상면 거기리,거기리,35.7457,127.9523
경상남도 거창군 주상면 남산리,남산리,35.7784836,127.9489847
경상남도 거창군 주상면 성기리,성기리,35.767775,127.921088
경상남도 거창군 거창읍,거창읍,35.6879429,127.9039
경상남도 거창군 거창읍 학리,학리,35.7295,127.9399
경상남도 거창군 거창읍 양평리,양평리,35.7065,127.9338
경상남도 거창군 거창읍 가지리,가지리,35.7025952,127.8959974
경상남도 거창군 거창읍 서변리,서변리,35.7226,127.9161
경상남도 거창군 거창읍 동변리,동변리,35.7263,127.8937
경상남도 거창군 거창읍 정장리,정장리,35.666,127.9188
경상남도 거창군 거창읍 장팔리,장팔리,35.6567,127.8912
경상남도 거창군 거창읍 송정리,송정리,35.6799,127.8932
경상남도 거창군 거창읍 김천리,김천리,35.6785,127.911
경상남도 거창군 거창읍 대평리,대평리,35.6814566,127.9278437
경상남도 거창군 거창읍 대동리,대동리,35.6969,127.9184
경상남도 거창군 거창읍 중앙리,중앙리,35.6898,127.9117
경상남도 거창군 거창읍 상림리,상림리,35.6922,127.8858
경상남도 함양군 병곡면,병곡면,35.528458,127.682125
경상남도 함양군 병곡면 원산리,원산리,35.5726,127.6796
경상남도 함양군 병곡면 광평리,광평리,35.5738,127.7086
경상남도 함양군 병곡면 월암리,월암리,35.5509014,127.7011089
경상남도 함양군 병곡면 도천리,도천리,35.542,127.695
경상남도 함양군 병곡면 송평리,송평리,35.5356,127.6834
경상남도 함양군 병곡면 연덕리,연덕리,35.5137,127.6657
경상남도 함양군 병곡면 옥계리,옥계리,35.5445,127.6637
경상남도 함양군 백전면,백전면,35.5532154,127.6353746
경상남도 함양군 백전면 경백리,경백리,35.5399,127.6528
경상남도 함양군 백전면 오천리,오천리,35.5188,127.6446
경상남도 함양군 백전면 구산리,구산리,35.5429,127.6209
경상남도 함양군 백전면 대안리,대안리,35.5621,127.6045
경상남도 함양군 백전면 운산리,운산리,35.5964,127.6213
경상남도 함양군 백전면 백운리,백운리,35.5926,127.6497
경상남도 함양군 백전면 양백리,양백리,35.5657,127.6369
경상남도 함양군 백전면 평정리,평정리,35.5469,127.6402
경상남도 함양군 서상면,서상면,35.6833774,127.6859052
경상남도 함양군 서상면 상남리,상남리,35.7361,127.6869
경상남도 함양군 서상면 중남리,중남리,35.6981,127.6738
경상남도 함양군 서상면 금당리,금당리,35.686301,127.657788
경상남도 함양군 서상면 옥산리,옥산리,35.6458,127.6504
경상남도 함양군 서상면 도천리,도천리,35.6726,127.6954
경상남도 함양군 서상면 대남리,대남리,35.7056,127.7167
경상남도 함양군 서하면,서하면,35.647615,127.695413
경상남도 함양군 서하면 봉전리,봉전리,35.6476,127.7313
경상남도 함양군 서하면 황산리,황산리,35.630099,127.759638
경상남도 함양군 서하면 다곡리,다곡리,35.6139,127.7269
경상남도 함양군 서하면 운곡리,운곡리,35.6195,127.6804
경상남도 함양군 서하면 송계리,송계리,35.6584,127.7038
경상남도 함양군 안의면,안의면,35.628674,127.811275
경상남도 함양군 안의면 월림리,월림리,35.636,127.7856
경상남도 함양군 안의면 교북리,교북리,35.6359,127.8074
경상남도 함양군 안의면 상원리,상원리,35.6915,127.7583
경상남도 함양군 안의면 하원리,하원리,35.681,127.7946
경상남도 함양군 안의면 신안리,신안리,35.6481,127.7988
경상남도 함양군 안의면 대대리,대대리,35.65559,127.817138
경상남도 함양군 안의면 귀곡리,귀곡리,35.6481,127.8414
경상남도 함양군 안의면 봉산리,봉산리,35.634,127.8323
경상남도 함양군 안의면 초동리,초동리,35.6572,127.862
경상남도 함양군 안의면 도림리,도림리,35.625,127.8603
경상남도 함양군 안의면 황곡리,황곡리,35.606632,127.83975
경상남도 함양군 안의면 석천리,석천리,35.6255,127.8196
경상남도 함양군 안의면 이전리,이전리,35.6184,127.8046
경상남도 함양군 안의면 당본리,당본리,35.6263,127.8017
경상남도 함양군 안의면 금천리,금천리,35.6298,127.8132
경상남도 함양군 지곡면,지곡면,35.5661802,127.774069
경상남도 함양군 지곡면 보산리,보산리,35.5521,127.747
경상남도 함양군 지곡면 공배리,공배리,35.543883,127.766225
경상남도 함양군 지곡면 도촌리,도촌리,35.5477,127.7765
경상남도 함양군 지곡면 창평리,창평리,35.5722,127.7806
경상남도 함양군 지곡면 남효리,남효리,35.5964,127.7914
경상남도 함양군 지곡면 시목리,시목리,35.6112,127.7819
경상남도 함양군 지곡면 마산리,마산리,35.5955,127.7653
경상남도 함양군 지곡면 덕암리,덕암리,35.5861,127.7415
경상남도 함양군 지곡면 평촌리,평촌리,35.5689,127.7473
경상남도 함양군 지곡면 개평리,개평리,35.5654,127.7688
경상남도 함양군 수동면,수동면,35.522167,127.787725
경상남도 함양군 수동면 원평리,원평리,35.542,127.7864
경상남도 함양군 수동면 우명리,우명리,35.5615,127.791
경상남도 함양군 수동면 내백리,내백리,35.5925,127.8089
경상남도 함양군 수동면 상백리,상백리,35.603799,127.812813
경상남도 함양군 수동면 도북리,도북리,35.5739,127.8175
경상남도 함양군 수동면 하교리,하교리,35.5556,127.8187
경상남도 함양군 수동면 죽산리,죽산리,35.5524,127.8382
경상남도 함양군 수동면 화산리,화산리,35.5144,127.814
경상남도 함양군 유림면,유림면,35.4662281,127.7923361
경상남도 함양군 유림면 옥매리,옥매리,35.506733,127.768325
경상남도 함양군 유림면 웅평리,웅평리,35.5042,127.78495
경상남도 함양군 유림면 대궁리,대궁리,35.5037,127.802
경상남도 함양군 유림면 국계리,국계리,35.489401,127.795575
경상남도 함양군 유림면 장항리,장항리,35.475,127.8061
경상남도 함양군 유림면 화촌리,화촌리,35.4784,127.7933
경상남도 함양군 유림면 서주리,서주리,35.4738,127.782
경상남도 함양군 유림면 유평리,유평리,35.4654,127.7705
경상남도 함양군 유림면 손곡리,손곡리,35.4546,127.7762
경상남도 함양군 휴천면,휴천면,35.480668,127.750225
경상남도 함양군 휴천면 문정리,문정리,35.4295,127.7245
경상남도 함양군 휴천면 송전리,송전리,35.4096,127.7238
경상남도 함양군 휴천면 운서리,운서리,35.4195,127.751
경상남도 함양군 휴천면 동강리,동강리,35.4289,127.7665
경상남도 함양군 휴천면 남호리,남호리,35.4435,127.7515
경상남도 함양군 휴천면 대천리,대천리,35.46031,127.7524
경상남도 함양군 휴천면 호산리,호산리,35.4852,127.7625
경상남도 함양군 휴천면 목현리,목현리,35.4852,127.7363
경상남도 함양군 휴천면 태관리,태관리,35.4622,127.7387
경상남도 함양군 휴천면 금반리,금반리,35.4647,127.7227
경상남도 함양군 휴천면 월평리,월평리,35.460226,127.7015
경상남도 함양군 마천면,마천면,35.396949,127.663088
경상남도 함양군 마천면 구양리,구양리,35.4322,127.6968
경상남도 함양군 마천면 창원리,창원리,35.4238,127.6738
경상남도 함양군 마천면 의탄리,의탄리,35.3981,127.6908
경상남도 함양군 마천면 추성리,추성리,35.3664,127.7156
경상남도 함양군 마천면 강청리,강청리,35.3496,127.6817
경상남도 함양군 마천면 삼정리,삼정리,35.3514,127.6403
경상남도 함양군 마천면 덕전리,덕전리,35.379,127.648
경상남도 함양군 마천면 군자리,군자리,35.3912,127.6454
경상남도 함양군 마천면 가흥리,가흥리,35.3988,127.6684
경상남도 함양군 함양읍,함양읍,35.519725,127.726675
경상남도 함양군 함양읍 죽림리,죽림리,35.4706,127.6611
경상남도 함양군 함양읍 구룡리,구룡리,35.4746,127.6958
경상남도 함양군 함양읍 웅곡리,웅곡리,35.5028,127.6736
경상남도 함양군 함양읍 죽곡리,죽곡리,35.52,127.7002
경상남도 함양군 함양읍 삼산리,삼산리,35.5075,127.7088
경상남도 함양군 함양읍 난평리,난평리,35.495985,127.703363
경상남도 함양군 함양읍 이은리,이은리,35.5029,127.7369
경상남도 함양군 함양읍 백연리,백연리,35.5146,127.719
경상남도 함양군 함양읍 백천리,백천리,35.5273,127.7671
경상남도 함양군 함양읍 신관리,신관리,35.5275,127.7465
경상남도 함양군 함양읍 신천리,신천리,35.5346,127.739
경상남도 함양군 함양읍 교산리,교산리,35.5348,127.7285
경상남도 함양군 함양읍 대덕리,대덕리,35.539792,127.7169
경상남도 함양군 함양읍 용평리,용평리,35.5155,127.7372
경상남도 함양군 함양읍 운림리,운림리,35.5224,127.7216
경상남도 산청군 신등면,신등면,35.382824,128.006612
경상남도 산청군 신등면 장천리,장천리,35.4225,127.989
경상남도 산청군 신등면 모례리,모례리,35.3999,127.9696
경상남도 산청군 신등면 율현리,율현리,35.4168,127.9653
경상남도 산청군 신등면 평지리,평지리,35.422,128.0061
경상남도 산청군 신등면 사정리,사정리,35.4099,128.0348
경상남도 산청군 신등면 간공리,간공리,35.393999,128.050775
경상남도 산청군 신등면 가술리,가술리,35.398257,128.022225
경상남도 산청군 신등면 양전리,양전리,35.3881,127.9942
경상남도 산청군 신등면 단계리,단계리,35.3802,128.0211
경상남도 산청군 생비량면,생비량면,35.3448721,128.0451429
경상남도 산청군 생비량면 제보리,제보리,35.380282,128.0703
경상남도 산청군 생비량면 가계리,가계리,35.3594,128.0743
경상남도 산청군 생비량면 화현리,화현리,35.3429,128.0783
경상남도 산청군 생비량면 도리,도리,35.3394,128.0488
경상남도 산청군 생비량면 도전리,도전리,35.3388,128.0259
경상남도 산청군 신안면,신안면,35.3044979,127.9739021
경상남도 산청군 신안면 중촌리,중촌리,35.3315,127.9788
경상남도 산청군 신안면 신안리,신안리,35.3305,127.9523
경상남도 산청군 신안면 외송리,외송리,35.3624,127.9348
경상남도 산청군 신안면 안봉리,안봉리,35.3616,127.9636
경상남도 산청군 신안면 갈전리,갈전리,35.3602,127.9838
경상남도 산청군 신안면 외고리,외고리,35.364457,128.001125
경상남도 산청군 신안면 소이리,소이리,35.3632,128.0178
경상남도 산청군 신안면 장죽리,장죽리,35.3398,128.0087
경상남도 산청군 신안면 문대리,문대리,35.3342,127.9984
경상남도 산청군 신안면 청현리,청현리,35.3152,128.0147
경상남도 산청군 신안면 신기리,신기리,35.2971,128.0001
경상남도 산청군 신안면 하정리,하정리,35.3063,127.9816
경상남도 산청군 단성면,단성면,35.298892,127.957663
경상남도 산청군 단성면 자양리,자양리,35.2601,127.8804
경상남도 산청군 단성면 백운리,백운리,35.2991,127.8806
경상남도 산청군 단성면 창촌리,창촌리,35.2613,127.9047
경상남도 산청군 단성면 당산리,당산리,35.2435,127.9016
경상남도 산청군 단성면 호리,호리,35.2323,127.9004
경상남도 산청군 단성면 관정리,관정리,35.2517,127.9393
경상남도 산청군 단성면 소남리,소남리,35.257,127.9577
경상남도 산청군 단성면 묵곡리,묵곡리,35.2747,127.9733
경상남도 산청군 단성면 사월리,사월리,35.2864,127.9498
경상남도 산청군 단성면 남사리,남사리,35.2657,127.9345
경상남도 산청군 단성면 길리,길리,35.2739,127.9128
경상남도 산청군 단성면 입석리,입석리,35.2941,127.9232
경상남도 산청군 단성면 운리,운리,35.3247,127.892088
경상남도 산청군 단성면 청계리,청계리,35.3279,127.9115
경상남도 산청군 단성면 방목리,방목리,35.3342,127.9292
경상남도 산청군 단성면 강누리,강누리,35.307742,127.95085
경상남도 산청군 단성면 성내리,성내리,35.2991,127.9577
경상남도 산청군 시천면,시천면,35.278427,127.8405764
경상남도 산청군 시천면 중태리,중태리,35.24696,127.844962
경상남도 산청군 시천면 신천리,신천리,35.2505,127.791
경상남도 산청군 시천면 동당리,동당리,35.2823,127.786
경상남도 산청군 시천면 천평리,천평리,35.2642,127.8375
경상남도 산청군 시천면 내공리,내공리,35.2336,127.8215
경상남도 산청군 시천면 원리,원리,35.2707,127.8141
경상남도 산청군 시천면 반천리,반천리,35.236,127.78
경상남도 산청군 시천면 외공리,외공리,35.252283,127.8221
경상남도 산청군 시천면 내대리,내대리,35.2881,127.7184
경상남도 산청군 시천면 사리,사리,35.2976,127.8577
경상남도 산청군 시천면 중산리,중산리,35.309,127.7471
경상남도 산청군 삼장면,삼장면,35.298267,127.831738
경상남도 산청군 삼장면 대하리,대하리,35.288825,127.83515
경상남도 산청군 삼장면 내원리,내원리,35.3075,127.7848
경상남도 산청군 삼장면 대포리,대포리,35.3152,127.8079
경상남도 산청군 삼장면 덕교리,덕교리,35.3114,127.836
경상남도 산청군 삼장면 유평리,유평리,35.3665,127.78
경상남도 산청군 삼장면 평촌리,평촌리,35.3481994,127.8197698
경상남도 산청군 삼장면 홍계리,홍계리,35.3558,127.8499
경상남도 산청군 삼장면 석남리,석남리,35.3283,127.8309
경상남도 산청군 금서면,금서면,35.4171791,127.8632081
경상남도 산청군 금서면 오봉리,오봉리,35.3946,127.7692
경상남도 산청군 금서면 방곡리,방곡리,35.4148,127.7805
경상남도 산청군 금서면 자혜리,자혜리,35.4325,127.7962
경상남도 산청군 금서면 화계리,화계리,35.4516395,127.7964968
경상남도 산청군 금서면 주상리,주상리,35.4613,127.7894
경상남도 산청군 금서면 신아리,신아리,35.4529,127.8183
경상남도 산청군 금서면 특리,특리,35.442185,127.837963
경상남도 산청군 금서면 지막리,지막리,35.3903,127.8344
경상남도 산청군 금서면 수철리,수철리,35.4039,127.8114
경상남도 산청군 금서면 향양리,향양리,35.4175,127.8265
경상남도 산청군 금서면 평촌리,평촌리,35.412,127.8444
경상남도 산청군 금서면 매촌리,매촌리,35.416,127.8593
경상남도 산청군 생초면,생초면,35.493176,127.832925
경상남도 산청군 생초면 계남리,계남리,35.528258,127.831037
경상남도 산청군 생초면 상촌리,상촌리,35.4772,127.8142
경상남도 산청군 생초면 하촌리,하촌리,35.4847,127.8259
경상남도 산청군 생초면 평촌리,평촌리,35.4714,127.8278
경상남도 산청군 생초면 갈전리,갈전리,35.477,127.8422
경상남도 산청군 생초면 대포리,대포리,35.465,127.8514
경상남도 산청군 생초면 신연리,신연리,35.4793,127.8561
경상남도 산청군 생초면 월곡리,월곡리,35.5037,127.865
경상남도 산청군 생초면 향양리,향양리,35.5566,127.8586
경상남도 산청군 생초면 구평리,구평리,35.5338,127.8539
경상남도 산청군 생초면 노은리,노은리,35.5182,127.853112
경상남도 산청군 생초면 어서리,어서리,35.4951,127.8332
경상남도 산청군 오부면,오부면,35.458707,127.8619446
경상남도 산청군 오부면 대현리,대현리,35.5016545,127.9119126
경상남도 산청군 오부면 왕촌리,왕촌리,35.5224,127.8918
경상남도 산청군 오부면 중촌리,중촌리,35.5148,127.9087
경상남도 산청군 오부면 오전리,오전리,35.4987,127.8894
경상남도 산청군 오부면 일물리,일물리,35.485,127.8928
경상남도 산청군 오부면 내곡리,내곡리,35.4755,127.8746
경상남도 산청군 오부면 방곡리,방곡리,35.4649,127.8938
경상남도 산청군 오부면 양촌리,양촌리,35.4561,127.8674
경상남도 산청군 차황면,차황면,35.4637032,127.9277927
경상남도 산청군 차황면 상법리,상법리,35.462,127.9692
경상남도 산청군 차황면 철수리,철수리,35.4395,127.9554
경상남도 산청군 차황면 우사리,우사리,35.4477,127.9315
경상남도 산청군 차황면 부리,부리,35.4564143,127.9300391
경상남도 산청군 차황면 신기리,신기리,35.4702,127.9396
경상남도 산청군 차황면 법평리,법평리,35.4789,127.9622
경상남도 산청군 차황면 장박리,장박리,35.5078,127.9428
경상남도 산청군 차황면 실매리,실매리,35.4917,127.9374
경상남도 산청군 차황면 상중리,상중리,35.4818,127.9365
경상남도 산청군 차황면 양곡리,양곡리,35.4785,127.9167
경상남도 산청군 차황면 장위리,장위리,35.466593,127.913012
경상남도 산청군 산청읍,산청읍,35.413399,127.877438
경상남도 산청군 산청읍 내리,내리,35.3877,127.8794
경상남도 산청군 산청읍 묵곡리,묵곡리,35.3967,127.8944
경상남도 산청군 산청읍 범학리,범학리,35.3829,127.9263
경상남도 산청군 산청읍 척지리,척지리,35.4026,127.9391
경상남도 산청군 산청읍 정곡리,정곡리,35.4007,127.9158
경상남도 산청군 산청읍 내수리,내수리,35.4289,127.9226
경상남도 산청군 산청읍 병정리,병정리,35.4114,127.9081
경상남도 산청군 산청읍 부리,부리,35.418,127.8984
경상남도 산청군 산청읍 차탄리,차탄리,35.4365,127.8701
경상남도 산청군 산청읍 송경리,송경리,35.4499,127.908
경상남도 산청군 산청읍 모고리,모고리,35.4372,127.8968
경상남도 산청군 산청읍 지리,지리,35.4172,127.8863
경상남도 산청군 산청읍 옥산리,옥산리,35.41,127.8761
경상남도 산청군 산청읍 산청리,산청리,35.4172,127.877
경상남도 하동군 금성면,금성면,34.963776,127.790225
경상남도 하동군 금성면 갈사리,갈사리,34.9531,127.7868
경상남도 하동군 금성면 고포리,고포리,34.9717,127.7731
경상남도 하동군 금성면 궁항리,궁항리,34.9767,127.7913
경상남도 하동군 금성면 가덕리,가덕리,34.94,127.8102
경상남도 하동군 옥종면,옥종면,35.182968,127.8795
경상남도 하동군 옥종면 회신리,회신리,35.1784,127.8269
경상남도 하동군 옥종면 위태리,위태리,35.2025,127.8378
경상남도 하동군 옥종면 궁항리,궁항리,35.2047,127.8088
경상남도 하동군 옥종면 양구리,양구리,35.169301,127.874463
경상남도 하동군 옥종면 정수리,정수리,35.1572,127.8765
경상남도 하동군 옥종면 북방리,북방리,35.1599,127.9245
경상남도 하동군 옥종면 대곡리,대곡리,35.1692,127.9076
경상남도 하동군 옥종면 법대리,법대리,35.1785,127.9014
경상남도 하동군 옥종면 병천리,병천리,35.1911,127.8857
경상남도 하동군 옥종면 안계리,안계리,35.2097,127.8677
경상남도 하동군 옥종면 문암리,문암리,35.2051,127.8872
경상남도 하동군 옥종면 종화리,종화리,35.2237,127.8721
경상남도 하동군 옥종면 두양리,두양리,35.2428,127.8738
경상남도 하동군 옥종면 월횡리,월횡리,35.2032,127.8575
경상남도 하동군 옥종면 청룡리,청룡리,35.1738,127.856
경상남도 하동군 청암면,청암면,35.1564302,127.7995341
경상남도 하동군 청암면 묵계리,묵계리,35.2302,127.7266
경상남도 하동군 청암면 상이리,상이리,35.1946,127.7681
경상남도 하동군 청암면 중이리,중이리,35.1672,127.765
경상남도 하동군 청암면 명호리,명호리,35.1375,127.7888
경상남도 하동군 청암면 평촌리,평촌리,35.158207,127.79555
경상남도 하동군 북천면,북천면,35.11469,127.892775
경상남도 하동군 북천면 화정리,화정리,35.1457,127.8607
경상남도 하동군 북천면 서황리,서황리,35.1259,127.8707
경상남도 하동군 북천면 옥정리,옥정리,35.1215384,127.8958128
경상남도 하동군 북천면 직전리,직전리,35.1021,127.8868
경상남도 하동군 북천면 사평리,사평리,35.109722,127.8638839
경상남도 하동군 북천면 방화리,방화리,35.1154,127.8464
경상남도 하동군 양보면,양보면,35.0473125,127.8457194
경상남도 하동군 양보면 지례리,지례리,35.0459,127.8685
경상남도 하동군 양보면 박달리,박달리,35.0592,127.8561
경상남도 하동군 양보면 통정리,통정리,35.0722,127.8565
경상남도 하동군 양보면 우복리,우복리,35.0915,127.8524
경상남도 하동군 양보면 감당리,감당리,35.0865929,127.8275241
경상남도 하동군 양보면 장암리,장암리,35.0602,127.835
경상남도 하동군 양보면 운암리,운암리,35.0486,127.8439
경상남도 하동군 진교면,진교면,35.0304574,127.9008397
경상남도 하동군 진교면 술상리,술상리,34.9918,127.9008
경상남도 하동군 진교면 고이리,고이리,35.0588,127.9097
경상남도 하동군 진교면 송원리,송원리,35.0316,127.9152
경상남도 하동군 진교면 월운리,월운리,35.0735,127.8796
경상남도 하동군 진교면 관곡리,관곡리,35.0531,127.8902
경상남도 하동군 진교면 양포리,양포리,35.0033,127.9041
경상남도 하동군 진교면 고룡리,고룡리,35.0082,127.8827
경상남도 하동군 진교면 안심리,안심리,35.0174,127.8729
경상남도 하동군 진교면 백련리,백련리,35.0313,127.8745
경상남도 하동군 진교면 진교리,진교리,35.031,127.8999
경상남도 하동군 금남면,금남면,34.950526,127.859088
경상남도 하동군 금남면 대도리,대도리,34.9328,127.8315
경상남도 하동군 금남면 계천리,계천리,34.9947,127.8119
경상남도 하동군 금남면 진정리,진정리,34.9791,127.8238
경상남도 하동군 금남면 덕천리,덕천리,34.997,127.8457
경상남도 하동군 금남면 대송리,대송리,34.9732,127.8473
경상남도 하동군 금남면 송문리,송문리,34.9606,127.8556
경상남도 하동군 금남면 노량리,노량리,34.9593,127.8759
경상남도 하동군 금남면 대치리,대치리,34.9698,127.8878
경상남도 하동군 금남면 중평리,중평리,34.9819746,127.8981666
경상남도 하동군 고전면,고전면,35.022108,127.817288
경상남도 하동군 고전면 명교리,명교리,35.0302,127.8503
경상남도 하동군 고전면 성평리,성평리,35.015417,127.84315
경상남도 하동군 고전면 고하리,고하리,35.0247,127.8328
경상남도 하동군 고전면 대덕리,대덕리,35.008,127.8145
경상남도 하동군 고전면 전도리,전도리,35.0015,127.7962
경상남도 하동군 고전면 신월리,신월리,35.0324,127.7958
경상남도 하동군 고전면 성천리,성천리,35.0505,127.8157
경상남도 하동군 고전면 범아리,범아리,35.0214,127.8107
경상남도 하동군 횡천면,횡천면,35.109757,127.81395
경상남도 하동군 횡천면 학리,학리,35.0823,127.8057
경상남도 하동군 횡천면 남산리,남산리,35.0994,127.7956
경상남도 하동군 횡천면 월평리,월평리,35.1313,127.8109
경상남도 하동군 횡천면 횡천리,횡천리,35.1092,127.8126
경상남도 하동군 횡천면 여의리,여의리,35.107582,127.8294
경상남도 하동군 횡천면 애치리,애치리,35.1265,127.8317
경상남도 하동군 횡천면 전대리,전대리,35.1561,127.8276
경상남도 하동군 적량면,적량면,35.0832,127.776862
경상남도 하동군 적량면 고절리,고절리,35.0619,127.7895
경상남도 하동군 적량면 동산리,동산리,35.07855,127.780063
경상남도 하동군 적량면 서리,서리,35.1399,127.7536
경상남도 하동군 적량면 동리,동리,35.1119,127.7742
경상남도 하동군 적량면 우계리,우계리,35.104882,127.755663
경상남도 하동군 적량면 관리,관리,35.0855,127.766
경상남도 하동군 악양면,악양면,35.1623482,127.7089168
경상남도 하동군 악양면 평사리,평사리,35.1467,127.6851
경상남도 하동군 악양면 봉대리,봉대리,35.142324,127.69575
경상남도 하동군 악양면 입석리,입석리,35.1625,127.6943
경상남도 하동군 악양면 정서리,정서리,35.171301,127.700925
경상남도 하동군 악양면 정동리,정동리,35.1705,127.7216
경상남도 하동군 악양면 매계리,매계리,35.1838,127.702
경상남도 하동군 악양면 등촌리,등촌리,35.2069,127.7095
경상남도 하동군 악양면 동매리,동매리,35.1918,127.7062
경상남도 하동군 악양면 중대리,중대리,35.1898,127.7338
경상남도 하동군 악양면 신흥리,신흥리,35.1653,127.7296
경상남도 하동군 악양면 신성리,신성리,35.151,127.7287
경상남도 하동군 악양면 신대리,신대리,35.1395,127.7288
경상남도 하동군 악양면 축지리,축지리,35.1391,127.7117
경상남도 하동군 악양면 미점리,미점리,35.1316,127.7023
경상남도 하동군 화개면,화개면,35.1938606,127.6270382
경상남도 하동군 화개면 대성리,대성리,35.2889,127.6614
경상남도 하동군 화개면 범왕리,범왕리,35.2818,127.6119
경상남도 하동군 화개면 용강리,용강리,35.2425,127.6278
경상남도 하동군 화개면 운수리,운수리,35.2338,127.6677
경상남도 하동군 화개면 정금리,정금리,35.213001,127.6673
경상남도 하동군 화개면 삼신리,삼신리,35.2125,127.6294
경상남도 하동군 화개면 탑리,탑리,35.1951,127.638
경상남도 하동군 화개면 덕은리,덕은리,35.1813,127.6399
경상남도 하동군 화개면 부춘리,부춘리,35.1789,127.6661
경상남도 하동군 하동읍,하동읍,35.072108,127.745263
경상남도 하동군 하동읍 두곡리,두곡리,35.093,127.743
경상남도 하동군 하동읍 화심리,화심리,35.0949,127.7198
경상남도 하동군 하동읍 흥룡리,흥룡리,35.1138,127.7107
경상남도 하동군 하동읍 목도리,목도리,35.0422,127.7778
경상남도 하동군 하동읍 신기리,신기리,35.0545,127.7772
경상남도 하동군 하동읍 비파리,비파리,35.0674,127.7589
경상남도 하동군 하동읍 광평리,광평리,35.061083,127.747725
경상남도 하동군 하동읍 읍내리,읍내리,35.0742,127.7453
경상남도 남해군 창선면,창선면,34.857815,128.012088
경상남도 남해군 창선면 진동리,진동리,34.8513,128.0525
경상남도 남해군 창선면 가인리,가인리,34.8838,128.0366
경상남도 남해군 창선면 오용리,오용리,34.8652,128.039
경상남도 남해군 창선면 부윤리,부윤리,34.847699,128.034088
경상남도 남해군 창선면 수산리,수산리,34.8589,128.0193
경상남도 남해군 창선면 상죽리,상죽리,34.854382,128.0061
경상남도 남해군 창선면 당저리,당저리,34.8458,128.0144
경상남도 남해군 창선면 옥천리,옥천리,34.855,127.9918
경상남도 남해군 창선면 지족리,지족리,34.8446,127.9783
경상남도 남해군 창선면 광천리,광천리,34.8603,127.9719
경상남도 남해군 창선면 서대리,서대리,34.8792,127.9869
경상남도 남해군 창선면 율도리,율도리,34.8969,127.9976
경상남도 남해군 창선면 대벽리,대벽리,34.9106,128.0098
경상남도 남해군 창선면 당항리,당항리,34.9009,128.017
경상남도 남해군 창선면 동대리,동대리,34.8783,128.0042
경상남도 남해군 창선면 상신리,상신리,34.8617,128.0057
경상남도 남해군 설천면,설천면,34.9248717,127.9139662
경상남도 남해군 설천면 덕신리,덕신리,34.9266,127.8743
경상남도 남해군 설천면 노량리,노량리,34.9388844,127.876316
경상남도 남해군 설천면 문의리,문의리,34.936401,127.905375
경상남도 남해군 설천면 남양리,남양리,34.923976,127.89875
경상남도 남해군 설천면 금음리,금음리,34.9225,127.9147
경상남도 남해군 설천면 문항리,문항리,34.9073,127.9178
경상남도 남해군 설천면 진목리,진목리,34.8953,127.9124
경상남도 남해군 설천면 비란리,비란리,34.8903,127.8962
경상남도 남해군 고현면,고현면,34.8956155,127.8742957
경상남도 남해군 고현면 갈화리,갈화리,34.9002,127.829
경상남도 남해군 고현면 차면리,차면리,34.9154,127.8649
경상남도 남해군 고현면 대사리,대사리,34.9023,127.8736
경상남도 남해군 고현면 남치리,남치리,34.9099,127.8905
경상남도 남해군 고현면 포상리,포상리,34.8905,127.864
경상남도 남해군 고현면 오곡리,오곡리,34.887899,127.881225
경상남도 남해군 고현면 도마리,도마리,34.8763,127.887
경상남도 남해군 고현면 대곡리,대곡리,34.8666,127.8768
경상남도 남해군 고현면 이어리,이어리,34.861,127.895
경상남도 남해군 서면,서면,34.8100403,127.8382013
경상남도 남해군 서면 정포리,정포리,34.8805,127.8431
경상남도 남해군 서면 중현리,중현리,34.8689,127.8452
경상남도 남해군 서면 노구리,노구리,34.861,127.8317
경상남도 남해군 서면 남상리,남상리,34.8496,127.8267
경상남도 남해군 서면 작장리,작장리,34.8308,127.8254
경상남도 남해군 서면 서상리,서상리,34.8107,127.839
경상남도 남해군 서면 서호리,서호리,34.8243,127.8495
경상남도 남해군 서면 대정리,대정리,34.8093,127.862
경상남도 남해군 서면 연죽리,연죽리,34.832,127.8576
경상남도 남해군 남면,남면,34.7715213,127.8867477
경상남도 남해군 남면 죽전리,죽전리,34.7711,127.8781
경상남도 남해군 남면 상가리,상가리,34.7899,127.8747
경상남도 남해군 남면 덕월리,덕월리,34.7852,127.8542
경상남도 남해군 남면 평산리,평산리,34.7622,127.8574
경상남도 남해군 남면 임포리,임포리,34.7443,127.8759
경상남도 남해군 남면 선구리,선구리,34.7358,127.8666
경상남도 남해군 남면 홍현리,홍현리,34.7384,127.9
경상남도 남해군 남면 석교리,석교리,34.76,127.8963
경상남도 남해군 남면 당항리,당항리,34.7812,127.8984
경상남도 남해군 미조면,미조면,34.7120248,128.0460335
경상남도 남해군 미조면 미조리,미조리,34.6961,128.0493
경상남도 남해군 미조면 송정리,송정리,34.7534,128.0714
경상남도 남해군 삼동면,삼동면,34.8309558,128.000954
경상남도 남해군 삼동면 물건리,물건리,34.7832,128.041
경상남도 남해군 삼동면 봉화리,봉화리,34.7786,128.0138
경상남도 남해군 삼동면 동천리,동천리,34.814,128.0468
경상남도 남해군 삼동면 금송리,금송리,34.8232,128.0192
경상남도 남해군 삼동면 지족리,지족리,34.8221,127.9988
경상남도 남해군 삼동면 영지리,영지리,34.813,127.9801
경상남도 남해군 상주면,상주면,34.7238235,127.9853899
경상남도 남해군 상주면 상주리,상주리,34.7323,127.9902
경상남도 남해군 상주면 양아리,양아리,34.7276,127.9395
경상남도 남해군 이동면,이동면,34.7994271,127.9547031
경상남도 남해군 이동면 난음리,난음리,34.7963,127.9831
경상남도 남해군 이동면 용소리,용소리,34.7835,127.926
경상남도 남해군 이동면 화계리,화계리,34.7816,127.9441
경상남도 남해군 이동면 신전리,신전리,34.7657,127.973638
경상남도 남해군 이동면 무림리,무림리,34.7932,127.9589
경상남도 남해군 이동면 석평리,석평리,34.7994,127.9353
경상남도 남해군 이동면 초음리,초음리,34.8244224,127.9323837
경상남도 남해군 이동면 다정리,다정리,34.8066,127.9175
경상남도 남해군 남해읍,남해읍,34.8385125,127.8936703
경상남도 남해군 남해읍 입현리,입현리,34.8295,127.9143
경상남도 남해군 남해읍 평리,평리,34.8185,127.8993
경상남도 남해군 남해읍 평현리,평현리,34.816,127.8808
경상남도 남해군 남해읍 아산리,아산리,34.8457,127.8771
경상남도 남해군 남해읍 심천리,심천리,34.854057,127.893413
경상남도 남해군 남해읍 선소리,선소리,34.8477,127.9115
경상남도 남해군 남해읍 차산리,차산리,34.8461334,127.9044163
경상남도 남해군 남해읍 남변리,남변리,34.8321,127.9006
경상남도 남해군 남해읍 서변리,서변리,34.8346,127.8889
경상남도 남해군 남해읍 북변리,북변리,34.8397272,127.9047987
경상남도 고성군 거류면,거류면,34.9918215,128.4042812
경상남도 고성군 거류면 감서리,감서리,35.0064,128.3871
경상남도 고성군 거류면 용산리,용산리,34.9660089,128.3624379
경상남도 고성군 거류면 은월리,은월리,34.9648,128.378
경상남도 고성군 거류면 송산리,송산리,34.9802,128.3704
경상남도 고성군 거류면 가려리,가려리,34.9952,128.3627
경상남도 고성군 거류면 거산리,거산리,35.006,128.3611
경상남도 고성군 거류면 화당리,화당리,34.9791,128.4321
경상남도 고성군 거류면 신용리,신용리,34.9747,128.4051
경상남도 고성군 거류면 당동리,당동리,34.9928,128.3936
경상남도 고성군 동해면,동해면,35.041467,128.421075
경상남도 고성군 동해면 내곡리,내곡리,35.0271,128.4037
경상남도 고성군 동해면 외곡리,외곡리,35.015,128.4099
경상남도 고성군 동해면 봉암리,봉암리,35.0031,128.4163
경상남도 고성군 동해면 장좌리,장좌리,35.0098,128.4455
경상남도 고성군 동해면 용정리,용정리,35.0203,128.4769
경상남도 고성군 동해면 내산리,내산리,35.0576,128.4708
경상남도 고성군 동해면 외산리,외산리,35.0619,128.4558
경상남도 고성군 동해면 양촌리,양촌리,35.0357,128.454
경상남도 고성군 동해면 장기리,장기리,35.0364,128.4169
경상남도 고성군 마암면,마암면,35.0551868,128.3365983
경상남도 고성군 마암면 석마리,석마리,35.0552,128.3142
경상남도 고성군 마암면 신리,신리,35.0592,128.296
경상남도 고성군 마암면 성전리,성전리,35.0723,128.3159
경상남도 고성군 마암면 장산리,장산리,35.0595,128.3253
경상남도 고성군 마암면 도전리,도전리,35.0524,128.3347
경상남도 고성군 마암면 화산리,화산리,35.0599,128.3455
경상남도 고성군 마암면 보전리,보전리,35.0391,128.358
경상남도 고성군 마암면 삼락리,삼락리,35.0244,128.3538
경상남도 고성군 마암면 두호리,두호리,35.0119,128.3501
경상남도 고성군 회화면,회화면,35.0603024,128.3732594
경상남도 고성군 회화면 녹명리,녹명리,35.0733,128.3601
경상남도 고성군 회화면 삼덕리,삼덕리,35.0887,128.3753
경상남도 고성군 회화면 어신리,어신리,35.0738,128.4191
경상남도 고성군 회화면 봉동리,봉동리,35.0713,128.3969
경상남도 고성군 회화면 당항리,당항리,35.0538,128.3882
경상남도 고성군 회화면 배둔리,배둔리,35.0579155,128.3648958
경상남도 고성군 구만면,구만면,35.088015,128.335
경상남도 고성군 구만면 광덕리,광덕리,35.0738,128.3414
경상남도 고성군 구만면 용와리,용와리,35.0834,128.3211
경상남도 고성군 구만면 저연리,저연리,35.0998,128.3153
경상남도 고성군 구만면 화림리,화림리,35.1065,128.3323
경상남도 고성군 구만면 주평리,주평리,35.1024,128.3541
경상남도 고성군 구만면 효락리,효락리,35.0905,128.3449
경상남도 고성군 개천면,개천면,35.0987865,128.2589238
경상남도 고성군 개천면 좌연리,좌연리,35.0699,128.2783
경상남도 고성군 개천면 예성리,예성리,35.092,128.2513
경상남도 고성군 개천면 명성리,명성리,35.1044,128.2689
경상남도 고성군 개천면 북평리,북평리,35.083,128.265
경상남도 고성군 개천면 용안리,용안리,35.0983,128.2809
경상남도 고성군 개천면 봉치리,봉치리,35.0934,128.3028
경상남도 고성군 개천면 가천리,가천리,35.1204,128.2877
경상남도 고성군 개천면 나선리,나선리,35.1193,128.326
경상남도 고성군 개천면 청광리,청광리,35.1148,128.3089
경상남도 고성군 영오면,영오면,35.107832,128.237663
경상남도 고성군 영오면 양산리,양산리,35.1213,128.2644
경상남도 고성군 영오면 연당리,연당리,35.1149,128.2526
경상남도 고성군 영오면 성곡리,성곡리,35.0981,128.2343
경상남도 고성군 영오면 영산리,영산리,35.1107,128.2156
경상남도 고성군 영오면 오동리,오동리,35.0942,128.2094
경상남도 고성군 영오면 오서리,오서리,35.0875,128.1958
경상남도 고성군 영오면 영대리,영대리,35.096,128.2227
경상남도 고성군 영현면,영현면,35.054068,128.2055606
경상남도 고성군 영현면 연화리,연화리,35.0759,128.2411
경상남도 고성군 영현면 신분리,신분리,35.0691,128.2205
경상남도 고성군 영현면 봉림리,봉림리,35.0528,128.1974
경상남도 고성군 영현면 영부리,영부리,35.0382,128.207
경상남도 고성군 영현면 대법리,대법리,35.0485,128.2282
경상남도 고성군 영현면 봉발리,봉발리,35.022,128.2154
경상남도 고성군 영현면 추계리,추계리,35.0175,128.233
경상남도 고성군 영현면 침점리,침점리,35.0596,128.2122
경상남도 고성군 대가면,대가면,35.0175245,128.2985653
경상남도 고성군 대가면 신전리,신전리,35.054,128.244
경상남도 고성군 대가면 갈천리,갈천리,35.0226,128.2519
경상남도 고성군 대가면 송계리,송계리,35.0485,128.2681
경상남도 고성군 대가면 연지리,연지리,34.9979,128.2742
경상남도 고성군 대가면 양화리,양화리,35.0164,128.2759
경상남도 고성군 대가면 유흥리,유흥리,35.0121,128.2967
경상남도 고성군 대가면 암전리,암전리,35.0086,128.3098
경상남도 고성군 대가면 금산리,금산리,35.0312,128.319337
경상남도 고성군 대가면 척정리,척정리,35.0342,128.2921
경상남도 고성군 상리면,상리면,34.9997999,128.1864013
경상남도 고성군 상리면 부포리,부포리,34.9874,128.2461
경상남도 고성군 상리면 자은리,자은리,34.9802,128.2349
경상남도 고성군 상리면 무선리,무선리,34.9824,128.2148
경상남도 고성군 상리면 망림리,망림리,35.0013,128.221075
경상남도 고성군 상리면 동산리,동산리,34.9733,128.1791
경상남도 고성군 상리면 오산리,오산리,35.002,128.1971
경상남도 고성군 상리면 신촌리,신촌리,35.0126,128.1647
경상남도 고성군 상리면 고봉리,고봉리,35.028458,128.1807
경상남도 고성군 상리면 척번정리,척번정리,34.9932,128.18
경상남도 고성군 하이면,하이면,34.9287056,128.1228625
경상남도 고성군 하이면 봉원리,봉원리,34.977,128.1509
경상남도 고성군 하이면 봉현리,봉현리,34.962176,128.139838
경상남도 고성군 하이면 와룡리,와룡리,34.9514,128.1552
경상남도 고성군 하이면 석지리,석지리,34.9424,128.1355
경상남도 고성군 하이면 사곡리,사곡리,34.9309,128.1454
경상남도 고성군 하이면 월흥리,월흥리,34.9164,128.1457
경상남도 고성군 하이면 덕명리,덕명리,34.9022,128.1352
경상남도 고성군 하이면 덕호리,덕호리,34.9175,128.1181
경상남도 고성군 하일면,하일면,34.9434825,128.1924397
경상남도 고성군 하일면 동화리,동화리,34.9035,128.1942
경상남도 고성군 하일면 춘암리,춘암리,34.8868,128.1793
경상남도 고성군 하일면 오방리,오방리,34.9349,128.1751
경상남도 고성군 하일면 송천리,송천리,34.9242,128.1946
경상남도 고성군 하일면 용태리,용태리,34.9452,128.2142
경상남도 고성군 하일면 수양리,수양리,34.9635,128.2062
경상남도 고성군 하일면 학림리,학림리,34.950101,128.189625
경상남도 고성군 삼산면,삼산면,34.9368932,128.2738073
경상남도 고성군 삼산면 판곡리,판곡리,34.9515,128.3079
경상남도 고성군 삼산면 장치리,장치리,34.9565,128.2346
경상남도 고성군 삼산면 삼봉리,삼봉리,34.9548,128.2498
경상남도 고성군 삼산면 미룡리,미룡리,34.9382,128.2776
경상남도 고성군 삼산면 두포리,두포리,34.9181,128.2871
경상남도 고성군 삼산면 병산리,병산리,34.9491,128.289
경상남도 고성군 고성읍,고성읍,34.9780928,128.3192211
경상남도 고성군 고성읍 대독리,대독리,34.9679,128.3043
경상남도 고성군 고성읍 이당리,이당리,34.9768,128.2709
경상남도 고성군 고성읍 신월리,신월리,34.9554,128.3359
경상남도 고성군 고성읍 월평리,월평리,34.9502,128.359
경상남도 고성군 고성읍 율대리,율대리,34.9668,128.3454
경상남도 고성군 고성읍 죽계리,죽계리,34.9955,128.3395
경상남도 고성군 고성읍 우산리,우산리,35.0059,128.3265
경상남도 고성군 고성읍 대평리,대평리,34.9934,128.3223
경상남도 고성군 고성읍 덕선리,덕선리,34.9932,128.3092
경상남도 고성군 고성읍 무량리,무량리,34.9888,128.2917
경상남도 고성군 고성읍 교사리,교사리,34.9784,128.2991
경상남도 고성군 고성읍 기월리,기월리,34.9842,128.3145
경상남도 고성군 고성읍 송학리,송학리,34.982,128.334
경상남도 고성군 고성읍 동외리,동외리,34.9701302,128.3286002
경상남도 고성군 고성읍 수남리,수남리,34.9654,128.3215
경상남도 고성군 고성읍 서외리,서외리,34.9741,128.3179
경상남도 고성군 고성읍 성내리,성내리,34.9736552,128.3223406
경상남도 창녕군 부곡면,부곡면,35.4348944,128.6029214
경상남도 창녕군 부곡면 수다리,수다리,35.4324,128.6314
경상남도 창녕군 부곡면 비봉리,비봉리,35.4093,128.6346
경상남도 창녕군 부곡면 구산리,구산리,35.3964,128.6359
경상남도 창녕군 부곡면 학포리,학포리,35.378099,128.638162
경상남도 창녕군 부곡면 노리,노리,35.3874,128.6184
경상남도 창녕군 부곡면 청암리,청암리,35.4063,128.6113
경상남도 창녕군 부곡면 온정리,온정리,35.425,128.6124
경상남도 창녕군 부곡면 사창리,사창리,35.4268,128.5947
경상남도 창녕군 부곡면 거문리,거문리,35.44589,128.5848315
경상남도 창녕군 부곡면 부곡리,부곡리,35.4417,128.6063
경상남도 창녕군 길곡면,길곡면,35.3870249,128.5689815
경상남도 창녕군 길곡면 마천리,마천리,35.4024,128.5881
경상남도 창녕군 길곡면 길곡리,길곡리,35.4183,128.5661
경상남도 창녕군 길곡면 오호리,오호리,35.3941,128.5348
경상남도 창녕군 길곡면 증산리,증산리,35.389,128.5651
경상남도 창녕군 도천면,도천면,35.4351343,128.5180382
경상남도 창녕군 도천면 송진리,송진리,35.4115,128.5062
경상남도 창녕군 도천면 우강리,우강리,35.4047,128.5236
경상남도 창녕군 도천면 논리,논리,35.4216,128.5294
경상남도 창녕군 도천면 어만리,어만리,35.4191,128.5466
경상남도 창녕군 도천면 예리,예리,35.4302,128.5481
경상남도 창녕군 도천면 덕곡리,덕곡리,35.4441,128.5578
경상남도 창녕군 도천면 일리,일리,35.4394,128.5243
경상남도 창녕군 도천면 도천리,도천리,35.4272,128.5138
경상남도 창녕군 장마면,장마면,35.4581847,128.4729497
경상남도 창녕군 장마면 대봉리,대봉리,35.4392,128.45
경상남도 창녕군 장마면 동정리,동정리,35.4541,128.4455
경상남도 창녕군 장마면 신구리,신구리,35.4752,128.4521
경상남도 창녕군 장마면 산지리,산지리,35.4605,128.4594
경상남도 창녕군 장마면 초곡리,초곡리,35.4984,128.4918
경상남도 창녕군 장마면 장가리,장가리,35.483,128.4769
경상남도 창녕군 장마면 유리,유리,35.4487,128.4748
경상남도 창녕군 장마면 강리,강리,35.4615,128.4706
경상남도 창녕군 영산면,영산면,35.4536446,128.5278697
경상남도 창녕군 영산면 봉암리,봉암리,35.4312,128.4808
경상남도 창녕군 영산면 월령리,월령리,35.413099,128.490563
경상남도 창녕군 영산면 신제리,신제리,35.4331,128.5
경상남도 창녕군 영산면 죽사리,죽사리,35.4433,128.5345
경상남도 창녕군 영산면 동리,동리,35.451899,128.5319871
경상남도 창녕군 영산면 성내리,성내리,35.464485,128.526525
경상남도 창녕군 영산면 교리,교리,35.4626,128.5403
경상남도 창녕군 영산면 구계리,구계리,35.473,128.5589
경상남도 창녕군 영산면 서리,서리,35.4572,128.5246
경상남도 창녕군 계성면,계성면,35.4688436,128.512945
경상남도 창녕군 계성면 봉산리,봉산리,35.4472,128.4957
경상남도 창녕군 계성면 광계리,광계리,35.4675,128.4921
경상남도 창녕군 계성면 계성리,계성리,35.4843,128.5007
경상남도 창녕군 계성면 신당리,신당리,35.4943,128.5138
경상남도 창녕군 계성면 사리,사리,35.4926,128.5355
경상남도 창녕군 계성면 명리,명리,35.469901,128.51685
경상남도 창녕군 대지면,대지면,35.555637,128.4679413
경상남도 창녕군 대지면 용소리,용소리,35.5221,128.4524
경상남도 창녕군 대지면 구미리,구미리,35.5328,128.46805
경상남도 창녕군 대지면 본초리,본초리,35.537133,128.448175
경상남도 창녕군 대지면 효정리,효정리,35.5502,128.4736
경상남도 창녕군 대지면 창산리,창산리,35.5534,128.4461
경상남도 창녕군 대지면 석리,석리,35.5563,128.4607
경상남도 창녕군 대지면 왕산리,왕산리,35.5636,128.479
경상남도 창녕군 대지면 모산리,모산리,35.5628,128.469063
경상남도 창녕군 유어면,유어면,35.5081019,128.4111291
경상남도 창녕군 유어면 풍조리,풍조리,35.504017,128.444375
경상남도 창녕군 유어면 광산리,광산리,35.486801,128.445838
경상남도 창녕군 유어면 진창리,진창리,35.4971,128.4294
경상남도 창녕군 유어면 선소리,선소리,35.5178,128.4237
경상남도 창녕군 유어면 대대리,대대리,35.5411,128.4306
경상남도 창녕군 유어면 세진리,세진리,35.5393,128.4135
경상남도 창녕군 유어면 가항리,가항리,35.520292,128.386388
경상남도 창녕군 유어면 미구리,미구리,35.5144,128.4004
경상남도 창녕군 유어면 부곡리,부곡리,35.5114,128.4116
경상남도 창녕군 이방면,이방면,35.5771505,128.3878419
경상남도 창녕군 이방면 등림리,등림리,35.5802,128.3681
경상남도 창녕군 이방면 장천리,장천리,35.6002,128.3642
경상남도 창녕군 이방면 송곡리,송곡리,35.6071,128.3715
경상남도 창녕군 이방면 거남리,거남리,35.6001,128.3905
경상남도 창녕군 이방면 초곡리,초곡리,35.585732,128.41
경상남도 창녕군 이방면 옥천리,옥천리,35.5517,128.395238
경상남도 창녕군 이방면 모곡리,모곡리,35.5414,128.3898
경상남도 창녕군 이방면 상리,상리,35.5373,128.3781
경상남도 창녕군 이방면 성산리,성산리,35.5258962,128.3727248
경상남도 창녕군 이방면 현창리,현창리,35.544033,128.354675
경상남도 창녕군 이방면 석리,석리,35.555717,128.3733
경상남도 창녕군 이방면 동산리,동산리,35.5712,128.3874
경상남도 창녕군 이방면 안리,안리,35.5748,128.4
경상남도 창녕군 대합면,대합면,35.6136971,128.472093
경상남도 창녕군 대합면 합리,합리,35.6147,128.4452
경상남도 창녕군 대합면 대동리,대동리,35.607,128.4496
경상남도 창녕군 대합면 대곡리,대곡리,35.6005,128.4052
경상남도 창녕군 대합면 이방리,이방리,35.625765,128.44475
경상남도 창녕군 대합면 목단리,목단리,35.6126948,128.4139485
경상남도 창녕군 대합면 내울리,내울리,35.5978,128.4255
경상남도 창녕군 대합면 도개리,도개리,35.5917,128.4385
경상남도 창녕군 대합면 평지리,평지리,35.588,128.4606
경상남도 창녕군 대합면 신당리,신당리,35.5751,128.4327
경상남도 창녕군 대합면 퇴산리,퇴산리,35.5803,128.4432
경상남도 창녕군 대합면 주매리,주매리,35.5655,128.4247
경상남도 창녕군 대합면 소야리,소야리,35.5627,128.4468
경상남도 창녕군 대합면 모전리,모전리,35.5758,128.4651
경상남도 창녕군 대합면 장기리,장기리,35.5939,128.4818
경상남도 창녕군 대합면 등지리,등지리,35.6013,128.4642
경상남도 창녕군 대합면 십이리,십이리,35.6132,128.4728
경상남도 창녕군 성산면,성산면,35.6287391,128.4939806
경상남도 창녕군 성산면 가복리,가복리,35.591,128.5613
경상남도 창녕군 성산면 방리,방리,35.6065,128.5352
경상남도 창녕군 성산면 운봉리,운봉리,35.6182,128.5137
경상남도 창녕군 성산면 연당리,연당리,35.6288,128.5246
경상남도 창녕군 성산면 대산리,대산리,35.658457,128.522663
경상남도 창녕군 성산면 후천리,후천리,35.6337,128.4802
경상남도 창녕군 성산면 대견리,대견리,35.6362,128.4588
경상남도 창녕군 성산면 정녕리,정녕리,35.625482,128.468388
경상남도 창녕군 성산면 냉천리,냉천리,35.6211,128.4915
경상남도 창녕군 고암면,고암면,35.5763945,128.5110054
경상남도 창녕군 고암면 감리,감리,35.5592,128.570638
경상남도 창녕군 고암면 계상리,계상리,35.5784,128.5355
경상남도 창녕군 고암면 우천리,우천리,35.5626,128.5288
경상남도 창녕군 고암면 간상리,간상리,35.59829,128.502862
경상남도 창녕군 고암면 대암리,대암리,35.5866,128.4984
경상남도 창녕군 고암면 원촌리,원촌리,35.578775,128.485913
경상남도 창녕군 고암면 억만리,억만리,35.569,128.4971
경상남도 창녕군 고암면 중대리,중대리,35.5826,128.511988
경상남도 창녕군 남지읍,남지읍,35.3890888,128.477189
경상남도 창녕군 남지읍 월하리,월하리,35.4529,128.3852
경상남도 창녕군 남지읍 대곡리,대곡리,35.4407,128.3922
경상남도 창녕군 남지읍 반포리,반포리,35.4321,128.4006
경상남도 창녕군 남지읍 칠현리,칠현리,35.4286,128.4134
경상남도 창녕군 남지읍 시남리,시남리,35.4716,128.4272
경상남도 창녕군 남지읍 수개리,수개리,35.4556,128.4281
경상남도 창녕군 남지읍 고곡리,고곡리,35.4453,128.4195
경상남도 창녕군 남지읍 아지리,아지리,35.4287,128.4334
경상남도 창녕군 남지읍 성사리,성사리,35.4237,128.4594
경상남도 창녕군 남지읍 신전리,신전리,35.4138,128.438
경상남도 창녕군 남지읍 용산리,용산리,35.3976,128.4428
경상남도 창녕군 남지읍 학계리,학계리,35.3936,128.4601
경상남도 창녕군 남지읍 마산리,마산리,35.3982,128.47
경상남도 창녕군 남지읍 남지리,남지리,35.3916,128.4819
경상남도 창녕군 창녕읍,창녕읍,35.5412699,128.500761
경상남도 창녕군 창녕읍 교하리,교하리,35.5375,128.4988
경상남도 창녕군 창녕읍 여초리,여초리,35.511108,128.5106
경상남도 창녕군 창녕읍 옥천리,옥천리,35.5178,128.5634
경상남도 창녕군 창녕읍 외부리,외부리,35.4996,128.4682
경상남도 창녕군 창녕읍 용석리,용석리,35.5105,128.4717
경상남도 창녕군 창녕읍 신촌리,신촌리,35.5226,128.4766
경상남도 창녕군 창녕읍 탐하리,탐하리,35.52905,128.487863
경상남도 창녕군 창녕읍 퇴천리,퇴천리,35.5216,128.5107
경상남도 창녕군 창녕읍 하리,하리,35.558742,128.491838
경상남도 창녕군 창녕읍 도야리,도야리,35.5563,128.5119
경상남도 창녕군 창녕읍 조산리,조산리,35.5355,128.4843
경상남도 창녕군 창녕읍 직교리,직교리,35.53925,128.476362
경상남도 창녕군 창녕읍 술정리,술정리,35.5368,128.4923
경상남도 창녕군 창녕읍 교상리,교상리,35.5409331,128.5010234
경상남도 창녕군 창녕읍 말흘리,말흘리,35.5313399,128.5159383
경상남도 창녕군 창녕읍 교리,교리,35.5489,128.4971
경상남도 창녕군 창녕읍 송현리,송현리,35.5447,128.5182
경상남도 함안군 여항면,여항면,35.2102134,128.434485
경상남도 함안군 여항면 주동리,주동리,35.1791,128.428
경상남도 함안군 여항면 주서리,주서리,35.1934,128.4183
경상남도 함안군 여항면 내곡리,내곡리,35.197,128.4645
경상남도 함안군 여항면 외암리,외암리,35.2097,128.4544
경상남도 함안군 산인면,산인면,35.2792623,128.4243466
경상남도 함안군 산인면 운곡리,운곡리,35.3084,128.4557
경상남도 함안군 산인면 부봉리,부봉리,35.3038,128.4338
경상남도 함안군 산인면 내인리,내인리,35.2929,128.4291
경상남도 함안군 산인면 송정리,송정리,35.2804,128.4318
경상남도 함안군 산인면 모곡리,모곡리,35.2802,128.4575
경상남도 함안군 산인면 신산리,신산리,35.2646,128.4614
경상남도 함안군 산인면 입곡리,입곡리,35.2469,128.4628
경상남도 함안군 칠북면,칠북면,35.3467388,128.5216732
경상남도 함안군 칠북면 영동리,영동리,35.3303,128.5442
경상남도 함안군 칠북면 가연리,가연리,35.3383,128.5418
경상남도 함안군 칠북면 검단리,검단리,35.3477796,128.541274
경상남도 함안군 칠북면 봉촌리,봉촌리,35.3689,128.5602
경상남도 함안군 칠북면 이령리,이령리,35.3662,128.5355
경상남도 함안군 칠북면 덕남리,덕남리,35.370799,128.5204
경상남도 함안군 칠북면 화천리,화천리,35.3532,128.5084
경상남도 함안군 칠서면,칠서면,35.3336013,128.4979377
경상남도 함안군 칠서면 청계리,청계리,35.3331,128.4956
경상남도 함안군 칠서면 이룡리,이룡리,35.3831,128.5141
경상남도 함안군 칠서면 용성리,용성리,35.3855,128.4945
경상남도 함안군 칠서면 계내리,계내리,35.3736,128.4827
경상남도 함안군 칠서면 대치리,대치리,35.3634,128.4957
경상남도 함안군 칠서면 태곡리,태곡리,35.3461,128.4813
경상남도 함안군 칠서면 구포리,구포리,35.3422,128.5057
경상남도 함안군 칠서면 무릉리,무릉리,35.3231,128.5196
경상남도 함안군 칠서면 회산리,회산리,35.315,128.4874
경상남도 함안군 대산면,대산면,35.3501786,128.4315565
경상남도 함안군 대산면 장암리,장암리,35.3755,128.4396
경상남도 함안군 대산면 구혜리,구혜리,35.3553,128.4275
경상남도 함안군 대산면 서촌리,서촌리,35.3368,128.4082
경상남도 함안군 대산면 하기리,하기리,35.3496,128.3991
경상남도 함안군 대산면 옥렬리,옥렬리,35.3246,128.425375
경상남도 함안군 대산면 평림리,평림리,35.3414,128.4373
경상남도 함안군 대산면 대사리,대사리,35.3306,128.4697
경상남도 함안군 대산면 부목리,부목리,35.3628,128.461
경상남도 함안군 법수면,법수면,35.3154564,128.35542
경상남도 함안군 법수면 황사리,황사리,35.3309,128.3223
경상남도 함안군 법수면 사정리,사정리,35.3525,128.3173
경상남도 함안군 법수면 백산리,백산리,35.3493,128.3358
경상남도 함안군 법수면 대송리,대송리,35.3336,128.3403
경상남도 함안군 법수면 주물리,주물리,35.3314,128.3704
경상남도 함안군 법수면 윤외리,윤외리,35.3207,128.3707
경상남도 함안군 법수면 윤내리,윤내리,35.3167,128.3939
경상남도 함안군 법수면 우거리,우거리,35.3107,128.3517
경상남도 함안군 법수면 강주리,강주리,35.314,128.33
경상남도 함안군 군북면,군북면,35.2616254,128.3450577
경상남도 함안군 군북면 원북리,원북리,35.2243,128.319
경상남도 함안군 군북면 하림리,하림리,35.243718,128.31665
경상남도 함안군 군북면 영운리,영운리,35.2559,128.3115
경상남도 함안군 군북면 수곡리,수곡리,35.273017,128.305238
경상남도 함안군 군북면 박곡리,박곡리,35.2661,128.288925
경상남도 함안군 군북면 월촌리,월촌리,35.3036,128.3068
경상남도 함안군 군북면 유현리,유현리,35.2969,128.3532
경상남도 함안군 군북면 장지리,장지리,35.2886,128.3412
경상남도 함안군 군북면 사도리,사도리,35.2888,128.3245
경상남도 함안군 군북면 모로리,모로리,35.2686,128.3242
경상남도 함안군 군북면 명관리,명관리,35.2321,128.3421
경상남도 함안군 군북면 오곡리,오곡리,35.2068,128.3728
경상남도 함안군 군북면 사촌리,사촌리,35.2248,128.3649
경상남도 함안군 군북면 동촌리,동촌리,35.2458,128.3601
경상남도 함안군 군북면 소포리,소포리,35.2717,128.3552
경상남도 함안군 군북면 중암리,중암리,35.2696,128.3389
경상남도 함안군 군북면 덕대리,덕대리,35.2562,128.3356
경상남도 함안군 함안면,함안면,35.2420673,128.4237476
경상남도 함안군 함안면 파수리,파수리,35.2241,128.4
경상남도 함안군 함안면 강명리,강명리,35.2162,128.4324
경상남도 함안군 함안면 대산리,대산리,35.2583,128.4329
경상남도 함안군 함안면 괴산리,괴산리,35.2524789,128.4208014
경상남도 함안군 함안면 북촌리,북촌리,35.238468,128.441125
경상남도 함안군 함안면 봉성리,봉성리,35.2311,128.4235
경상남도 함안군 칠원읍,칠원읍,35.308842,128.5185
경상남도 함안군 칠원읍 운곡리,운곡리,35.3137,128.558
경상남도 함안군 칠원읍 운서리,운서리,35.3171,128.5264
경상남도 함안군 칠원읍 무기리,무기리,35.2891,128.5615
경상남도 함안군 칠원읍 용정리,용정리,35.2911,128.522
경상남도 함안군 칠원읍 예곡리,예곡리,35.2747,128.539
경상남도 함안군 칠원읍 오곡리,오곡리,35.2825,128.5071
경상남도 함안군 칠원읍 장암리,장암리,35.2911,128.47
경상남도 함안군 칠원읍 유원리,유원리,35.2912,128.4934
경상남도 함안군 칠원읍 용산리,용산리,35.3075,128.5111
경상남도 함안군 칠원읍 구성리,구성리,35.3041,128.5267
경상남도 함안군 가야읍,가야읍,35.2723046,128.4081358
경상남도 함안군 가야읍 산서리,산서리,35.3041,128.4114
경상남도 함안군 가야읍 묘사리,묘사리,35.2957,128.3813
경상남도 함안군 가야읍 가야리,가야리,35.2781,128.3892
경상남도 함안군 가야읍 사내리,사내리,35.274,128.3739
경상남도 함안군 가야읍 춘곡리,춘곡리,35.2539,128.3746
경상남도 함안군 가야읍 혈곡리,혈곡리,35.2391,128.3852
경상남도 함안군 가야읍 신음리,신음리,35.2567,128.3913
경상남도 함안군 가야읍 도항리,도항리,35.2727,128.4014
경상남도 함안군 가야읍 광정리,광정리,35.2547,128.4102
경상남도 함안군 가야읍 검암리,검암리,35.2734,128.4199
경상남도 함안군 가야읍 말산리,말산리,35.2801,128.411612
경상남도 의령군 유곡면,유곡면,35.4332518,128.3136403
경상남도 의령군 유곡면 세간리,세간리,35.4325,128.3421
경상남도 의령군 유곡면 덕천리,덕천리,35.4388,128.325
경상남도 의령군 유곡면 당동리,당동리,35.4409,128.3101
경상남도 의령군 유곡면 마장리,마장리,35.4477,128.2889
경상남도 의령군 유곡면 칠곡리,칠곡리,35.4235,128.3131
경상남도 의령군 유곡면 마두리,마두리,35.4122,128.3077
경상남도 의령군 유곡면 송산리,송산리,35.4246,128.2837
경상남도 의령군 유곡면 신촌리,신촌리,35.4017131,128.2934603
경상남도 의령군 유곡면 오목리,오목리,35.402799,128.2758
경상남도 의령군 유곡면 상곡리,상곡리,35.3976,128.252
경상남도 의령군 유곡면 상촌리,상촌리,35.4155599,128.2605329
경상남도 의령군 궁류면,궁류면,35.4472987,128.248971
경상남도 의령군 궁류면 다현리,다현리,35.4617,128.252
경상남도 의령군 궁류면 계현리,계현리,35.445,128.2652
경상남도 의령군 궁류면 토곡리,토곡리,35.4537,128.2376
경상남도 의령군 궁류면 압곡리,압곡리,35.4346,128.2596
경상남도 의령군 궁류면 운계리,운계리,35.419901,128.23615
경상남도 의령군 궁류면 벽계리,벽계리,35.4199575,128.2024146
경상남도 의령군 궁류면 평촌리,평촌리,35.4422,128.2237
경상남도 의령군 봉수면,봉수면,35.4723197,128.2662604
경상남도 의령군 봉수면 천락리,천락리,35.4872,128.2956
경상남도 의령군 봉수면 서득리,서득리,35.4653,128.3105
경상남도 의령군 봉수면 삼가리,삼가리,35.4709,128.292
경상남도 의령군 봉수면 죽전리,죽전리,35.477401,128.27335
경상남도 의령군 봉수면 신현리,신현리,35.4815,128.2578
경상남도 의령군 봉수면 서암리,서암리,35.4801,128.2422
경상남도 의령군 봉수면 청계리,청계리,35.4729,128.219
경상남도 의령군 부림면,부림면,35.4663976,128.3245384
경상남도 의령군 부림면 묵방리,묵방리,35.508,128.3103
경상남도 의령군 부림면 권혜리,권혜리,35.5009,128.2818
경상남도 의령군 부림면 감암리,감암리,35.4769,128.3278
경상남도 의령군 부림면 익구리,익구리,35.4912,128.3282
경상남도 의령군 부림면 여배리,여배리,35.5008,128.3378
경상남도 의령군 부림면 대곡리,대곡리,35.4898,128.3574
경상남도 의령군 부림면 단원리,단원리,35.4657,128.3432
경상남도 의령군 부림면 손오리,손오리,35.4653,128.3599
경상남도 의령군 부림면 경산리,경산리,35.437368,128.3649
경상남도 의령군 부림면 입산리,입산리,35.4535,128.3488
경상남도 의령군 부림면 막곡리,막곡리,35.4537,128.3274
경상남도 의령군 부림면 신반리,신반리,35.4629,128.3217
경상남도 의령군 낙서면,낙서면,35.4841628,128.3772205
경상남도 의령군 낙서면 아근리,아근리,35.5042,128.3781
경상남도 의령군 낙서면 내제리,내제리,35.4999,128.389
경상남도 의령군 낙서면 여의리,여의리,35.4924,128.4111
경상남도 의령군 낙서면 정곡리,정곡리,35.4789,128.4059
경상남도 의령군 낙서면 율산리,율산리,35.4753,128.3858
경상남도 의령군 낙서면 전화리,전화리,35.4732,128.3751
경상남도 의령군 지정면,지정면,35.3825749,128.3859849
경상남도 의령군 지정면 마산리,마산리,35.3587264,128.4144962
경상남도 의령군 지정면 성당리,성당리,35.365157,128.392475
경상남도 의령군 지정면 백야리,백야리,35.366982,128.365962
경상남도 의령군 지정면 득소리,득소리,35.3782,128.3682
경상남도 의령군 지정면 태부리,태부리,35.4026,128.3666
경상남도 의령군 지정면 유곡리,유곡리,35.4268,128.3789
경상남도 의령군 지정면 성산리,성산리,35.4064,128.4226
경상남도 의령군 지정면 두곡리,두곡리,35.4034776,128.3994806
경상남도 의령군 지정면 오천리,오천리,35.3892,128.4047
경상남도 의령군 지정면 봉곡리,봉곡리,35.3817,128.385
경상남도 의령군 정곡면,정곡면,35.380524,128.3262781
경상남도 의령군 정곡면 적곡리,적곡리,35.3431,128.3808
경상남도 의령군 정곡면 백곡리,백곡리,35.3513,128.364
경상남도 의령군 정곡면 가현리,가현리,35.3498,128.351
경상남도 의령군 정곡면 예둔리,예둔리,35.3668,128.3484
경상남도 의령군 정곡면 성황리,성황리,35.3784,128.3427
경상남도 의령군 정곡면 상촌리,상촌리,35.4005,128.3461
경상남도 의령군 정곡면 오방리,오방리,35.4102,128.3302
경상남도 의령군 정곡면 석곡리,석곡리,35.3952,128.3283
경상남도 의령군 정곡면 죽전리,죽전리,35.3725281,128.3117493
경상남도 의령군 정곡면 중교리,중교리,35.3868,128.3159
경상남도 의령군 용덕면,용덕면,35.3482093,128.291172
경상남도 의령군 용덕면 용소리,용소리,35.3835,128.2772
경상남도 의령군 용덕면 연리,연리,35.363999,128.285375
경상남도 의령군 용덕면 운곡리,운곡리,35.3461,128.2897
경상남도 의령군 용덕면 정동리,정동리,35.351,128.3051
경상남도 의령군 용덕면 소상리,소상리,35.3325,128.3042
경상남도 의령군 용덕면 교암리,교암리,35.3288,128.2913
경상남도 의령군 용덕면 신촌리,신촌리,35.3362,128.2871
경상남도 의령군 용덕면 죽전리,죽전리,35.3427185,128.2788435
경상남도 의령군 용덕면 가락리,가락리,35.3391,128.2651
경상남도 의령군 용덕면 와요리,와요리,35.3524,128.2624
경상남도 의령군 용덕면 가미리,가미리,35.364874,128.2615
경상남도 의령군 용덕면 이목리,이목리,35.3799,128.2572
경상남도 의령군 화정면,화정면,35.277742,128.2108041
경상남도 의령군 화정면 화양리,화양리,35.2677,128.2654
경상남도 의령군 화정면 상이리,상이리,35.2629,128.2489
경상남도 의령군 화정면 상일리,상일리,35.2664,128.231
경상남도 의령군 화정면 상정리,상정리,35.2712,128.2059
경상남도 의령군 화정면 석천리,석천리,35.3009,128.2144
경상남도 의령군 화정면 덕교리,덕교리,35.287408,128.189812
경상남도 의령군 화정면 가수리,가수리,35.3141,128.1867
경상남도 의령군 대의면,대의면,35.371898,128.1083179
경상남도 의령군 대의면 천곡리,천곡리,35.3448,128.13
경상남도 의령군 대의면 심지리,심지리,35.3474,128.1087
경상남도 의령군 대의면 추산리,추산리,35.3597,128.1127
경상남도 의령군 대의면 마쌍리,마쌍리,35.3671,128.0911
경상남도 의령군 대의면 다사리,다사리,35.3641,128.1377
경상남도 의령군 대의면 하촌리,하촌리,35.3776,128.137
경상남도 의령군 대의면 중촌리,중촌리,35.376599,128.160475
경상남도 의령군 대의면 행정리,행정리,35.386,128.1631
경상남도 의령군 대의면 신전리,신전리,35.3836,128.1867
경상남도 의령군 칠곡면,칠곡면,35.3414333,128.1926541
경상남도 의령군 칠곡면 산북리,산북리,35.359224,128.16275
경상남도 의령군 칠곡면 산남리,산남리,35.3496,128.1699
경상남도 의령군 칠곡면 도산리,도산리,35.3305,128.1854
경상남도 의령군 칠곡면 신포리,신포리,35.336507,128.200025
경상남도 의령군 칠곡면 내조리,내조리,35.3623,128.1942
경상남도 의령군 칠곡면 외조리,외조리,35.3604954,128.1775306
경상남도 의령군 가례면,가례면,35.3266944,128.2452746
경상남도 의령군 가례면 봉두리,봉두리,35.3312,128.2101
경상남도 의령군 가례면 대천리,대천리,35.3258,128.2195
경상남도 의령군 가례면 운암리,운암리,35.3456,128.2198
경상남도 의령군 가례면 가례리,가례리,35.3236,128.2407
경상남도 의령군 가례면 수성리,수성리,35.3389,128.2448
경상남도 의령군 가례면 괴진리,괴진리,35.3607582,128.2351294
경상남도 의령군 가례면 개승리,개승리,35.3785,128.2299
경상남도 의령군 가례면 양성리,양성리,35.393699,128.232575
경상남도 의령군 가례면 갑을리,갑을리,35.3871,128.2138
경상남도 의령군 의령읍,의령읍,35.32114,128.2603816
경상남도 의령군 의령읍 하리,하리,35.3068,128.2428
경상남도 의령군 의령읍 중리,중리,35.2972,128.2398
경상남도 의령군 의령읍 상리,상리,35.2871,128.2527
경상남도 의령군 의령읍 대산리,대산리,35.2859,128.2878
경상남도 의령군 의령읍 만천리,만천리,35.303,128.2781
경상남도 의령군 의령읍 정암리,정암리,35.3181,128.2957
경상남도 의령군 의령읍 무전리,무전리,35.326875,128.278875
경상남도 의령군 의령읍 동동리,동동리,35.31655,128.2731125
경상남도 의령군 의령읍 중동리,중동리,35.3208,128.2617
경상남도 의령군 의령읍 서동리,서동리,35.3218,128.2541
경상남도 양산시 매곡동,매곡동,35.3689,129.1839
경상남도 양산시 주진동,주진동,35.3961,129.1422
경상남도 양산시 주남동,주남동,35.4298,129.1511
경상남도 양산시 명동,명동,35.3971,129.1764
경상남도 양산시 삼호동,삼호동,35.407,129.1837
경상남도 양산시 용당동,용당동,35.4196,129.1956
경상남도 양산시 어곡동,어곡동,35.3945,129.0047
경상남도 양산시 유산동,유산동,35.3659,129.027
경상남도 양산시 교동,교동,35.3511,129.0174
경상남도 양산시 호계동,호계동,35.3694,129.0775
경상남도 양산시 산막동,산막동,35.3733,129.0561
경상남도 양산시 북정동,북정동,35.3621,129.0494
경상남도 양산시 신기동,신기동,35.350499,129.056125
경상남도 양산시 명곡동,명곡동,35.3464,129.0791
경상남도 양산시 북부동,북부동,35.3466,129.041
경상남도 양산시 중부동,중부동,35.339707,129.0306
경상남도 양산시 남부동,남부동,35.3343,129.0304
경상남도 양산시 다방동,다방동,35.3324,129.0462
경상남도 양산시 덕계동,덕계동,35.3751289,129.1491571
경상남도 양산시 평산동,평산동,35.3816671,129.1471008
경상남도 양산시 소주동,소주동,35.4074848,129.1577432
경상남도 양산시 서창동,서창동,35.4163475,129.1732007
경상남도 양산시 강서동,강서동,35.3451483,129.0261261
경상남도 양산시 삼성동,삼성동,35.352799,129.040587
경상남도 양산시 양주동,양주동,35.3364654,129.0322113
경상남도 양산시 중앙동,중앙동,35.345849,129.04085
경상남도 양산시 하북면,하북면,35.4892835,129.0869664
경상남도 양산시 하북면 용연리,용연리,35.4333,129.1022
경상남도 양산시 하북면 삼감리,삼감리,35.4527,129.065
경상남도 양산시 하북면 백록리,백록리,35.4614,129.0952
경상남도 양산시 하북면 삼수리,삼수리,35.469,129.0712
경상남도 양산시 하북면 답곡리,답곡리,35.4772372,129.1017701
경상남도 양산시 하북면 초산리,초산리,35.4834,129.0801
경상남도 양산시 하북면 지산리,지산리,35.4886,129.0487
경상남도 양산시 하북면 순지리,순지리,35.4841533,129.0894753
경상남도 양산시 상북면,상북면,35.418326,129.06435
경상남도 양산시 상북면 신전리,신전리,35.4321,129.0603
경상남도 양산시 상북면 외석리,외석리,35.4569,129.0409
경상남도 양산시 상북면 내석리,내석리,35.4536,129.0122
경상남도 양산시 상북면 좌삼리,좌삼리,35.4285,129.0147
경상남도 양산시 상북면 상삼리,상삼리,35.4256286,129.0451575
경상남도 양산시 상북면 소석리,소석리,35.4095,129.038
경상남도 양산시 상북면 소토리,소토리,35.3904,129.0403
경상남도 양산시 상북면 대석리,대석리,35.3934,129.0774
경상남도 양산시 상북면 석계리,석계리,35.4115,129.0772
경상남도 양산시 원동면,원동면,35.3647529,128.918773
경상남도 양산시 원동면 화제리,화제리,35.3526,128.984
경상남도 양산시 원동면 서룡리,서룡리,35.3541,128.9483
경상남도 양산시 원동면 선리,선리,35.504392,128.995225
경상남도 양산시 원동면 대리,대리,35.4548,128.9712
경상남도 양산시 원동면 영포리,영포리,35.4342,128.9413
경상남도 양산시 원동면 내포리,내포리,35.3975,128.9533
경상남도 양산시 원동면 용당리,용당리,35.391299,128.893837
경상남도 양산시 원동면 원리,원리,35.3781,128.9341
경상남도 양산시 동면,동면,35.3234848,129.0618858
경상남도 양산시 동면 가산리,가산리,35.2885,129.0289
경상남도 양산시 동면 금산리,금산리,35.2974,129.0417
경상남도 양산시 동면 석산리,석산리,35.3199,129.0334
경상남도 양산시 동면 내송리,내송리,35.3252682,129.0645935
경상남도 양산시 동면 사송리,사송리,35.3014265,129.0705786
경상남도 양산시 동면 여락리,여락리,35.321,129.0948
경상남도 양산시 동면 법기리,법기리,35.3527,129.1034
경상남도 양산시 동면 개곡리,개곡리,35.3546,129.1224
경상남도 양산시 물금읍,물금읍,35.3104597,128.98725
경상남도 양산시 물금읍 범어리,범어리,35.3302,129.0048
경상남도 양산시 물금읍 가촌리,가촌리,35.3189,128.9935
경상남도 양산시 물금읍 증산리,증산리,35.2982,129.0034
경상남도 양산시 물금읍 물금리,물금리,35.3071,128.9865
경상남도 거제시 수월동,수월동,34.8894015,128.6603078
경상남도 거제시 양정동,양정동,34.8791992,128.6471994
경상남도 거제시 삼거동,삼거동,34.838838,128.6541242
경상남도 거제시 문동동,문동동,34.8581025,128.6553865
경상남도 거제시 상동동,상동동,34.8657783,128.6299853
경상남도 거제시 덕포동,덕포동,34.9152,128.7032
경상남도 거제시 옥포동,옥포동,34.8901212,128.6960168
경상남도 거제시 아양동,아양동,34.865565,128.707812
경상남도 거제시 두모동,두모동,34.877,128.723
경상남도 거제시 수양동,수양동,34.887941,128.6462865
경상남도 거제시 상문동,상문동,34.8680902,128.6379441
경상남도 거제시 고현동,고현동,34.882599,128.623325
경상남도 거제시 장평동,장평동,34.8894984,128.6094974
경상남도 거제시 옥포2동,옥포2동,34.8965499,128.6876521
경상남도 거제시 옥포1동,옥포1동,34.8901212,128.6960168
경상남도 거제시 아주동,아주동,34.8620506,128.6903575
경상남도 거제시 능포동,능포동,34.879199,128.7345659
경상남도 거제시 장승포동,장승포동,34.8673746,128.7272156
경상남도 거제시 장목면,장목면,34.9865606,128.6822304
경상남도 거제시 장목면 시방리,시방리,34.9574851,128.7084604
경상남도 거제시 장목면 외포리,외포리,34.9348,128.7038
경상남도 거제시 장목면 대금리,대금리,34.9657,128.6996
경상남도 거제시 장목면 율천리,율천리,34.966901,128.688
경상남도 거제시 장목면 장목리,장목리,34.987635,128.666888
경상남도 거제시 장목면 관포리,관포리,34.9876,128.6925
경상남도 거제시 장목면 송진포리,송진포리,35.0087,128.6846
경상남도 거제시 장목면 농소리,농소리,35.0158,128.7052
경상남도 거제시 장목면 유호리,유호리,35.0185,128.7395
경상남도 거제시 장목면 구영리,구영리,35.0279,128.6912
경상남도 거제시 하청면,하청면,34.9553903,128.6552131
경상남도 거제시 하청면 연구리,연구리,34.9865,128.6293
경상남도 거제시 하청면 대곡리,대곡리,35.0099,128.6214
경상남도 거제시 하청면 어온리,어온리,34.999,128.6442
경상남도 거제시 하청면 실전리,실전리,34.9698,128.6606
경상남도 거제시 하청면 하청리,하청리,34.9542089,128.6561
경상남도 거제시 하청면 유계리,유계리,34.9484,128.6344
경상남도 거제시 하청면 덕곡리,덕곡리,34.9549,128.6176
경상남도 거제시 하청면 석포리,석포리,34.9551,128.6026
경상남도 거제시 연초면,연초면,34.9145445,128.6564347
경상남도 거제시 연초면 송정리,송정리,34.9129,128.6783
경상남도 거제시 연초면 천곡리,천곡리,34.927226,128.680375
경상남도 거제시 연초면 이목리,이목리,34.934576,128.67935
경상남도 거제시 연초면 명동리,명동리,34.9586,128.6802
경상남도 거제시 연초면 덕치리,덕치리,34.941,128.6567
경상남도 거제시 연초면 다공리,다공리,34.9313,128.6524
경상남도 거제시 연초면 죽토리,죽토리,34.911249,128.661275
경상남도 거제시 연초면 연사리,연사리,34.9155,128.6426
경상남도 거제시 연초면 오비리,오비리,34.9172,128.6273
경상남도 거제시 연초면 한내리,한내리,34.9333,128.6084
경상남도 거제시 사등면,사등면,34.918943,128.5223
경상남도 거제시 사등면 창호리,창호리,34.9515,128.5211
경상남도 거제시 사등면 덕호리,덕호리,34.8796,128.4815
경상남도 거제시 사등면 오량리,오량리,34.884,128.5024
경상남도 거제시 사등면 청곡리,청곡리,34.8995,128.5059
경상남도 거제시 사등면 지석리,지석리,34.9011,128.5242
경상남도 거제시 사등면 성포리,성포리,34.9161,128.5276
경상남도 거제시 사등면 사등리,사등리,34.8993,128.5483
경상남도 거제시 사등면 사곡리,사곡리,34.8965,128.5737
경상남도 거제시 둔덕면,둔덕면,34.8369069,128.5051009
경상남도 거제시 둔덕면 학산리,학산리,34.866,128.4852
경상남도 거제시 둔덕면 술역리,술역리,34.8462,128.4908
경상남도 거제시 둔덕면 어구리,어구리,34.8191,128.5102
경상남도 거제시 둔덕면 하둔리,하둔리,34.8372,128.5091
경상남도 거제시 둔덕면 방하리,방하리,34.8489,128.5286
경상남도 거제시 둔덕면 산방리,산방리,34.8618608,128.5285824
경상남도 거제시 둔덕면 거림리,거림리,34.8591,128.5045
경상남도 거제시 둔덕면 시목리,시목리,34.8772,128.5207
경상남도 거제시 둔덕면 상둔리,상둔리,34.8711419,128.5415914
경상남도 거제시 거제면,거제면,34.851057,128.5904
경상남도 거제시 거제면 소랑리,소랑리,34.8405,128.5425
경상남도 거제시 거제면 명진리,명진리,34.8452,128.6166
경상남도 거제시 거제면 오수리,오수리,34.8376,128.5935
경상남도 거제시 거제면 동상리,동상리,34.8488,128.5988
경상남도 거제시 거제면 남동리,남동리,34.8451,128.5911
경상남도 거제시 거제면 서상리,서상리,34.8571908,128.6047278
경상남도 거제시 거제면 서정리,서정리,34.8585747,128.5953849
경상남도 거제시 거제면 옥산리,옥산리,34.8738,128.5811
경상남도 거제시 거제면 외간리,외간리,34.853696,128.5705389
경상남도 거제시 거제면 내간리,내간리,34.8494,128.5584
경상남도 거제시 거제면 법동리,법동리,34.8249,128.5192
경상남도 거제시 남부면,남부면,34.7321698,128.6101455
경상남도 거제시 남부면 갈곶리,갈곶리,34.7416,128.6596
경상남도 거제시 남부면 다대리,다대리,34.7437,128.6284
경상남도 거제시 남부면 다포리,다포리,34.7205,128.6214
경상남도 거제시 남부면 저구리,저구리,34.7398,128.5775
경상남도 거제시 남부면 탑포리,탑포리,34.758817,128.6015
경상남도 거제시 동부면,동부면,34.8215917,128.6081814
경상남도 거제시 동부면 학동리,학동리,34.7705,128.6316
경상남도 거제시 동부면 율포리,율포리,34.7791,128.6002
경상남도 거제시 동부면 가배리,가배리,34.7849,128.5493
경상남도 거제시 동부면 오송리,오송리,34.8065,128.5887
경상남도 거제시 동부면 부춘리,부춘리,34.8022,128.6058
경상남도 거제시 동부면 구천리,구천리,34.809,128.6378
경상남도 거제시 동부면 산양리,산양리,34.8197,128.6114
경상남도 거제시 동부면 산촌리,산촌리,34.8314,128.6039
경상남도 거제시 일운면,일운면,34.8297454,128.7031953
경상남도 거제시 일운면 옥림리,옥림리,34.8207,128.7499
경상남도 거제시 일운면 소동리,소동리,34.8413,128.6868
경상남도 거제시 일운면 지세포리,지세포리,34.812,128.72
경상남도 거제시 일운면 와현리,와현리,34.8039,128.7193
경상남도 거제시 일운면 구조라리,구조라리,34.8084,128.6948
경상남도 거제시 일운면 망치리,망치리,34.8047,128.6614
경상남도 밀양시 활성동,활성동,35.483,128.8055
경상남도 밀양시 용평동,용평동,35.4924,128.7707
경상남도 밀양시 남포동,남포동,35.4667,128.7884
경상남도 밀양시 교동,교동,35.5109625,128.7571715
경상남도 밀양시 가곡동,가곡동,35.478743,128.764563
경상남도 밀양시 삼문동,삼문동,35.4831615,128.7530728
경상남도 밀양시 내이동,내이동,35.497101,128.746163
경상남도 밀양시 내일동,내일동,35.493713,128.7542629
경상남도 밀양시 청도면,청도면,35.548908,128.62445
경상남도 밀양시 청도면 요고리,요고리,35.5738,128.6621
경상남도 밀양시 청도면 고법리,고법리,35.553,128.6614
경상남도 밀양시 청도면 인산리,인산리,35.5408,128.6352
경상남도 밀양시 청도면 조천리,조천리,35.5282,128.6068
경상남도 밀양시 청도면 두곡리,두곡리,35.567,128.5985
경상남도 밀양시 청도면 소태리,소태리,35.569,128.6212
경상남도 밀양시 청도면 구기리,구기리,35.5457,128.6088
경상남도 밀양시 무안면,무안면,35.4707863,128.6513326
경상남도 밀양시 무안면 고라리,고라리,35.496918,128.605975
경상남도 밀양시 무안면 가례리,가례리,35.4921,128.5863
경상남도 밀양시 무안면 웅동리,웅동리,35.4664,128.5913
경상남도 밀양시 무안면 중산리,중산리,35.4791,128.6247
경상남도 밀양시 무안면 덕암리,덕암리,35.4619,128.6208
경상남도 밀양시 무안면 모로리,모로리,35.4554,128.6391
경상남도 밀양시 무안면 성덕리,성덕리,35.4411,128.6486
경상남도 밀양시 무안면 연상리,연상리,35.4485,128.663
경상남도 밀양시 무안면 정곡리,정곡리,35.489701,128.670388
경상남도 밀양시 무안면 마흘리,마흘리,35.4856,128.6967
경상남도 밀양시 무안면 운정리,운정리,35.5096,128.6824
경상남도 밀양시 무안면 판곡리,판곡리,35.5037,128.659
경상남도 밀양시 무안면 동산리,동산리,35.5348,128.6697
경상남도 밀양시 무안면 내진리,내진리,35.5244,128.6545
경상남도 밀양시 무안면 양효리,양효리,35.5192,128.6389
경상남도 밀양시 무안면 죽월리,죽월리,35.505,128.6452
경상남도 밀양시 무안면 화봉리,화봉리,35.504,128.6246
경상남도 밀양시 무안면 삼태리,삼태리,35.4904,128.6476
경상남도 밀양시 무안면 신법리,신법리,35.4814,128.6521
경상남도 밀양시 무안면 무안리,무안리,35.4698,128.6599
경상남도 밀양시 초동면,초동면,35.4216439,128.6729139
경상남도 밀양시 초동면 봉황리,봉황리,35.4585,128.6989
경상남도 밀양시 초동면 덕산리,덕산리,35.4367,128.6922
경상남도 밀양시 초동면 신월리,신월리,35.4206,128.6862
경상남도 밀양시 초동면 신호리,신호리,35.4078,128.6857
경상남도 밀양시 초동면 성만리,성만리,35.4141,128.6998
경상남도 밀양시 초동면 금포리,금포리,35.3943,128.7021
경상남도 밀양시 초동면 검암리,검암리,35.391199,128.688425
경상남도 밀양시 초동면 반월리,반월리,35.3859,128.6552
경상남도 밀양시 초동면 대곡리,대곡리,35.3942,128.6623
경상남도 밀양시 초동면 명성리,명성리,35.4094,128.66
경상남도 밀양시 초동면 범평리,범평리,35.411574,128.676763
경상남도 밀양시 초동면 오방리,오방리,35.4258,128.664
경상남도 밀양시 상남면,상남면,35.4483911,128.7534862
경상남도 밀양시 상남면 외산리,외산리,35.3714,128.7925
경상남도 밀양시 상남면 남산리,남산리,35.4332,128.7259
경상남도 밀양시 상남면 조음리,조음리,35.412382,128.746062
경상남도 밀양시 상남면 동산리,동산리,35.391965,128.775263
경상남도 밀양시 상남면 마산리,마산리,35.4072,128.7736
경상남도 밀양시 상남면 평촌리,평촌리,35.423718,128.7856
경상남도 밀양시 상남면 연금리,연금리,35.4314,128.7584
경상남도 밀양시 상남면 예림리,예림리,35.4646162,128.7652317
경상남도 밀양시 상남면 기산리,기산리,35.4512,128.7544
경상남도 밀양시 단장면,단장면,35.515233,128.875988
경상남도 밀양시 단장면 구천리,구천리,35.5453,128.952
경상남도 밀양시 단장면 고례리,고례리,35.482,128.9437
경상남도 밀양시 단장면 범도리,범도리,35.5236,128.9056
경상남도 밀양시 단장면 사연리,사연리,35.5265,128.8812
경상남도 밀양시 단장면 무릉리,무릉리,35.4901,128.8807
경상남도 밀양시 단장면 국전리,국전리,35.4709,128.9069
경상남도 밀양시 단장면 감물리,감물리,35.459301,128.873813
경상남도 밀양시 단장면 법흥리,법흥리,35.4734,128.8472
경상남도 밀양시 단장면 안법리,안법리,35.4852,128.8579
경상남도 밀양시 단장면 미촌리,미촌리,35.4934,128.8331
경상남도 밀양시 단장면 단장리,단장리,35.5078,128.8525
경상남도 밀양시 단장면 태룡리,태룡리,35.514,128.8721
경상남도 밀양시 산내면,산내면,35.5842836,128.880858
경상남도 밀양시 산내면 남명리,남명리,35.577,128.9615
경상남도 밀양시 산내면 삼양리,삼양리,35.5961234,128.9848495
경상남도 밀양시 산내면 원서리,원서리,35.6085,128.9337
경상남도 밀양시 산내면 가인리,가인리,35.6118,128.8982
경상남도 밀양시 산내면 임고리,임고리,35.5645,128.8872
경상남도 밀양시 산내면 용전리,용전리,35.5692,128.851475
경상남도 밀양시 산내면 봉의리,봉의리,35.6075,128.87
경상남도 밀양시 산내면 송백리,송백리,35.5843,128.8947
경상남도 밀양시 산외면,산외면,35.50261,128.8148415
경상남도 밀양시 산외면 엄광리,엄광리,35.5345,128.8071
경상남도 밀양시 산외면 남기리,남기리,35.5125,128.7895
경상남도 밀양시 산외면 금천리,금천리,35.4995,128.7972
경상남도 밀양시 산외면 희곡리,희곡리,35.5337,128.8487
경상남도 밀양시 산외면 금곡리,금곡리,35.5209,128.8279
경상남도 밀양시 산외면 다죽리,다죽리,35.5051,128.8174
경상남도 밀양시 상동면,상동면,35.552833,128.763287
경상남도 밀양시 상동면 신곡리,신곡리,35.5827,128.8296
경상남도 밀양시 상동면 매화리,매화리,35.5807,128.8091
경상남도 밀양시 상동면 도곡리,도곡리,35.5588,128.8247
경상남도 밀양시 상동면 고정리,고정리,35.559292,128.7871
경상남도 밀양시 상동면 옥산리,옥산리,35.5646,128.7436
경상남도 밀양시 상동면 안인리,안인리,35.5345,128.7581
경상남도 밀양시 상동면 가곡리,가곡리,35.5329,128.7823
경상남도 밀양시 상동면 금산리,금산리,35.5503,128.7733
경상남도 밀양시 부북면,부북면,35.5112087,128.7297462
경상남도 밀양시 부북면 용지리,용지리,35.5155,128.7423
경상남도 밀양시 부북면 춘화리,춘화리,35.5267,128.733
경상남도 밀양시 부북면 무연리,무연리,35.5396,128.7289
경상남도 밀양시 부북면 위양리,위양리,35.5571,128.7167
경상남도 밀양시 부북면 월산리,월산리,35.5401,128.7095
경상남도 밀양시 부북면 퇴로리,퇴로리,35.5512,128.6977
경상남도 밀양시 부북면 대항리,대항리,35.5497,128.6825
경상남도 밀양시 부북면 가산리,가산리,35.5319,128.701
경상남도 밀양시 부북면 청운리,청운리,35.5243,128.7076
경상남도 밀양시 부북면 덕곡리,덕곡리,35.5091,128.707
경상남도 밀양시 부북면 오례리,오례리,35.4984,128.7167
경상남도 밀양시 부북면 감천리,감천리,35.4932,128.7303
경상남도 밀양시 부북면 제대리,제대리,35.4837,128.7259
경상남도 밀양시 부북면 후사포리,후사포리,35.4659,128.7226
경상남도 밀양시 부북면 전사포리,전사포리,35.466264,128.7440063
경상남도 밀양시 부북면 운전리,운전리,35.5091,128.7248
경상남도 밀양시 하남읍,하남읍,35.3753898,128.7110422
경상남도 밀양시 하남읍 귀명리,귀명리,35.39344,128.715938
경상남도 밀양시 하남읍 양동리,양동리,35.3856,128.7262
경상남도 밀양시 하남읍 대사리,대사리,35.3886,128.7332
경상남도 밀양시 하남읍 남전리,남전리,35.4143,128.7199
경상남도 밀양시 하남읍 파서리,파서리,35.3917763,128.7472344
경상남도 밀양시 하남읍 백산리,백산리,35.3645,128.7502
경상남도 밀양시 하남읍 명례리,명례리,35.3615,128.7731
경상남도 밀양시 하남읍 수산리,수산리,35.3704,128.7248
경상남도 밀양시 삼랑진읍,삼랑진읍,35.395832,128.8376673
경상남도 밀양시 삼랑진읍 용성리,용성리,35.4371,128.8043
경상남도 밀양시 삼랑진읍 청학리,청학리,35.4487,128.8112
경상남도 밀양시 삼랑진읍 숭진리,숭진리,35.4624,128.8157
경상남도 밀양시 삼랑진읍 임천리,임천리,35.4511,128.7881
경상남도 밀양시 삼랑진읍 행곡리,행곡리,35.4309,128.8926
경상남도 밀양시 삼랑진읍 안태리,안태리,35.4144,128.877
경상남도 밀양시 삼랑진읍 검세리,검세리,35.3995,128.8583
경상남도 밀양시 삼랑진읍 우곡리,우곡리,35.4426,128.8584
경상남도 밀양시 삼랑진읍 율동리,율동리,35.419201,128.848238
경상남도 밀양시 삼랑진읍 삼랑리,삼랑리,35.3907,128.8252
경상남도 밀양시 삼랑진읍 미전리,미전리,35.408315,128.80785
경상남도 밀양시 삼랑진읍 용전리,용전리,35.4341,128.8255
경상남도 밀양시 삼랑진읍 송지리,송지리,35.3997,128.8376
경상남도 김해시 수가동,수가동,35.1673,128.8721
경상남도 김해시 응달동,응달동,35.1756581,128.8420197
경상남도 김해시 장유동,장유동,35.1659456,128.8307808
경상남도 김해시 율하동,율하동,35.1676,128.8075
경상남도 김해시 관동동,관동동,35.1731848,128.7945058
경상남도 김해시 대청동,대청동,35.1863,128.7761
경상남도 김해시 삼문동,삼문동,35.197585,128.792813
경상남도 김해시 신문동,신문동,35.1888,128.8247
경상남도 김해시 무계동,무계동,35.2007252,128.8182618
경상남도 김해시 부곡동,부곡동,35.2141,128.7956
경상남도 김해시 내덕동,내덕동,35.2057,128.8233
경상남도 김해시 유하동,유하동,35.2145,128.8166
경상남도 김해시 지내동,지내동,35.231468,128.923438
경상남도 김해시 안동,안동,35.2355,128.9137
경상남도 김해시 삼방동,삼방동,35.257,128.9056
경상남도 김해시 어방동,어방동,35.2378,128.9033
경상남도 김해시 삼정동,삼정동,35.2264,128.9
경상남도 김해시 강동,강동,35.2163,128.8818
경상남도 김해시 전하동,전하동,35.2136,128.8706
경상남도 김해시 화목동,화목동,35.192251,128.8619
경상남도 김해시 이동,이동,35.189301,128.844237
경상남도 김해시 명법동,명법동,35.2012,128.8376
경상남도 김해시 풍유동,풍유동,35.2143,128.8469
경상남도 김해시 흥동,흥동,35.2157,128.8584
경상남도 김해시 외동,외동,35.2336,128.8595
경상남도 김해시 내동,내동,35.2424,128.8622
경상남도 김해시 삼계동,삼계동,35.2732,128.865163
경상남도 김해시 구산동,구산동,35.2494,128.8747
경상남도 김해시 대성동,대성동,35.2408,128.8797
경상남도 김해시 봉황동,봉황동,35.2292,128.8772
경상남도 김해시 서상동,서상동,35.2366744,128.8807359
경상남도 김해시 장유3동,장유3동,35.1777071,128.806077
경상남도 김해시 장유2동,장유2동,35.197116,128.7977264
경상남도 김해시 장유1동,장유1동,35.2012715,128.8127624
경상남도 김해시 불암동,불암동,35.222101,128.926763
경상남도 김해시 삼안동,삼안동,35.2438943,128.9074716
경상남도 김해시 활천동,활천동,35.228985,128.899875
경상남도 김해시 칠산서부동,칠산서부동,35.222918,128.871025
경상남도 김해시 북부동,북부동,35.2624643,128.8676556
경상남도 김해시 내외동,내외동,35.2352077,128.8645731
경상남도 김해시 부원동,부원동,35.2287145,128.8865647
경상남도 김해시 회현동,회현동,35.231526,128.87825
경상남도 김해시 동상동,동상동,35.236826,128.883463
경상남도 김해시 대동면,대동면,35.242281,128.9802456
경상남도 김해시 대동면 조눌리,조눌리,35.2543,128.9993
경상남도 김해시 대동면 월촌리,월촌리,35.277,129.0024
경상남도 김해시 대동면 덕산리,덕산리,35.2934,128.9758
경상남도 김해시 대동면 대감리,대감리,35.2665,128.9863
경상남도 김해시 대동면 괴정리,괴정리,35.2563,128.9793
경상남도 김해시 대동면 초정리,초정리,35.241101,128.98365
경상남도 김해시 대동면 예안리,예안리,35.2536,128.9584
경상남도 김해시 대동면 주동리,주동리,35.252,128.9361
경상남도 김해시 대동면 주중리,주중리,35.2364,128.9429
경상남도 김해시 대동면 수안리,수안리,35.232326,128.935138
경상남도 김해시 상동면,상동면,35.307717,128.930375
경상남도 김해시 상동면 묵방리,묵방리,35.2829,128.9125
경상남도 김해시 상동면 우계리,우계리,35.3087,128.9007
경상남도 김해시 상동면 여차리,여차리,35.3421,128.8881
경상남도 김해시 상동면 감노리,감노리,35.3465,128.9217
경상남도 김해시 상동면 매리,매리,35.3075,128.956
경상남도 김해시 상동면 대감리,대감리,35.3114915,128.9291587
경상남도 김해시 생림면,생림면,35.328175,128.8491625
경상남도 김해시 생림면 도요리,도요리,35.3791,128.8629
경상남도 김해시 생림면 안양리,안양리,35.3694,128.8521
경상남도 김해시 생림면 생철리,생철리,35.3583,128.8457
경상남도 김해시 생림면 마사리,마사리,35.3687,128.8157
경상남도 김해시 생림면 생림리,생림리,35.3244,128.8332
경상남도 김해시 생림면 봉림리,봉림리,35.3267,128.8515
경상남도 김해시 생림면 사촌리,사촌리,35.3221,128.867
경상남도 김해시 생림면 나전리,나전리,35.2955,128.873
경상남도 김해시 한림면,한림면,35.320594,128.8021947
경상남도 김해시 한림면 금곡리,금곡리,35.3427,128.824
경상남도 김해시 한림면 가산리,가산리,35.3279,128.7579
경상남도 김해시 한림면 가동리,가동리,35.329,128.7696
경상남도 김해시 한림면 시산리,시산리,35.3448,128.7853
경상남도 김해시 한림면 장방리,장방리,35.3252,128.7908
경상남도 김해시 한림면 안하리,안하리,35.312,128.8212
경상남도 김해시 한림면 안곡리,안곡리,35.2965,128.8492
경상남도 김해시 한림면 용덕리,용덕리,35.2983,128.8256
경상남도 김해시 한림면 신천리,신천리,35.2774,128.834
경상남도 김해시 한림면 병동리,병동리,35.2818,128.7979
경상남도 김해시 한림면 퇴래리,퇴래리,35.302617,128.792825
경상남도 김해시 한림면 명동리,명동리,35.2916,128.8095
경상남도 김해시 진례면,진례면,35.2490513,128.74775
경상남도 김해시 진례면 고모리,고모리,35.2727,128.7804
경상남도 김해시 진례면 담안리,담안리,35.2577,128.7742
경상남도 김해시 진례면 송현리,송현리,35.2432,128.7796
경상남도 김해시 진례면 신월리,신월리,35.221118,128.7555
경상남도 김해시 진례면 산본리,산본리,35.2199,128.7699
경상남도 김해시 진례면 신안리,신안리,35.2202779,128.739324
경상남도 김해시 진례면 초전리,초전리,35.2484,128.7591
경상남도 김해시 진례면 송정리,송정리,35.2432,128.738
경상남도 김해시 진례면 시례리,시례리,35.2562,128.7346
경상남도 김해시 진례면 청천리,청천리,35.2657,128.743
경상남도 김해시 주촌면,주촌면,35.2358263,128.8306375
경상남도 김해시 주촌면 농소리,농소리,35.2143,128.8329
경상남도 김해시 주촌면 망덕리,망덕리,35.2235,128.8261
경상남도 김해시 주촌면 양동리,양동리,35.231243,128.795288
경상남도 김해시 주촌면 내삼리,내삼리,35.2418364,128.8079224
경상남도 김해시 주촌면 천곡리,천곡리,35.2346,128.8296
경상남도 김해시 주촌면 덕암리,덕암리,35.2602,128.8167
경상남도 김해시 주촌면 원지리,원지리,35.2572,128.8409
경상남도 김해시 주촌면 선지리,선지리,35.2379,128.8423
경상남도 김해시 진영읍,진영읍,35.3043255,128.7332155
경상남도 김해시 진영읍 의전리,의전리,35.2738,128.7549
경상남도 김해시 진영읍 죽곡리,죽곡리,35.2822,128.764
경상남도 김해시 진영읍 내룡리,내룡리,35.2873,128.7501
경상남도 김해시 진영읍 설창리,설창리,35.3006,128.7731
경상남도 김해시 진영읍 신용리,신용리,35.3017,128.7559
경상남도 김해시 진영읍 본산리,본산리,35.3197,128.75
경상남도 김해시 진영읍 여래리,여래리,35.2995,128.7401
경상남도 김해시 진영읍 진영리,진영리,35.3083,128.7217
경상남도 김해시 진영읍 좌곤리,좌곤리,35.2988,128.7073
경상남도 김해시 진영읍 사산리,사산리,35.2784,128.7096
경상남도 김해시 진영읍 방동리,방동리,35.2885,128.7173
경상남도 김해시 진영읍 하계리,하계리,35.2814,128.7308
경상남도 김해시 진영읍 우동리,우동리,35.2641,128.7193
경상남도 사천시 죽림동,죽림동,34.968,128.0787
경상남도 사천시 송포동,송포동,34.9658,128.0553
경상남도 사천시 대포동,대포동,34.988901,128.046625
경상남도 사천시 노룡동,노룡동,34.9853,128.053
경상남도 사천시 신벽동,신벽동,34.9852,128.0748
경상남도 사천시 백천동,백천동,34.9927,128.0911
경상남도 사천시 신수동,신수동,34.8987,128.076
경상남도 사천시 늑도동,늑도동,34.9231,128.0376
경상남도 사천시 마도동,마도동,34.9359,128.0312
경상남도 사천시 실안동,실안동,34.9472,128.0528
경상남도 사천시 대방동,대방동,34.9355,128.055
경상남도 사천시 사등동,사등동,34.9274,128.1088
경상남도 사천시 궁지동,궁지동,34.940326,128.118812
경상남도 사천시 이홀동,이홀동,34.9594,128.1226
경상남도 사천시 이금동,이금동,34.9508,128.1093
경상남도 사천시 봉남동,봉남동,34.9444,128.104
경상남도 사천시 와룡동,와룡동,34.970801,128.1079
경상남도 사천시 용강동,용강동,34.9534,128.092
경상남도 사천시 벌리동,벌리동,34.939943,128.084575
경상남도 사천시 좌룡동,좌룡동,34.9558,128.0809
경상남도 사천시 동림동,동림동,34.9468,128.0723
경상남도 사천시 서금동,서금동,34.9254,128.0746
경상남도 사천시 동금동,동금동,34.931043,128.081025
경상남도 사천시 서동,서동,34.932968,128.065513
경상남도 사천시 동동,동동,34.9369,128.0679
경상남도 사천시 남양동,남양동,34.9702858,128.0630317
경상남도 사천시 향촌동,향촌동,34.93386,128.093462
경상남도 사천시 벌룡동,벌룡동,34.9440242,128.0794765
경상남도 사천시 동서금동,동서금동,34.931035,128.07865
경상남도 사천시 선구동,선구동,34.9297572,128.0721138
경상남도 사천시 동서동,동서동,34.9286405,128.0686941
경상남도 사천시 서포면,서포면,35.0062309,127.9779526
경상남도 사천시 서포면 비토리,비토리,34.9701275,127.9747069
경상남도 사천시 서포면 선전리,선전리,34.9906,127.9841
경상남도 사천시 서포면 다평리,다평리,34.9991,127.9586
경상남도 사천시 서포면 구평리,구평리,35.0063,127.979
경상남도 사천시 서포면 자혜리,자혜리,34.9982,128.0052
경상남도 사천시 서포면 구랑리,구랑리,35.0209,127.9836
경상남도 사천시 서포면 조도리,조도리,35.03,127.9895
경상남도 사천시 서포면 외구리,외구리,35.036,127.9578
경상남도 사천시 서포면 내구리,내구리,35.0151,127.9376
경상남도 사천시 서포면 금진리,금진리,35.032,127.934025
경상남도 사천시 곤명면,곤명면,35.111974,127.94155
경상남도 사천시 곤명면 연평리,연평리,35.149574,127.989538
경상남도 사천시 곤명면 금성리,금성리,35.1482,127.9699
경상남도 사천시 곤명면 본촌리,본촌리,35.1454,127.9449
경상남도 사천시 곤명면 신흥리,신흥리,35.1271,127.9902
경상남도 사천시 곤명면 정곡리,정곡리,35.1321,127.9622
경상남도 사천시 곤명면 송림리,송림리,35.1185,127.951
경상남도 사천시 곤명면 작팔리,작팔리,35.1154,127.9825
경상남도 사천시 곤명면 성방리,성방리,35.1003,127.9656
경상남도 사천시 곤명면 마곡리,마곡리,35.1346,127.9315
경상남도 사천시 곤명면 은사리,은사리,35.131999,127.903837
경상남도 사천시 곤명면 삼정리,삼정리,35.1468,127.896
경상남도 사천시 곤명면 초량리,초량리,35.1066,127.9136
경상남도 사천시 곤명면 봉계리,봉계리,35.11,127.9353
경상남도 사천시 곤명면 조장리,조장리,35.0882,127.9469
경상남도 사천시 곤명면 용산리,용산리,35.0885,127.9221
경상남도 사천시 곤명면 추천리,추천리,35.078,127.9415
경상남도 사천시 곤양면,곤양면,35.057517,127.959625
경상남도 사천시 곤양면 맥사리,맥사리,35.0577,127.9431
경상남도 사천시 곤양면 무고리,무고리,35.0724,127.9248
경상남도 사천시 곤양면 중항리,중항리,35.0483,128.0203
경상남도 사천시 곤양면 검정리,검정리,35.0719,128.0318
경상남도 사천시 곤양면 가화리,가화리,35.1106299,128.0227901
경상남도 사천시 곤양면 흥사리,흥사리,35.0946,128.0082
경상남도 사천시 곤양면 묵곡리,묵곡리,35.0855,127.986
경상남도 사천시 곤양면 환덕리,환덕리,35.0561,128.0059
경상남도 사천시 곤양면 대진리,대진리,35.0545,127.9819
경상남도 사천시 곤양면 송전리,송전리,35.076967,127.96965
경상남도 사천시 곤양면 서정리,서정리,35.0619,127.9544
경상남도 사천시 곤양면 남문외리,남문외리,35.0546,127.9632
경상남도 사천시 곤양면 성내리,성내리,35.0582,127.9606
경상남도 사천시 축동면,축동면,35.1071514,128.0883576
경상남도 사천시 축동면 구호리,구호리,35.0819,128.0558
경상남도 사천시 축동면 가산리,가산리,35.0915,128.0421
경상남도 사천시 축동면 반용리,반용리,35.1097,128.0402
경상남도 사천시 축동면 탑리,탑리,35.111524,128.061537
경상남도 사천시 축동면 사다리,사다리,35.1151,128.0782
경상남도 사천시 축동면 배춘리,배춘리,35.1029,128.1008
경상남도 사천시 용현면,용현면,35.013473,128.0612996
경상남도 사천시 용현면 덕곡리,덕곡리,35.0007,128.068
경상남도 사천시 용현면 주문리,주문리,34.9988,128.0482
경상남도 사천시 용현면 금문리,금문리,35.006892,128.05115
경상남도 사천시 용현면 용치리,용치리,35.0106,128.0938
경상남도 사천시 용현면 구월리,구월리,35.0121,128.0734
경상남도 사천시 용현면 석계리,석계리,35.02295,128.083475
경상남도 사천시 용현면 신복리,신복리,35.0375,128.0716
경상남도 사천시 용현면 온정리,온정리,35.028,128.0573
경상남도 사천시 용현면 신촌리,신촌리,35.0372,128.056175
경상남도 사천시 용현면 통양리,통양리,35.0369,128.0478
경상남도 사천시 용현면 선진리,선진리,35.0437,128.0538
경상남도 사천시 용현면 송지리,송지리,35.0155,128.0599
경상남도 사천시 사남면,사남면,35.0525575,128.0751728
경상남도 사천시 사남면 가천리,가천리,35.0028,128.1206
경상남도 사천시 사남면 계양리,계양리,34.9825,128.1269
경상남도 사천시 사남면 사촌리,사촌리,34.9922,128.1478
경상남도 사천시 사남면 종천리,종천리,35.0088,128.1401
경상남도 사천시 사남면 우천리,우천리,35.031,128.1216
경상남도 사천시 사남면 화전리,화전리,35.0405,128.0927
경상남도 사천시 사남면 월성리,월성리,35.0621,128.0723
경상남도 사천시 사남면 유천리,유천리,35.0712935,128.0648981
경상남도 사천시 사남면 방지리,방지리,35.0636,128.0563
경상남도 사천시 사남면 초전리,초전리,35.0578085,128.0621289
경상남도 사천시 사남면 죽천리,죽천리,35.0517,128.0672
경상남도 사천시 정동면,정동면,35.0560382,128.1238736
경상남도 사천시 정동면 소곡리,소곡리,35.0241,128.1537
경상남도 사천시 정동면 학촌리,학촌리,35.035,128.1501
경상남도 사천시 정동면 감곡리,감곡리,35.0528,128.1579
경상남도 사천시 정동면 장산리,장산리,35.0527,128.1348
경상남도 사천시 정동면 대곡리,대곡리,35.0631,128.1253
경상남도 사천시 정동면 수청리,수청리,35.0543,128.1123
경상남도 사천시 정동면 풍정리,풍정리,35.0698835,128.1167611
경상남도 사천시 정동면 화암리,화암리,35.0762,128.1085
경상남도 사천시 정동면 예수리,예수리,35.0644,128.0878
경상남도 사천시 정동면 고읍리,고읍리,35.0685674,128.0948413
경상남도 사천시 사천읍,사천읍,35.0877175,128.0876728
경상남도 사천시 사천읍 두량리,두량리,35.1042,128.1256
경상남도 사천시 사천읍 금곡리,금곡리,35.0905,128.1601
경상남도 사천시 사천읍 장전리,장전리,35.0926,128.1415
경상남도 사천시 사천읍 구암리,구암리,35.0874,128.1148
경상남도 사천시 사천읍 용당리,용당리,35.0827,128.0668
경상남도 사천시 사천읍 사주리,사주리,35.0737161,128.0773289
경상남도 사천시 사천읍 수석리,수석리,35.0883,128.0841
경상남도 사천시 사천읍 평화리,평화리,35.080867,128.0899
경상남도 사천시 사천읍 정의리,정의리,35.0872,128.0943
경상남도 사천시 사천읍 선인리,선인리,35.081,128.096
경상남도 통영시 도남동,도남동,34.8253,128.4291
경상남도 통영시 당동,당동,34.8352,128.4066
경상남도 통영시 인평동,인평동,34.8478,128.3749
경상남도 통영시 평림동,평림동,34.8544,128.3936
경상남도 통영시 동호동,동호동,34.8421,128.4292
경상남도 통영시 태평동,태평동,34.8476,128.4257
경상남도 통영시 문화동,문화동,34.848415,128.421
경상남도 통영시 항남동,항남동,34.842,128.4229
경상남도 통영시 서호동,서호동,34.8421,128.419
경상남도 통영시 무전동,무전동,34.8573812,128.4325729
경상남도 통영시 봉평동,봉평동,34.8295719,128.4243017
경상남도 통영시 미수동,미수동,34.8304227,128.4060889
경상남도 통영시 북신동,북신동,34.8569842,128.4255652
경상남도 통영시 정량동,정량동,34.8430633,128.4302452
경상남도 통영시 중앙동,중앙동,34.8465796,128.4269579
경상남도 통영시 명정동,명정동,34.8425913,128.4197816
경상남도 통영시 도천동,도천동,34.8393214,128.4007105
경상남도 통영시 사량면,사량면,34.8455071,128.22015
경상남도 통영시 사량면 양지리,양지리,34.810217,128.2237
경상남도 통영시 사량면 읍덕리,읍덕리,34.8272,128.2281
경상남도 통영시 사량면 돈지리,돈지리,34.8304,128.1337
경상남도 통영시 사량면 금평리,금평리,34.8409,128.1963
경상남도 통영시 한산면,한산면,34.7671638,128.5076533
경상남도 통영시 한산면 매죽리,매죽리,34.6432752,128.5763036
경상남도 통영시 한산면 비진리,비진리,34.7104812,128.4590848
경상남도 통영시 한산면 용호리,용호리,34.7415,128.4838
경상남도 통영시 한산면 추봉리,추봉리,34.7574,128.55
경상남도 통영시 한산면 하소리,하소리,34.7653,128.4864
경상남도 통영시 한산면 창좌리,창좌리,34.7816,128.4962
경상남도 통영시 한산면 염호리,염호리,34.8113,128.4947
경상남도 통영시 한산면 두억리,두억리,34.7855,128.4733
경상남도 통영시 욕지면,욕지면,34.6363253,128.2633784
경상남도 통영시 욕지면 두미리,두미리,34.7007,128.1851
경상남도 통영시 욕지면 노대리,노대리,34.6895,128.2862
경상남도 통영시 욕지면 연화리,연화리,34.6412,128.3758
경상남도 통영시 욕지면 서산리,서산리,34.5644509,128.185803
경상남도 통영시 욕지면 동항리,동항리,34.6294691,128.2664321
경상남도 통영시 광도면,광도면,34.8998163,128.4068334
경상남도 통영시 광도면 안정리,안정리,34.942,128.4056
경상남도 통영시 광도면 황리,황리,34.9635,128.414
경상남도 통영시 광도면 용호리,용호리,34.8740912,128.3924126
경상남도 통영시 광도면 죽림리,죽림리,34.8943,128.4231
경상남도 통영시 광도면 노산리,노산리,34.9005,128.4044
경상남도 통영시 광도면 우동리,우동리,34.9225,128.4043
경상남도 통영시 광도면 덕포리,덕포리,34.9144,128.4189
경상남도 통영시 도산면,도산면,34.9032485,128.3618624
경상남도 통영시 도산면 수월리,수월리,34.8855,128.3383
경상남도 통영시 도산면 저산리,저산리,34.8990867,128.308015
경상남도 통영시 도산면 오륜리,오륜리,34.9248,128.3209
경상남도 통영시 도산면 관덕리,관덕리,34.9107,128.3867
경상남도 통영시 도산면 법송리,법송리,34.8929,128.3649
경상남도 통영시 도산면 도선리,도선리,34.925576,128.330825
경상남도 통영시 도산면 원산리,원산리,34.9372,128.3655
경상남도 통영시 용남면,용남면,34.8677614,128.4424059
경상남도 통영시 용남면 어의리,어의리,34.9563,128.4859
경상남도 통영시 용남면 지도리,지도리,34.9336,128.4887
경상남도 통영시 용남면 장평리,장평리,34.8821,128.4644
경상남도 통영시 용남면 원평리,원평리,34.8987,128.451
경상남도 통영시 용남면 삼화리,삼화리,34.8877,128.4481
경상남도 통영시 용남면 장문리,장문리,34.878,128.4364
경상남도 통영시 용남면 동달리,동달리,34.870407,128.445275
경상남도 통영시 용남면 화삼리,화삼리,34.8554,128.4459
경상남도 통영시 산양읍,산양읍,34.8035222,128.3862717
경상남도 통영시 산양읍 연곡리,연곡리,34.7349856,128.3999846
경상남도 통영시 산양읍 저림리,저림리,34.7451947,128.4049329
경상남도 통영시 산양읍 추도리,추도리,34.7553,128.2975
경상남도 통영시 산양읍 곤리리,곤리리,34.78,128.3674
경상남도 통영시 산양읍 풍화리,풍화리,34.8282,128.3564
경상남도 통영시 산양읍 남평리,남평리,34.8115,128.3993
경상남도 통영시 산양읍 삼덕리,삼덕리,34.803,128.3824
경상남도 통영시 산양읍 연화리,연화리,34.7816,128.3954
경상남도 통영시 산양읍 미남리,미남리,34.7796,128.434
경상남도 통영시 산양읍 신전리,신전리,34.7904,128.4095
경상남도 통영시 산양읍 영운리,영운리,34.8059,128.4252
경상남도 진주시 호탄동,호탄동,35.1645,128.1233
경상남도 진주시 가좌동,가좌동,35.1561,128.1033
경상남도 진주시 귀곡동,귀곡동,35.1687,128.0163
경상남도 진주시 유곡동,유곡동,35.203801,128.058888
경상남도 진주시 하촌동,하촌동,35.2178,128.0815
경상남도 진주시 장재동,장재동,35.2152,128.1018
경상남도 진주시 초전동,초전동,35.206,128.1168
경상남도 진주시 옥봉동,옥봉동,35.1944116,128.0934076
경상남도 진주시 장대동,장대동,35.1932,128.0881
경상남도 진주시 수정동,수정동,35.1978,128.0856
경상남도 진주시 봉래동,봉래동,35.202,128.0845
경상남도 진주시 봉곡동,봉곡동,35.194818,128.075063
경상남도 진주시 계동,계동,35.196684,128.0808066
경상남도 진주시 중안동,중안동,35.193593,128.081263
경상남도 진주시 평안동,평안동,35.197618,128.083188
경상남도 진주시 대안동,대안동,35.1948,128.0839
경상남도 진주시 인사동,인사동,35.1911,128.0741
경상남도 진주시 남성동,남성동,35.18896,128.077213
경상남도 진주시 동성동,동성동,35.191551,128.0852
경상남도 진주시 본성동,본성동,35.1906,128.0822
경상남도 진주시 칠암동,칠암동,35.1829101,128.0933868
경상남도 진주시 강남동,강남동,35.1839,128.0873
경상남도 진주시 주약동,주약동,35.1706,128.0848
경상남도 진주시 망경동,망경동,35.182035,128.080713
경상남도 진주시 충무공동,충무공동,35.1748998,128.150337
경상남도 진주시 가호동,가호동,35.1600479,128.1066507
경상남도 진주시 판문동,판문동,35.1669356,128.0546246
경상남도 진주시 이현동,이현동,35.192784,128.0617454
경상남도 진주시 신안동,신안동,35.1844853,128.0689824
경상남도 진주시 평거동,평거동,35.17381,128.065425
경상남도 진주시 초장동,초장동,35.2046263,128.1145375
경상남도 진주시 상평동,상평동,35.176151,128.109087
경상남도 진주시 하대동,하대동,35.1893907,128.1273873
경상남도 진주시 상대동,상대동,35.1800966,128.1117591
경상남도 진주시 상봉동,상봉동,35.1995746,128.0749478
경상남도 진주시 중앙동,중앙동,35.192101,128.08615
경상남도 진주시 성북동,성북동,35.195735,128.078213
경상남도 진주시 천전동,천전동,35.1831498,128.0854976
경상남도 진주시 수곡면,수곡면,35.198643,127.93215
경상남도 진주시 수곡면 원계리,원계리,35.2166446,127.8980226
경상남도 진주시 수곡면 원외리,원외리,35.161,127.9469
경상남도 진주시 수곡면 원내리,원내리,35.1681,127.9542
경상남도 진주시 수곡면 효자리,효자리,35.1901323,127.9429566
경상남도 진주시 수곡면 창촌리,창촌리,35.1840911,127.9247084
경상남도 진주시 수곡면 대천리,대천리,35.2009389,127.9270328
경상남도 진주시 수곡면 사곡리,사곡리,35.2293,127.915
경상남도 진주시 수곡면 자매리,자매리,35.2385006,127.9308564
경상남도 진주시 대평면,대평면,35.23266,127.960838
경상남도 진주시 대평면 내촌리,내촌리,35.167801,127.991963
경상남도 진주시 대평면 신풍리,신풍리,35.1963,128.0025
경상남도 진주시 대평면 당촌리,당촌리,35.173635,127.9702045
경상남도 진주시 대평면 하촌리,하촌리,35.1978,127.9696
경상남도 진주시 대평면 상촌리,상촌리,35.2149,127.9681
경상남도 진주시 대평면 대평리,대평리,35.2341,127.9673
경상남도 진주시 명석면,명석면,35.2195758,128.0403525
경상남도 진주시 명석면 우수리,우수리,35.2142554,128.0216986
경상남도 진주시 명석면 용산리,용산리,35.2362774,128.0169734
경상남도 진주시 명석면 가화리,가화리,35.2202,127.9996
경상남도 진주시 명석면 오미리,오미리,35.2547,127.9836
경상남도 진주시 명석면 외율리,외율리,35.2776,128.0036
경상남도 진주시 명석면 신기리,신기리,35.2915704,128.0313958
경상남도 진주시 명석면 계원리,계원리,35.276,128.0385
경상남도 진주시 명석면 덕곡리,덕곡리,35.2635,128.0256
경상남도 진주시 명석면 남성리,남성리,35.282725,128.054287
경상남도 진주시 명석면 왕지리,왕지리,35.247335,128.0569444
경상남도 진주시 명석면 관지리,관지리,35.2351,128.0438
경상남도 진주시 미천면,미천면,35.299225,128.115438
경상남도 진주시 미천면 효자리,효자리,35.326,128.0676
경상남도 진주시 미천면 안간리,안간리,35.3191129,128.084747
경상남도 진주시 미천면 미곡리,미곡리,35.3222536,128.1118788
경상남도 진주시 미천면 상미리,상미리,35.336915,128.14725
경상남도 진주시 미천면 어옥리,어옥리,35.3061,128.139425
경상남도 진주시 미천면 벌당리,벌당리,35.2792,128.1258
경상남도 진주시 미천면 반지리,반지리,35.2705,128.111813
경상남도 진주시 미천면 향양리,향양리,35.2933,128.1004
경상남도 진주시 미천면 오방리,오방리,35.2989,128.1185
경상남도 진주시 집현면,집현면,35.2390449,128.0863668
경상남도 진주시 집현면 덕오리,덕오리,35.246,128.1207
경상남도 진주시 집현면 신당리,신당리,35.2275,128.1189
경상남도 진주시 집현면 장흥리,장흥리,35.232293,128.104887
경상남도 진주시 집현면 냉정리,냉정리,35.253675,128.0953
경상남도 진주시 집현면 정수리,정수리,35.2922,128.075488
경상남도 진주시 집현면 정평리,정평리,35.2884,128.0627
경상남도 진주시 집현면 대암리,대암리,35.2659,128.0813
경상남도 진주시 집현면 사촌리,사촌리,35.2242,128.0615
경상남도 진주시 집현면 봉강리,봉강리,35.2413,128.074
경상남도 진주시 집현면 지내리,지내리,35.2482,128.0817
경상남도 진주시 금산면,금산면,35.214016,128.1479992
경상남도 진주시 금산면 장사리,장사리,35.2209,128.1512
경상남도 진주시 금산면 중천리,중천리,35.2132,128.138
경상남도 진주시 금산면 송백리,송백리,35.1998,128.1407
경상남도 진주시 금산면 속사리,속사리,35.1885527,128.1445877
경상남도 진주시 금산면 갈전리,갈전리,35.1844369,128.1610988
경상남도 진주시 금산면 용아리,용아리,35.2091835,128.157136
경상남도 진주시 금산면 가방리,가방리,35.2325,128.1567
경상남도 진주시 대곡면,대곡면,35.264325,128.1694
경상남도 진주시 대곡면 용암리,용암리,35.3251,128.1581
경상남도 진주시 대곡면 월암리,월암리,35.314183,128.162475
경상남도 진주시 대곡면 대곡리,대곡리,35.2472,128.2063
경상남도 진주시 대곡면 마진리,마진리,35.2207997,128.2150428
경상남도 진주시 대곡면 덕곡리,덕곡리,35.2293,128.1912
경상남도 진주시 대곡면 가정리,가정리,35.2463,128.1875
경상남도 진주시 대곡면 와룡리,와룡리,35.2535,128.1727
경상남도 진주시 대곡면 월아리,월아리,35.2506,128.131538
경상남도 진주시 대곡면 단목리,단목리,35.255442,128.142462
경상남도 진주시 대곡면 유곡리,유곡리,35.2665,128.1548
경상남도 진주시 대곡면 광석리,광석리,35.2726,128.1653
경상남도 진주시 대곡면 설매리,설매리,35.291458,128.1655
경상남도 진주시 지수면,지수면,35.2350821,128.2695873
경상남도 진주시 지수면 승산리,승산리,35.2264,128.2694
경상남도 진주시 지수면 청담리,청담리,35.2455,128.2738
경상남도 진주시 지수면 용봉리,용봉리,35.2538,128.2249
경상남도 진주시 지수면 압사리,압사리,35.2342736,128.2530513
경상남도 진주시 지수면 금곡리,금곡리,35.2181,128.2479
경상남도 진주시 지수면 청원리,청원리,35.2236,128.2909
경상남도 진주시 사봉면,사봉면,35.1887966,128.2703009
경상남도 진주시 사봉면 부계리,부계리,35.2008,128.3113
경상남도 진주시 사봉면 봉곡리,봉곡리,35.2039781,128.281287
경상남도 진주시 사봉면 사곡리,사곡리,35.1905,128.2708
경상남도 진주시 사봉면 무촌리,무촌리,35.1821391,128.2640767
경상남도 진주시 사봉면 방촌리,방촌리,35.1983,128.2476
경상남도 진주시 사봉면 마성리,마성리,35.2074185,128.2361661
경상남도 진주시 이반성면,이반성면,35.1691837,128.3263264
경상남도 진주시 이반성면 발산리,발산리,35.1441195,128.3482198
경상남도 진주시 이반성면 길성리,길성리,35.1423,128.3239
경상남도 진주시 이반성면 대천리,대천리,35.145049,128.311025
경상남도 진주시 이반성면 가산리,가산리,35.1559,128.321
경상남도 진주시 이반성면 용암리,용암리,35.1685667,128.3142099
경상남도 진주시 이반성면 하곡리,하곡리,35.1683173,128.3455319
경상남도 진주시 이반성면 평촌리,평촌리,35.1902,128.3265
경상남도 진주시 이반성면 장안리,장안리,35.193,128.353
경상남도 진주시 일반성면,일반성면,35.1712557,128.2771705
경상남도 진주시 일반성면 남산리,남산리,35.1472343,128.260003
경상남도 진주시 일반성면 운천리,운천리,35.1618,128.2704
경상남도 진주시 일반성면 답천리,답천리,35.1545,128.2891
경상남도 진주시 일반성면 개암리,개암리,35.1685822,128.2953595
경상남도 진주시 일반성면 가선리,가선리,35.1766,128.2993
경상남도 진주시 일반성면 창촌리,창촌리,35.1740739,128.2874372
경상남도 진주시 진성면,진성면,35.1848271,128.223305
경상남도 진주시 진성면 동산리,동산리,35.1921867,128.209569
경상남도 진주시 진성면 구천리,구천리,35.1629739,128.2242934
경상남도 진주시 진성면 가진리,가진리,35.2124424,128.2125557
경상남도 진주시 진성면 천곡리,천곡리,35.1823,128.2405
경상남도 진주시 진성면 온수리,온수리,35.164341,128.2536906
경상남도 진주시 진성면 대사리,대사리,35.1501839,128.2548784
경상남도 진주시 진성면 상촌리,상촌리,35.1794,128.2184
경상남도 진주시 금곡면,금곡면,35.09439,128.187862
경상남도 진주시 금곡면 성산리,성산리,35.0664,128.1896
경상남도 진주시 금곡면 죽곡리,죽곡리,35.0681,128.1682
경상남도 진주시 금곡면 두문리,두문리,35.0958,128.1884
경상남도 진주시 금곡면 동례리,동례리,35.1054,128.1834
경상남도 진주시 금곡면 인담리,인담리,35.1191686,128.1738493
경상남도 진주시 금곡면 정자리,정자리,35.1337,128.1756
경상남도 진주시 금곡면 송곡리,송곡리,35.1336343,128.1957594
경상남도 진주시 금곡면 가봉리,가봉리,35.13211,128.2227194
경상남도 진주시 금곡면 검암리,검암리,35.1171,128.1954
경상남도 진주시 정촌면,정촌면,35.1312579,128.1029056
경상남도 진주시 정촌면 대축리,대축리,35.1289,128.0741
경상남도 진주시 정촌면 예하리,예하리,35.1156,128.0971
경상남도 진주시 정촌면 예상리,예상리,35.1112014,128.1055684
경상남도 진주시 정촌면 소곡리,소곡리,35.1298,128.1289
경상남도 진주시 정촌면 관봉리,관봉리,35.1332751,128.1435768
경상남도 진주시 정촌면 화개리,화개리,35.1287666,128.1090676
경상남도 진주시 내동면,내동면,35.1601211,128.0679265
경상남도 진주시 내동면 내평리,내평리,35.1473,128.0107
경상남도 진주시 내동면 유수리,유수리,35.1273,128.0253
경상남도 진주시 내동면 삼계리,삼계리,35.1493384,128.035099
경상남도 진주시 내동면 신율리,신율리,35.1511,128.084
경상남도 진주시 내동면 독산리,독산리,35.1489,128.0614
경상남도 진주시 문산읍,문산읍,35.169201,128.164238
경상남도 진주시 문산읍 두산리,두산리,35.1419,128.1487
경상남도 진주시 문산읍 갈곡리,갈곡리,35.1459721,128.220129
경상남도 진주시 문산읍 옥산리,옥산리,35.1574,128.1424
경상남도 진주시 문산읍 안전리,안전리,35.1465,128.2006
경상남도 진주시 문산읍 이곡리,이곡리,35.1471,128.1739
경상남도 진주시 문산읍 삼곡리,삼곡리,35.1613,128.1726
경상남도 진주시 문산읍 소문리,소문리,35.1763739,128.1622668
경상남도 진주시 문산읍 상문리,상문리,35.1712643,128.1974582
경상남도 창원시 진해구,진해구,35.13306,128.710081
경상남도 창원시 진해구 가주동,가주동,35.1166505,128.8279241
경상남도 창원시 진해구 용원동,용원동,35.1029,128.8206
경상남도 창원시 진해구 안골동,안골동,35.0941045,128.8047251
경상남도 창원시 진해구 청안동,청안동,35.1038,128.7986
경상남도 창원시 진해구 두동,두동,35.1239948,128.8057573
경상남도 창원시 진해구 대장동,대장동,35.15034,128.777713
경상남도 창원시 진해구 소사동,소사동,35.14244,128.756113
경상남도 창원시 진해구 마천동,마천동,35.139299,128.793387
경상남도 창원시 진해구 남양동,남양동,35.1124,128.7747
경상남도 창원시 진해구 원포동,원포동,35.110749,128.71195
경상남도 창원시 진해구 죽곡동,죽곡동,35.1136,128.7253
경상남도 창원시 진해구 명동,명동,35.0952273,128.7311352
경상남도 창원시 진해구 연도동,연도동,35.0746,128.7661
경상남도 창원시 진해구 수도동,수도동,35.0763,128.7441
경상남도 창원시 진해구 제덕동,제덕동,35.1025,128.7387
경상남도 창원시 진해구 남문동,남문동,35.1032,128.7539
경상남도 창원시 진해구 서중동,서중동,35.1121,128.739
경상남도 창원시 진해구 성내동,성내동,35.1157,128.7598
경상남도 창원시 진해구 북부동,북부동,35.1288,128.7395
경상남도 창원시 진해구 행암동,행암동,35.112607,128.700988
경상남도 창원시 진해구 장천동,장천동,35.1276,128.7116
경상남도 창원시 진해구 인사동,인사동,35.15,128.667
경상남도 창원시 진해구 평안동,평안동,35.1501161,128.6597826
경상남도 창원시 진해구 대흥동,대흥동,35.1506397,128.6613159
경상남도 창원시 진해구 송학동,송학동,35.1511496,128.6617657
경상남도 창원시 진해구 화천동,화천동,35.1517759,128.6614857
경상남도 창원시 진해구 근화동,근화동,35.146803,128.6605868
경상남도 창원시 진해구 중평동,중평동,35.1474483,128.6597333
경상남도 창원시 진해구 부흥동,부흥동,35.1470271,128.6621929
경상남도 창원시 진해구 통신동,통신동,35.1492508,128.6605556
경상남도 창원시 진해구 광화동,광화동,35.148332,128.659775
경상남도 창원시 진해구 대천동,대천동,35.1494748,128.6589507
경상남도 창원시 진해구 창선동,창선동,35.1495869,128.6581918
경상남도 창원시 진해구 익선동,익선동,35.1497629,128.6575286
경상남도 창원시 진해구 회현동,회현동,35.1503766,128.6569704
경상남도 창원시 진해구 수송동,수송동,35.1510715,128.6562053
경상남도 창원시 진해구 안곡동,안곡동,35.0589,128.6678
경상남도 창원시 진해구 대죽동,대죽동,35.1412,128.6668
경상남도 창원시 진해구 속천동,속천동,35.1424239,128.6695717
경상남도 창원시 진해구 제황산동,제황산동,35.148,128.6699
경상남도 창원시 진해구 대영동,대영동,35.1443922,128.6590848
경상남도 창원시 진해구 숭인동,숭인동,35.1449538,128.659552
경상남도 창원시 진해구 인의동,인의동,35.1432202,128.6579983
경상남도 창원시 진해구 무송동,무송동,35.1444633,128.6657881
경상남도 창원시 진해구 충의동,충의동,35.1452039,128.662952
경상남도 창원시 진해구 현동,현동,35.1561,128.6412
경상남도 창원시 진해구 신흥동,신흥동,35.1451427,128.6567271
경상남도 창원시 진해구 도만동,도만동,35.14969,128.654525
경상남도 창원시 진해구 도천동,도천동,35.1529,128.654
경상남도 창원시 진해구 동상동,동상동,35.1543137,128.654928
경상남도 창원시 진해구 웅동2동,웅동2동,35.1012816,128.814835
경상남도 창원시 진해구 웅동1동,웅동1동,35.1258956,128.7826923
경상남도 창원시 진해구 웅천동,웅천동,35.111338,128.7496332
경상남도 창원시 진해구 풍호동,풍호동,35.137599,128.707313
경상남도 창원시 진해구 덕산동,덕산동,35.1434109,128.703756
경상남도 창원시 진해구 자은동,자은동,35.1470924,128.7054364
경상남도 창원시 진해구 이동,이동,35.1493421,128.6999119
경상남도 창원시 진해구 석동,석동,35.158598,128.7000269
경상남도 창원시 진해구 병암동,병암동,35.154983,128.6895627
경상남도 창원시 진해구 경화동,경화동,35.154357,128.686838
경상남도 창원시 진해구 태백동,태백동,35.1538996,128.6773763
경상남도 창원시 진해구 여좌동,여좌동,35.1585489,128.6603153
경상남도 창원시 진해구 충무동,충무동,35.15054,128.660338
경상남도 창원시 진해구 태평동,태평동,35.1457401,128.6634722
경상남도 창원시 진해구 중앙동,중앙동,35.1492054,128.6614317
경상남도 창원시 마산회원구,마산회원구,35.220932,128.579706
경상남도 창원시 마산회원구 회원동,회원동,35.2182626,128.5742472
경상남도 창원시 마산회원구 합성동,합성동,35.2422167,128.5839889
경상남도 창원시 마산회원구 양덕동,양덕동,35.23231,128.586212
경상남도 창원시 마산회원구 두척동,두척동,35.2334,128.5407
경상남도 창원시 마산회원구 구암동,구암동,35.2493833,128.593525
경상남도 창원시 마산회원구 봉암동,봉암동,35.2175954,128.6024625
경상남도 창원시 마산회원구 구암2동,구암2동,35.24901,128.598388
경상남도 창원시 마산회원구 구암1동,구암1동,35.2493833,128.593525
경상남도 창원시 마산회원구 합성2동,합성2동,35.239051,128.586762
경상남도 창원시 마산회원구 합성1동,합성1동,35.2422167,128.5839889
경상남도 창원시 마산회원구 양덕2동,양덕2동,35.229201,128.583925
경상남도 창원시 마산회원구 양덕1동,양덕1동,35.23231,128.586212
경상남도 창원시 마산회원구 회성동,회성동,35.233076,128.561637
경상남도 창원시 마산회원구 석전동,석전동,35.2302966,128.5731034
경상남도 창원시 마산회원구 회원2동,회원2동,35.2166238,128.5598576
경상남도 창원시 마산회원구 회원1동,회원1동,35.2182626,128.5742472
경상남도 창원시 마산회원구 내서읍,내서읍,35.24681,128.507625
경상남도 창원시 마산회원구 내서읍,내서읍,35.197885,128.5265
경상남도 창원시 마산회원구 내서읍,내서읍,35.198701,128.500675
경상남도 창원시 마산회원구 내서읍,내서읍,35.231401,128.490488
경상남도 창원시 마산회원구 내서읍,내서읍,35.2284,128.5182
경상남도 창원시 마산회원구 내서읍,내서읍,35.2478,128.4949
경상남도 창원시 마산회원구 내서읍,내서읍,35.2465,128.5179
경상남도 창원시 마산회원구 내서읍,내서읍,35.2659,128.5009
경상남도 창원시 마산회원구 내서읍,내서읍,35.2595,128.5189
경상남도 창원시 마산회원구 내서읍,내서읍,35.2585,128.5353
경상남도 창원시 마산회원구 내서읍,내서읍,35.2660398,128.5593569
경상남도 창원시 마산합포구,마산합포구,35.196874,128.567863
경상남도 창원시 마산합포구 홍문동,홍문동,35.1842469,128.5591406
경상남도 창원시 마산합포구 해운동,해운동,35.18026,128.562338
경상남도 창원시 마산합포구 화영동,화영동,35.1844491,128.5544892
경상남도 창원시 마산합포구 평화동,평화동,35.1873591,128.5586767
경상남도 창원시 마산합포구 추산동,추산동,35.206401,128.570687
경상남도 창원시 마산합포구 청계동,청계동,35.1848703,128.5574687
경상남도 창원시 마산합포구 창포동3가,창포동3가,35.182,128.5607
경상남도 창원시 마산합포구 창포동2가,창포동2가,35.183648,128.5614858
경상남도 창원시 마산합포구 창포동1가,창포동1가,35.1847334,128.5622381
경상남도 창원시 마산합포구 창동,창동,35.2065,128.5744
경상남도 창원시 마산합포구 중앙동3가,중앙동3가,35.198901,128.567762
경상남도 창원시 마산합포구 중앙동2가,중앙동2가,35.1948,128.5673
경상남도 창원시 마산합포구 중앙동1가,중앙동1가,35.189626,128.562738
경상남도 창원시 마산합포구 중성동,중성동,35.208643,128.574662
경상남도 창원시 마산합포구 장군동5가,장군동5가,35.200587,128.5661804
경상남도 창원시 마산합포구 장군동4가,장군동4가,35.19821,128.565113
경상남도 창원시 마산합포구 장군동3가,장군동3가,35.1957736,128.5643074
경상남도 창원시 마산합포구 장군동2가,장군동2가,35.193387,128.5633686
경상남도 창원시 마산합포구 장군동1가,장군동1가,35.1913268,128.5621361
경상남도 창원시 마산합포구 유록동,유록동,35.1851333,128.5559715
경상남도 창원시 마산합포구 우산동,우산동,35.1571,128.551
경상남도 창원시 마산합포구 예곡동,예곡동,35.1752,128.5356
경상남도 창원시 마산합포구 월포동,월포동,35.190968,128.566162
경상남도 창원시 마산합포구 월남동5가,월남동5가,35.1809986,128.5590813
경상남도 창원시 마산합포구 월남동4가,월남동4가,35.1825757,128.5593896
경상남도 창원시 마산합포구 월남동3가,월남동3가,35.1847976,128.5605402
경상남도 창원시 마산합포구 월남동2가,월남동2가,35.1860787,128.5620251
경상남도 창원시 마산합포구 월남동1가,월남동1가,35.1865,128.5638
경상남도 창원시 마산합포구 신흥동,신흥동,35.1942739,128.5647456
경상남도 창원시 마산합포구 신포동2가,신포동2가,35.2011,128.573
경상남도 창원시 마산합포구 신포동1가,신포동1가,35.197,128.5724
경상남도 창원시 마산합포구 신창동,신창동,35.1874711,128.5598337
경상남도 창원시 마산합포구 신월동,신월동,35.1927,128.5574
경상남도 창원시 마산합포구 수성동,수성동,35.2041254,128.5741522
경상남도 창원시 마산합포구 성호동,성호동,35.2097,128.5698
경상남도 창원시 마산합포구 서성동,서성동,35.2026,128.5699
경상남도 창원시 마산합포구 상남동,상남동,35.2128,128.5746
경상남도 창원시 마산합포구 부림동,부림동,35.205768,128.5724
경상남도 창원시 마산합포구 반월동,반월동,35.1899996,128.5604381
경상남도 창원시 마산합포구 두월동3가,두월동3가,35.185434,128.559944
경상남도 창원시 마산합포구 두월동2가,두월동2가,35.1866155,128.5604526
경상남도 창원시 마산합포구 두월동1가,두월동1가,35.1878657,128.5611962
경상남도 창원시 마산합포구 동성동,동성동,35.2046834,128.5783066
경상남도 창원시 마산합포구 덕동동,덕동동,35.1413,128.5817
경상남도 창원시 마산합포구 대창동,대창동,35.1862077,128.5546144
경상남도 창원시 마산합포구 대외동,대외동,35.1846193,128.5584712
경상남도 창원시 마산합포구 대성동2가,대성동2가,35.1937792,128.5624303
경상남도 창원시 마산합포구 대성동1가,대성동1가,35.1922381,128.5611875
경상남도 창원시 마산합포구 대내동,대내동,35.1829328,128.5572613
경상남도 창원시 마산합포구 남성동,남성동,35.2028,128.577
경상남도 창원시 마산합포구 교원동,교원동,35.2145,128.5687
경상남도 창원시 마산합포구 산호동,산호동,35.2160999,128.5859895
경상남도 창원시 마산합포구 합포동,합포동,35.2109247,128.5791278
경상남도 창원시 마산합포구 오동동,오동동,35.2042629,128.5737075
경상남도 창원시 마산합포구 교방동,교방동,35.214335,128.566238
경상남도 창원시 마산합포구 자산동,자산동,35.2055381,128.5654462
경상남도 창원시 마산합포구 완월동,완월동,35.199526,128.564137
경상남도 창원시 마산합포구 반월중앙동,반월중앙동,35.1940929,128.5641375
경상남도 창원시 마산합포구 문화동,문화동,35.184685,128.558175
경상남도 창원시 마산합포구 월영동,월영동,35.1793142,128.5577505
경상남도 창원시 마산합포구 가포동,가포동,35.169568,128.57205
경상남도 창원시 마산합포구 현동,현동,35.1498983,128.5537906
경상남도 창원시 마산합포구 진전면,진전면,35.10289,128.418987
경상남도 창원시 마산합포구 진전면,진전면,35.1876,128.3897
경상남도 창원시 마산합포구 진전면,진전면,35.164,128.3774
경상남도 창원시 마산합포구 진전면,진전면,35.1352,128.398
경상남도 창원시 마산합포구 진전면,진전면,35.1596,128.4037
경상남도 창원시 마산합포구 진전면,진전면,35.0706,128.4334
경상남도 창원시 마산합포구 진전면,진전면,35.083,128.4668
경상남도 창원시 마산합포구 진전면,진전면,35.0938,128.4418
경상남도 창원시 마산합포구 진전면,진전면,35.0964,128.4115
경상남도 창원시 마산합포구 진전면,진전면,35.1167,128.3713
경상남도 창원시 마산합포구 진전면,진전면,35.1295,128.3604
경상남도 창원시 마산합포구 진전면,진전면,35.1282,128.3837
경상남도 창원시 마산합포구 진전면,진전면,35.122,128.3965
경상남도 창원시 마산합포구 진전면,진전면,35.1171,128.4076
경상남도 창원시 마산합포구 진전면,진전면,35.1119,128.4231
경상남도 창원시 마산합포구 진전면,진전면,35.1088,128.4348
경상남도 창원시 마산합포구 진전면,진전면,35.1151,128.445
경상남도 창원시 마산합포구 진전면,진전면,35.1071,128.4589
경상남도 창원시 마산합포구 진북면,진북면,35.115474,128.467412
경상남도 창원시 마산합포구 진북면,진북면,35.1771,128.4608
경상남도 창원시 마산합포구 진북면,진북면,35.1648,128.4666
경상남도 창원시 마산합포구 진북면,진북면,35.1655,128.4881
경상남도 창원시 마산합포구 진북면,진북면,35.1504,128.4837
경상남도 창원시 마산합포구 진북면,진북면,35.139,128.4897
경상남도 창원시 마산합포구 진북면,진북면,35.1391,128.4769
경상남도 창원시 마산합포구 진북면,진북면,35.1251,128.4789
경상남도 창원시 마산합포구 진북면,진북면,35.1431,128.4625
경상남도 창원시 마산합포구 진북면,진북면,35.1562,128.4303
경상남도 창원시 마산합포구 진북면,진북면,35.155,128.4506
경상남도 창원시 마산합포구 진북면,진북면,35.1364,128.4563
경상남도 창원시 마산합포구 진북면,진북면,35.1281,128.4666
경상남도 창원시 마산합포구 진북면,진북면,35.1338,128.4346
경상남도 창원시 마산합포구 진북면,진북면,35.1167,128.4557
경상남도 창원시 마산합포구 진북면,진북면,35.1211,128.469
경상남도 창원시 마산합포구 진동면,진동면,35.1158428,128.4842696
경상남도 창원시 마산합포구 진동면,진동면,35.1605,128.5243
경상남도 창원시 마산합포구 진동면,진동면,35.1592,128.5008
경상남도 창원시 마산합포구 진동면,진동면,35.1372,128.5151
경상남도 창원시 마산합포구 진동면,진동면,35.121,128.5072
경상남도 창원시 마산합포구 진동면,진동면,35.1133,128.5245
경상남도 창원시 마산합포구 진동면,진동면,35.093,128.5172
경상남도 창원시 마산합포구 진동면,진동면,35.0911,128.4916
경상남도 창원시 마산합포구 진동면,진동면,35.1164,128.4808
경상남도 창원시 마산합포구 진동면,진동면,35.1089,128.4765
경상남도 창원시 마산합포구 진동면,진동면,35.0709,128.4962
경상남도 창원시 마산합포구 구산면,구산면,35.119699,128.580887
경상남도 창원시 마산합포구 구산면,구산면,35.0823,128.6063
경상남도 창원시 마산합포구 구산면,구산면,35.0669,128.6115
경상남도 창원시 마산합포구 구산면,구산면,35.071373,128.5691902
경상남도 창원시 마산합포구 구산면,구산면,35.0778,128.5844
경상남도 창원시 마산합포구 구산면,구산면,35.0969,128.5967
경상남도 창원시 마산합포구 구산면,구산면,35.098525,128.578825
경상남도 창원시 마산합포구 구산면,구산면,35.119199,128.574175
경상남도 창원시 마산합포구 구산면,구산면,35.1126,128.5553
경상남도 창원시 마산합포구 구산면,구산면,35.1281,128.5337
경상남도 창원시 마산합포구 구산면,구산면,35.1282,128.5646
경상남도 창원시 성산구,성산구,35.1983844,128.7029401
경상남도 창원시 성산구 남양동,남양동,35.2093,128.703
경상남도 창원시 성산구 성산동,성산동,35.2026,128.6721
경상남도 창원시 성산구 가음동,가음동,35.2061,128.6971
경상남도 창원시 성산구 반림동,반림동,35.238,128.668
경상남도 창원시 성산구 반지동,반지동,35.2414,128.6602
경상남도 창원시 성산구 신촌동,신촌동,35.2046,128.6038
경상남도 창원시 성산구 귀현동,귀현동,35.1901,128.6108
경상남도 창원시 성산구 귀곡동,귀곡동,35.1862,128.5959
경상남도 창원시 성산구 귀산동,귀산동,35.166685,128.612912
경상남도 창원시 성산구 양곡동,양곡동,35.1943253,128.6304435
경상남도 창원시 성산구 적현동,적현동,35.2019,128.615
경상남도 창원시 성산구 창곡동,창곡동,35.1973424,128.6465855
경상남도 창원시 성산구 완암동,완암동,35.1939,128.6525
경상남도 창원시 성산구 상복동,상복동,35.1909,128.6634
경상남도 창원시 성산구 남지동,남지동,35.1857,128.676
경상남도 창원시 성산구 내동,내동,35.2189,128.6608
경상남도 창원시 성산구 안민동,안민동,35.1797,128.6856
경상남도 창원시 성산구 불모산동,불모산동,35.188568,128.73405
경상남도 창원시 성산구 천선동,천선동,35.1735,128.7142
경상남도 창원시 성산구 삼정자동,삼정자동,35.2004881,128.7201357
경상남도 창원시 성산구 남산동,남산동,35.198101,128.695963
경상남도 창원시 성산구 대방동,대방동,35.2097,128.7161
경상남도 창원시 성산구 외동,외동,35.2126162,128.6748898
경상남도 창원시 성산구 사파정동,사파정동,35.2209,128.7135
경상남도 창원시 성산구 토월동,토월동,35.2330611,128.7096508
경상남도 창원시 성산구 웅남동,웅남동,35.2053096,128.6271625
경상남도 창원시 성산구 성주동,성주동,35.1897409,128.6950205
경상남도 창원시 성산구 가음정동,가음정동,35.213123,128.7005416
경상남도 창원시 성산구 사파동,사파동,35.215843,128.708712
경상남도 창원시 성산구 상남동,상남동,35.216268,128.687212
경상남도 창원시 성산구 중앙동,중앙동,35.2210983,128.673695
경상남도 창원시 성산구 반송동,반송동,35.2359429,128.6695125
경상남도 창원시 의창구,의창구,35.2540033,128.6401544
경상남도 창원시 의창구 팔용동,팔용동,35.2416,128.6265
경상남도 창원시 의창구 봉곡동,봉곡동,35.2462,128.6631
경상남도 창원시 의창구 사림동,사림동,35.242526,128.685113
경상남도 창원시 의창구 명서동,명서동,35.2452,128.6445
경상남도 창원시 의창구 차용동,차용동,35.2321024,128.6321898
경상남도 창원시 의창구 사화동,사화동,35.2427428,128.6359457
경상남도 창원시 의창구 반계동,반계동,35.2408,128.6143
경상남도 창원시 의창구 퇴촌동,퇴촌동,35.2526,128.693363
경상남도 창원시 의창구 서곡동,서곡동,35.2522,128.6536
경상남도 창원시 의창구 덕정동,덕정동,35.230485,128.6480378
경상남도 창원시 의창구 용동,용동,35.2417,128.7087
경상남도 창원시 의창구 소계동,소계동,35.2624,128.5954
경상남도 창원시 의창구 동정동,동정동,35.2671,128.6097
경상남도 창원시 의창구 도계동,도계동,35.258375,128.638313
경상남도 창원시 의창구 소답동,소답동,35.2673,128.6274
경상남도 창원시 의창구 서상동,서상동,35.261,128.6209
경상남도 창원시 의창구 중동,중동,35.2559,128.6261
경상남도 창원시 의창구 북동,북동,35.2662,128.6214
경상남도 창원시 의창구 봉림동,봉림동,35.2519595,128.6675708
경상남도 창원시 의창구 명곡동,명곡동,35.2535471,128.6402341
경상남도 창원시 의창구 팔룡동,팔룡동,35.255537,128.612796
경상남도 창원시 의창구 의창동,의창동,35.2620688,128.6228772
경상남도 창원시 의창구 대산면,대산면,35.3308715,128.7087242
경상남도 창원시 의창구 대산면,대산면,35.3403,128.6928
경상남도 창원시 의창구 대산면,대산면,35.339,128.7414
경상남도 창원시 의창구 대산면,대산면,35.3522,128.726
경상남도 창원시 의창구 대산면,대산면,35.3296,128.7279
경상남도 창원시 의창구 대산면,대산면,35.3252,128.7095
경상남도 창원시 의창구 대산면,대산면,35.3289,128.6951
경상남도 창원시 의창구 대산면,대산면,35.3556,128.7103
경상남도 창원시 의창구 대산면,대산면,35.366,128.695
경상남도 창원시 의창구 대산면,대산면,35.3624,128.6808
경상남도 창원시 의창구 북면,북면,35.3477816,128.6070384
경상남도 창원시 의창구 북면,북면,35.3503,128.6388
경상남도 창원시 의창구 북면,북면,35.341982,128.622825
경상남도 창원시 의창구 북면,북면,35.3491,128.6054
경상남도 창원시 의창구 북면,북면,35.3792,128.5972
경상남도 창원시 의창구 북면,북면,35.367,128.6045
경상남도 창원시 의창구 북면,북면,35.3585,128.5839
경상남도 창원시 의창구 북면,북면,35.3459,128.5801
경상남도 창원시 의창구 북면,북면,35.3308881,128.5863703
경상남도 창원시 의창구 북면,북면,35.3198217,128.5728967
경상남도 창원시 의창구 북면,북면,35.3191768,128.5966954
경상남도 창원시 의창구 북면,북면,35.2982,128.587
경상남도 창원시 의창구 북면,북면,35.2857,128.5976
경상남도 창원시 의창구 북면,북면,35.307,128.6043
경상남도 창원시 의창구 북면,북면,35.3271596,128.6264639
경상남도 창원시 의창구 북면,북면,35.3184,128.616
경상남도 창원시 의창구 북면,북면,35.305258,128.621512
경상남도 창원시 의창구 북면,북면,35.2995,128.6345
경상남도 창원시 의창구 북면,북면,35.2852,128.626425
경상남도 창원시 의창구 동읍,동읍,35.284725,128.682513
경상남도 창원시 의창구 동읍,동읍,35.351015,128.686775
경상남도 창원시 의창구 동읍,동읍,35.3445,128.6809
경상남도 창원시 의창구 동읍,동읍,35.3636,128.6658
경상남도 창원시 의창구 동읍,동읍,35.3663811,128.6471984
경상남도 창원시 의창구 동읍,동읍,35.3569,128.6542
경상남도 창원시 의창구 동읍,동읍,35.3377,128.6505
경상남도 창원시 의창구 동읍,동읍,35.3335,128.6681
경상남도 창원시 의창구 동읍,동읍,35.3201,128.6518
경상남도 창원시 의창구 동읍,동읍,35.3017,128.653
경상남도 창원시 의창구 동읍,동읍,35.3067,128.6795
경상남도 창원시 의창구 동읍,동읍,35.2957,128.6694
경상남도 창원시 의창구 동읍,동읍,35.2922,128.6813
경상남도 창원시 의창구 동읍,동읍,35.2807,128.6838
경상남도 창원시 의창구 동읍,동읍,35.2953,128.697
경상남도 창원시 의창구 동읍,동읍,35.288475,128.700963
경상남도 창원시 의창구 동읍,동읍,35.2592,128.7045
경상남도 창원시 의창구 동읍,동읍,35.27935,128.7045
경상남도 창원시 의창구 동읍,동읍,35.2813,128.6986
경상남도 창원시 의창구 동읍,동읍,35.2741,128.6941
경상남도 창원시 의창구 동읍,동읍,35.2668,128.6749
경상남도 창원시 의창구 동읍,동읍,35.274367,128.663063
경상남도 창원시 의창구 동읍,동읍,35.2761,128.6548
경상남도 창원시 의창구 동읍,동읍,35.2765,128.6386
