전라북도 부안군 위도면,위도면,35.6025903,126.2930338
전라북도 부안군 위도면 하왕등리,하왕등리,35.6405,126.1153
전라북도 부안군 위도면 상왕등리,상왕등리,35.661,126.1061
전라북도 부안군 위도면 식도리,식도리,35.624,126.285
전라북도 부안군 위도면 거륜리,거륜리,35.5758,126.2465
전라북도 부안군 위도면 대리,대리,35.5787,126.265
전라북도 부안군 위도면 치도리,치도리,35.5952,126.2596
전라북도 부안군 위도면 정금리,정금리,35.6137,126.2904
전라북도 부안군 위도면 진리,진리,35.6084,126.3052
전라북도 부안군 줄포면,줄포면,35.5914592,126.6776934
전라북도 부안군 줄포면 대동리,대동리,35.611382,126.70345
전라북도 부안군 줄포면 파산리,파산리,35.604,126.7128
전라북도 부안군 줄포면 난산리,난산리,35.5891,126.7171
전라북도 부안군 줄포면 신리,신리,35.582,126.7018
전라북도 부안군 줄포면 우포리,우포리,35.5788,126.674975
전라북도 부안군 줄포면 장동리,장동리,35.5959,126.6901
전라북도 부안군 줄포면 줄포리,줄포리,35.5897,126.6736
전라북도 부안군 하서면,하서면,35.715622,126.6620141
전라북도 부안군 하서면 장신리,장신리,35.7286,126.6215
전라북도 부안군 하서면 백련리,백련리,35.698601,126.600313
전라북도 부안군 하서면 석상리,석상리,35.704,126.6434
전라북도 부안군 하서면 언독리,언독리,35.7219,126.6752
전라북도 부안군 하서면 청호리,청호리,35.7329,126.6541
전라북도 부안군 상서면,상서면,35.68641,126.678012
전라북도 부안군 상서면 청림리,청림리,35.655,126.6241
전라북도 부안군 상서면 통정리,통정리,35.7,126.6571
전라북도 부안군 상서면 장동리,장동리,35.7079,126.6784
전라북도 부안군 상서면 용서리,용서리,35.6948,126.6726
전라북도 부안군 상서면 고잔리,고잔리,35.696351,126.688913
전라북도 부안군 상서면 가오리,가오리,35.6836,126.6749
전라북도 부안군 상서면 감교리,감교리,35.6602,126.6585
전라북도 부안군 백산면,백산면,35.7039302,126.7865419
전라북도 부안군 백산면 죽림리,죽림리,35.6736,126.753
전라북도 부안군 백산면 신평리,신평리,35.6883,126.7666
전라북도 부안군 백산면 덕신리,덕신리,35.7145,126.7847
전라북도 부안군 백산면 오곡리,오곡리,35.705651,126.794538
전라북도 부안군 백산면 평교리,평교리,35.7004,126.783
전라북도 부안군 백산면 대죽리,대죽리,35.6846,126.7849
전라북도 부안군 백산면 거룡리,거룡리,35.701,126.8128
전라북도 부안군 백산면 하청리,하청리,35.6867,126.8053
전라북도 부안군 백산면 대수리,대수리,35.6913,126.8264
전라북도 부안군 백산면 원천리,원천리,35.7082,126.8201
전라북도 부안군 백산면 용계리,용계리,35.7184,126.8021
전라북도 부안군 백산면 금판리,금판리,35.7391,126.7954
전라북도 부안군 진서면,진서면,35.587657,126.605425
전라북도 부안군 진서면 곰소리,곰소리,35.5932403,126.6092865
전라북도 부안군 진서면 운호리,운호리,35.6031,126.5372
전라북도 부안군 진서면 석포리,석포리,35.60774,126.579988
전라북도 부안군 진서면 진서리,진서리,35.6054,126.6134
전라북도 부안군 변산면,변산면,35.6635321,126.5284625
전라북도 부안군 변산면 중계리,중계리,35.654849,126.573063
전라북도 부안군 변산면 대항리,대항리,35.6841,126.5506
전라북도 부안군 변산면 지서리,지서리,35.6626,126.5383
전라북도 부안군 변산면 운산리,운산리,35.6474,126.5298
전라북도 부안군 변산면 마포리,마포리,35.6365549,126.4987351
전라북도 부안군 변산면 격포리,격포리,35.6288454,126.4737842
전라북도 부안군 변산면 도청리,도청리,35.601457,126.4985
전라북도 부안군 보안면,보안면,35.6110069,126.6707539
전라북도 부안군 보안면 부곡리,부곡리,35.633,126.7162
전라북도 부안군 보안면 월천리,월천리,35.6394,126.6915
전라북도 부안군 보안면 상림리,상림리,35.6258,126.7095
전라북도 부안군 보안면 하입석리,하입석리,35.6216,126.6931
전라북도 부안군 보안면 유천리,유천리,35.604,126.6572
전라북도 부안군 보안면 신복리,신복리,35.600399,126.636738
전라북도 부안군 보안면 우동리,우동리,35.6236,126.6354
전라북도 부안군 보안면 남포리,남포리,35.632507,126.657012
전라북도 부안군 보안면 상입석리,상입석리,35.627949,126.679087
전라북도 부안군 보안면 영전리,영전리,35.6091,126.6751
전라북도 부안군 계화면,계화면,35.761717,126.698025
전라북도 부안군 계화면 의복리,의복리,35.7492588,126.6407402
전라북도 부안군 계화면 궁안리,궁안리,35.7518,126.6783
전라북도 부안군 계화면 양산리,양산리,35.7801,126.7181
전라북도 부안군 계화면 창북리,창북리,35.7748,126.6855
전라북도 부안군 계화면 계화리,계화리,35.7793917,126.6448625
전라북도 부안군 행안면,행안면,35.7263694,126.7240293
전라북도 부안군 행안면 신기리,신기리,35.723,126.7072
전라북도 부안군 행안면 대초리,대초리,35.7059,126.7005
전라북도 부안군 행안면 진동리,진동리,35.7087,126.7182
전라북도 부안군 행안면 삼간리,삼간리,35.733785,126.6939
전라북도 부안군 행안면 역리,역리,35.7418,126.7208
전라북도 부안군 동진면,동진면,35.7496937,126.7387934
전라북도 부안군 동진면 당상리,당상리,35.748,126.704
전라북도 부안군 동진면 증산리,증산리,35.7621,126.7203
전라북도 부안군 동진면 본덕리,본덕리,35.7691,126.7273
전라북도 부안군 동진면 안성리,안성리,35.7791,126.7443
전라북도 부안군 동진면 동전리,동전리,35.7653,126.7559
전라북도 부안군 동진면 장등리,장등리,35.7463,126.7702
전라북도 부안군 동진면 하장리,하장리,35.7314,126.775
전라북도 부안군 동진면 내기리,내기리,35.7425,126.7493
전라북도 부안군 동진면 봉황리,봉황리,35.752825,126.738775
전라북도 부안군 주산면,주산면,35.6718954,126.7110855
전라북도 부안군 주산면 백석리,백석리,35.6876,126.7028
전라북도 부안군 주산면 돈계리,돈계리,35.6789,126.6991
전라북도 부안군 주산면 사산리,사산리,35.6604,126.6892
전라북도 부안군 주산면 갈촌리,갈촌리,35.6613,126.7106
전라북도 부안군 주산면 소산리,소산리,35.6495,126.7068
전라북도 부안군 주산면 동정리,동정리,35.64444,126.72155
전라북도 부안군 주산면 덕림리,덕림리,35.6687,126.734
전라북도 부안군 주산면 소주리,소주리,35.6627,126.7237
전라북도 부안군 부안읍,부안읍,35.7296253,126.7368135
전라북도 부안군 부안읍 신흥리,신흥리,35.6922,126.7298
전라북도 부안군 부안읍 외하리,외하리,35.6881,126.7492
전라북도 부안군 부안읍 내요리,내요리,35.6871,126.7345
전라북도 부안군 부안읍 옹중리,옹중리,35.6995,126.7517
전라북도 부안군 부안읍 연곡리,연곡리,35.7062,126.735
전라북도 부안군 부안읍 행중리,행중리,35.7057,126.7635
전라북도 부안군 부안읍 모산리,모산리,35.7165,126.7629
전라북도 부안군 부안읍 신운리,신운리,35.7292,126.7564
전라북도 부안군 부안읍 봉덕리,봉덕리,35.7195,126.7401
전라북도 부안군 부안읍 선은리,선은리,35.7335,126.7429
전라북도 부안군 부안읍 서외리,서외리,35.7252,126.7288
전라북도 부안군 부안읍 동중리,동중리,35.7319,126.7357
전라북도 고창군 부안면,부안면,35.514183,126.674088
전라북도 고창군 부안면 운양리,운양리,35.4817,126.6739
전라북도 고창군 부안면 사창리,사창리,35.4944,126.6741
전라북도 고창군 부안면 상등리,상등리,35.5048,126.67
전라북도 고창군 부안면 용산리,용산리,35.5067,126.6387
전라북도 고창군 부안면 선운리,선운리,35.5307,126.612425
전라북도 고창군 부안면 송현리,송현리,35.547,126.6151
전라북도 고창군 부안면 봉암리,봉암리,35.5720593,126.58802
전라북도 고창군 부안면 상암리,상암리,35.554733,126.63935
전라북도 고창군 부안면 수앙리,수앙리,35.5519,126.6571
전라북도 고창군 부안면 수동리,수동리,35.5349,126.6624
전라북도 고창군 부안면 검산리,검산리,35.526,126.6349
전라북도 고창군 부안면 수남리,수남리,35.520675,126.669038
전라북도 고창군 부안면 오산리,오산리,35.514958,126.667
전라북도 고창군 부안면 중흥리,중흥리,35.5165,126.6759
전라북도 고창군 신림면,신림면,35.489068,126.712125
전라북도 고창군 신림면 부송리,부송리,35.468901,126.693012
전라북도 고창군 신림면 벽송리,벽송리,35.4746,126.6819
전라북도 고창군 신림면 법지리,법지리,35.494243,126.692325
전라북도 고창군 신림면 송용리,송용리,35.484,126.7134
전라북도 고창군 신림면 자포리,자포리,35.472326,126.705488
전라북도 고창군 신림면 세곡리,세곡리,35.4599,126.7088
전라북도 고창군 신림면 반룡리,반룡리,35.4598,126.7299
전라북도 고창군 신림면 신평리,신평리,35.4664,126.7425
전라북도 고창군 신림면 가평리,가평리,35.4737,126.7594
전라북도 고창군 신림면 덕화리,덕화리,35.4885,126.753
전라북도 고창군 신림면 도림리,도림리,35.4942,126.7358
전라북도 고창군 신림면 외화리,외화리,35.4971,126.7221
전라북도 고창군 신림면 무림리,무림리,35.4942,126.7077
전라북도 고창군 성내면,성내면,35.538025,126.743338
전라북도 고창군 성내면 산림리,산림리,35.5239,126.761
전라북도 고창군 성내면 용교리,용교리,35.5038,126.7577
전라북도 고창군 성내면 신대리,신대리,35.515,126.7474
전라북도 고창군 성내면 대흥리,대흥리,35.5177,126.736
전라북도 고창군 성내면 옥제리,옥제리,35.5249,126.7273
전라북도 고창군 성내면 월산리,월산리,35.5305,126.7372
전라북도 고창군 성내면 동산리,동산리,35.539758,126.72965
전라북도 고창군 성내면 신성리,신성리,35.5507,126.7335
전라북도 고창군 성내면 덕산리,덕산리,35.5643,126.7355
전라북도 고창군 성내면 부덕리,부덕리,35.5675,126.7549
전라북도 고창군 성내면 조동리,조동리,35.5549,126.7556
전라북도 고창군 성내면 월성리,월성리,35.5416,126.7572
전라북도 고창군 성내면 양계리,양계리,35.5347,126.749
전라북도 고창군 흥덕면,흥덕면,35.517775,126.703638
전라북도 고창군 흥덕면 송암리,송암리,35.5062,126.7169
전라북도 고창군 흥덕면 제하리,제하리,35.5142,126.7216
전라북도 고창군 흥덕면 사천리,사천리,35.5053,126.6887
전라북도 고창군 흥덕면 석교리,석교리,35.5142,126.6861
전라북도 고창군 흥덕면 오호리,오호리,35.5231,126.6855
전라북도 고창군 흥덕면 석우리,석우리,35.5535,126.7148
전라북도 고창군 흥덕면 교운리,교운리,35.5262,126.6947
전라북도 고창군 흥덕면 사포리,사포리,35.5393,126.6873
전라북도 고창군 흥덕면 후포리,후포리,35.5482,126.6869
전라북도 고창군 흥덕면 신덕리,신덕리,35.561975,126.682425
전라북도 고창군 흥덕면 용반리,용반리,35.5655,126.7059
전라북도 고창군 흥덕면 하남리,하남리,35.5653,126.7196
전라북도 고창군 흥덕면 신송리,신송리,35.5483,126.7044
전라북도 고창군 흥덕면 치룡리,치룡리,35.5362,126.7088
전라북도 고창군 흥덕면 동사리,동사리,35.5199,126.7083
전라북도 고창군 흥덕면 흥덕리,흥덕리,35.5171,126.6984
전라북도 고창군 심원면,심원면,35.524317,126.551087
전라북도 고창군 심원면 용기리,용기리,35.5266,126.5871
전라북도 고창군 심원면 하전리,하전리,35.5315,126.571
전라북도 고창군 심원면 월산리,월산리,35.5299,126.555
전라북도 고창군 심원면 연화리,연화리,35.5079,126.5607
전라북도 고창군 심원면 도천리,도천리,35.4969,126.5425
전라북도 고창군 심원면 두어리,두어리,35.524433,126.537313
전라북도 고창군 심원면 만돌리,만돌리,35.5274,126.519575
전라북도 고창군 심원면 고전리,고전리,35.5164,126.5162
전라북도 고창군 심원면 주산리,주산리,35.5032,126.5257
전라북도 고창군 심원면 궁산리,궁산리,35.49161,126.5204
전라북도 고창군 대산면,대산면,35.341074,126.603413
전라북도 고창군 대산면 상금리,상금리,35.3286,126.6261
전라북도 고창군 대산면 지석리,지석리,35.3094,126.5827
전라북도 고창군 대산면 회룡리,회룡리,35.3237,126.5262
전라북도 고창군 대산면 대장리,대장리,35.338,126.5378
전라북도 고창군 대산면 해룡리,해룡리,35.3175,126.5372
전라북도 고창군 대산면 갈마리,갈마리,35.3174,126.5545
전라북도 고창군 대산면 연동리,연동리,35.3343,126.5502
전라북도 고창군 대산면 춘산리,춘산리,35.3176,126.5722
전라북도 고창군 대산면 율촌리,율촌리,35.3356,126.566
전라북도 고창군 대산면 산정리,산정리,35.3386,126.5842
전라북도 고창군 대산면 매산리,매산리,35.3447,126.5964
전라북도 고창군 대산면 중산리,중산리,35.3618,126.5962
전라북도 고창군 대산면 덕천리,덕천리,35.3518,126.5717
전라북도 고창군 대산면 광대리,광대리,35.3626,126.5684
전라북도 고창군 대산면 성남리,성남리,35.374,126.589
전라북도 고창군 성송면,성송면,35.3644422,126.6466716
전라북도 고창군 성송면 낙양리,낙양리,35.4049,126.6248
전라북도 고창군 성송면 사내리,사내리,35.3908,126.6418
전라북도 고창군 성송면 학천리,학천리,35.3783,126.6554
전라북도 고창군 성송면 향산리,향산리,35.3787,126.6402
전라북도 고창군 성송면 괴치리,괴치리,35.3814,126.6263
전라북도 고창군 성송면 판정리,판정리,35.3633,126.6356
전라북도 고창군 성송면 계당리,계당리,35.3629,126.6574
전라북도 고창군 성송면 암치리,암치리,35.3433,126.6526
전라북도 고창군 성송면 무송리,무송리,35.3439,126.6351
전라북도 고창군 성송면 하고리,하고리,35.3588,126.617
전라북도 고창군 성송면 산수리,산수리,35.3404,126.617
전라북도 고창군 해리면,해리면,35.4609755,126.5390947
전라북도 고창군 해리면 동호리,동호리,35.5107,126.4875
전라북도 고창군 해리면 광승리,광승리,35.4976,126.4816
전라북도 고창군 해리면 금평리,금평리,35.4966,126.5026
전라북도 고창군 해리면 방축리,방축리,35.4854,126.499
전라북도 고창군 해리면 사반리,사반리,35.4809,126.4838
전라북도 고창군 해리면 라성리,라성리,35.4679,126.4801
전라북도 고창군 해리면 왕촌리,왕촌리,35.4713,126.5082
전라북도 고창군 해리면 안산리,안산리,35.4676,126.5275
전라북도 고창군 해리면 송산리,송산리,35.4524,126.5323
전라북도 고창군 해리면 고성리,고성리,35.4486,126.5569
전라북도 고창군 해리면 평지리,평지리,35.458176,126.558713
전라북도 고창군 해리면 하련리,하련리,35.4646,126.545
전라북도 고창군 상하면,상하면,35.444526,126.4952
전라북도 고창군 상하면 송곡리,송곡리,35.4455,126.5169
전라북도 고창군 상하면 검산리,검산리,35.4506,126.4994
전라북도 고창군 상하면 용대리,용대리,35.418,126.4933
전라북도 고창군 상하면 하장리,하장리,35.4339,126.4921
전라북도 고창군 상하면 석남리,석남리,35.437585,126.4714
전라북도 고창군 상하면 자룡리,자룡리,35.43831,126.447113
전라북도 고창군 상하면 용정리,용정리,35.4573,126.4598
전라북도 고창군 상하면 장호리,장호리,35.4687,126.4652
전라북도 고창군 상하면 장산리,장산리,35.4503,126.4803
전라북도 고창군 공음면,공음면,35.3778822,126.5113702
전라북도 고창군 공음면 덕암리,덕암리,35.346815,126.528113
전라북도 고창군 공음면 예전리,예전리,35.3614,126.5364
전라북도 고창군 공음면 군유리,군유리,35.3548,126.5519
전라북도 고창군 공음면 건동리,건동리,35.381599,126.572663
전라북도 고창군 공음면 선동리,선동리,35.376207,126.5514
전라북도 고창군 공음면 용수리,용수리,35.3832,126.5342
전라북도 고창군 공음면 칠암리,칠암리,35.3792,126.515
전라북도 고창군 공음면 장곡리,장곡리,35.3673,126.5021
전라북도 고창군 공음면 석교리,석교리,35.3906122,126.4935542
전라북도 고창군 공음면 구암리,구암리,35.4029,126.5067
전라북도 고창군 공음면 신대리,신대리,35.4029,126.5326
전라북도 고창군 공음면 두암리,두암리,35.4228105,126.5155719
전라북도 고창군 무장면,무장면,35.419226,126.560712
전라북도 고창군 무장면 송계리,송계리,35.4344,126.5344
전라북도 고창군 무장면 도곡리,도곡리,35.4355968,126.5512771
전라북도 고창군 무장면 월림리,월림리,35.4216,126.5476
전라북도 고창군 무장면 만화리,만화리,35.4145,126.5354
전라북도 고창군 무장면 신촌리,신촌리,35.4014,126.5511
전라북도 고창군 무장면 백양리,백양리,35.4036,126.5631
전라북도 고창군 무장면 고라리,고라리,35.4043,126.5761
전라북도 고창군 무장면 옥산리,옥산리,35.3958,126.5927
전라북도 고창군 무장면 덕림리,덕림리,35.3841,126.6119
전라북도 고창군 무장면 목우리,목우리,35.4107,126.6134
전라북도 고창군 무장면 강남리,강남리,35.4182,126.595
전라북도 고창군 무장면 원촌리,원촌리,35.4228,126.5741
전라북도 고창군 무장면 송현리,송현리,35.4414,126.574
전라북도 고창군 무장면 교흥리,교흥리,35.432,126.5669
전라북도 고창군 무장면 성내리,성내리,35.4206,126.5597
전라북도 고창군 무장면 무장리,무장리,35.4136,126.5574
전라북도 고창군 아산면,아산면,35.4398048,126.6347587
전라북도 고창군 아산면 삼인리,삼인리,35.4907,126.5712
전라북도 고창군 아산면 반암리,반암리,35.4934762,126.6117897
전라북도 고창군 아산면 구암리,구암리,35.4796,126.5955
전라북도 고창군 아산면 계산리,계산리,35.467,126.6168
전라북도 고창군 아산면 용계리,용계리,35.479,126.635
전라북도 고창군 아산면 운곡리,운곡리,35.4696655,126.6540651
전라북도 고창군 아산면 학전리,학전리,35.45666,126.594813
전라북도 고창군 아산면 성산리,성산리,35.4476,126.5856
전라북도 고창군 아산면 남산리,남산리,35.4319,126.6032
전라북도 고창군 아산면 주진리,주진리,35.4341,126.6153
전라북도 고창군 아산면 대동리,대동리,35.4423,126.624
전라북도 고창군 아산면 하갑리,하갑리,35.446751,126.632563
전라북도 고창군 아산면 상갑리,상갑리,35.4405,126.6387
전라북도 고창군 아산면 목동리,목동리,35.4229,126.6257
전라북도 고창군 아산면 중월리,중월리,35.4274,126.6409
전라북도 고창군 아산면 봉덕리,봉덕리,35.43691,126.64655
전라북도 고창군 고수면,고수면,35.4099343,126.6785952
전라북도 고창군 고수면 은사리,은사리,35.381,126.7156
전라북도 고창군 고수면 두평리,두평리,35.363457,126.692238
전라북도 고창군 고수면 상평리,상평리,35.3915,126.7
전라북도 고창군 고수면 부곡리,부곡리,35.3959,126.6774
전라북도 고창군 고수면 평지리,평지리,35.3688,126.6739
전라북도 고창군 고수면 초내리,초내리,35.383,126.6662
전라북도 고창군 고수면 장두리,장두리,35.3939,126.6588
전라북도 고창군 고수면 인성리,인성리,35.4042,126.6481
전라북도 고창군 고수면 예지리,예지리,35.4163,126.6443
전라북도 고창군 고수면 남산리,남산리,35.4095,126.6628
전라북도 고창군 고수면 우평리,우평리,35.4246,126.6602
전라북도 고창군 고수면 봉산리,봉산리,35.42,126.6771
전라북도 고창군 고수면 황산리,황산리,35.41,126.6825
전라북도 고창군 고수면 와촌리,와촌리,35.4081,126.6877
전라북도 고창군 고창읍,고창읍,35.4345651,126.7118936
전라북도 고창군 고창읍 성두리,성두리,35.449326,126.703575
전라북도 고창군 고창읍 석교리,석교리,35.4436,126.6949
전라북도 고창군 고창읍 율계리,율계리,35.4466,126.6845
전라북도 고창군 고창읍 덕정리,덕정리,35.4467,126.6741
전라북도 고창군 고창읍 신월리,신월리,35.4572,126.6775
전라북도 고창군 고창읍 죽림리,죽림리,35.4508,126.6579
전라북도 고창군 고창읍 도산리,도산리,35.4362,126.6581
전라북도 고창군 고창읍 주곡리,주곡리,35.43521,126.6735
전라북도 고창군 고창읍 덕산리,덕산리,35.4284,126.6876
전라북도 고창군 고창읍 내동리,내동리,35.4131,126.6953
전라북도 고창군 고창읍 화산리,화산리,35.4079,126.7098
전라북도 고창군 고창읍 노동리,노동리,35.4222,126.7112
전라북도 고창군 고창읍 월산리,월산리,35.4139,126.7325
전라북도 고창군 고창읍 석정리,석정리,35.43131,126.743088
전라북도 고창군 고창읍 월암리,월암리,35.4297,126.7268
전라북도 고창군 고창읍 월곡리,월곡리,35.4379,126.7224
전라북도 고창군 고창읍 교촌리,교촌리,35.4382,126.7044
전라북도 고창군 고창읍 읍내리,읍내리,35.4342,126.6946
전라북도 순창군 구림면,구림면,35.45296,127.102338
전라북도 순창군 구림면 화암리,화암리,35.435801,127.072025
전라북도 순창군 구림면 구곡리,구곡리,35.4291,127.0902
전라북도 순창군 구림면 자양리,자양리,35.4196,127.0595
전라북도 순창군 구림면 월정리,월정리,35.4435,127.0495
전라북도 순창군 구림면 운북리,운북리,35.4718,127.0499
전라북도 순창군 구림면 방화리,방화리,35.4706,127.0812
전라북도 순창군 구림면 금창리,금창리,35.4996,127.0692
전라북도 순창군 구림면 금천리,금천리,35.4711,127.1104
전라북도 순창군 구림면 안정리,안정리,35.4877,127.115
전라북도 순창군 구림면 율북리,율북리,35.4564,127.1294
전라북도 순창군 구림면 성곡리,성곡리,35.4444,127.1232
전라북도 순창군 구림면 구산리,구산리,35.4254,127.1178
전라북도 순창군 구림면 구암리,구암리,35.4381,127.1086
전라북도 순창군 구림면 운남리,운남리,35.4502,127.0877
전라북도 순창군 유등면,유등면,35.361332,127.187463
전라북도 순창군 유등면 무수리,무수리,35.3903,127.208
전라북도 순창군 유등면 유촌리,유촌리,35.3695,127.207
전라북도 순창군 유등면 오교리,오교리,35.379149,127.183638
전라북도 순창군 유등면 외이리,외이리,35.3620786,127.1900114
전라북도 순창군 유등면 건곡리,건곡리,35.3698,127.1706
전라북도 순창군 유등면 창신리,창신리,35.3651,127.1555
전라북도 순창군 적성면,적성면,35.3975237,127.2085625
전라북도 순창군 적성면 석산리,석산리,35.4489,127.1904
전라북도 순창군 적성면 괴정리,괴정리,35.4144,127.2396
전라북도 순창군 적성면 평남리,평남리,35.4302,127.2168
전라북도 순창군 적성면 내월리,내월리,35.41891,127.210763
전라북도 순창군 적성면 고원리,고원리,35.4031,127.2155
전라북도 순창군 적성면 운림리,운림리,35.4013,127.2025
전라북도 순창군 적성면 대산리,대산리,35.4171,127.185
전라북도 순창군 적성면 지북리,지북리,35.4023,127.1895
전라북도 순창군 복흥면,복흥면,35.4321596,126.9297375
전라북도 순창군 복흥면 석보리,석보리,35.4627,126.9867
전라북도 순창군 복흥면 답동리,답동리,35.4403,126.9814
전라북도 순창군 복흥면 하리,하리,35.4546,126.9781
전라북도 순창군 복흥면 상송리,상송리,35.4492,126.961
전라북도 순창군 복흥면 주평리,주평리,35.4275,126.9571
전라북도 순창군 복흥면 산정리,산정리,35.4442,126.9423
전라북도 순창군 복흥면 정산리,정산리,35.4281,126.9321
전라북도 순창군 복흥면 대방리,대방리,35.410365,126.9441
전라북도 순창군 복흥면 어은리,어은리,35.4135,126.9252
전라북도 순창군 복흥면 금월리,금월리,35.4248,126.91
전라북도 순창군 복흥면 지선리,지선리,35.4352,126.9075
전라북도 순창군 복흥면 농암리,농암리,35.4384,126.9209
전라북도 순창군 복흥면 봉덕리,봉덕리,35.4665,126.881
전라북도 순창군 복흥면 반월리,반월리,35.4519,126.911
전라북도 순창군 복흥면 화양리,화양리,35.468735,126.9063
전라북도 순창군 복흥면 동산리,동산리,35.4576,126.9263
전라북도 순창군 복흥면 서마리,서마리,35.472,126.9361
전라북도 순창군 쌍치면,쌍치면,35.500575,127.001363
전라북도 순창군 쌍치면 종곡리,종곡리,35.5119,126.9509
전라북도 순창군 쌍치면 오봉리,오봉리,35.5358,127.0087
전라북도 순창군 쌍치면 금성리,금성리,35.5227,127.0045
전라북도 순창군 쌍치면 용전리,용전리,35.5172,127.0346
전라북도 순창군 쌍치면 운암리,운암리,35.4954,127.0337
전라북도 순창군 쌍치면 양신리,양신리,35.4727,127.0201
전라북도 순창군 쌍치면 전암리,전암리,35.4871,127.0142
전라북도 순창군 쌍치면 쌍계리,쌍계리,35.5039,127.00305
전라북도 순창군 쌍치면 금평리,금평리,35.4958,126.9934
전라북도 순창군 쌍치면 도고리,도고리,35.475985,126.994
전라북도 순창군 쌍치면 학선리,학선리,35.5415,126.9717
전라북도 순창군 쌍치면 종암리,종암리,35.5235,126.9716
전라북도 순창군 쌍치면 옥산리,옥산리,35.5063,126.9725
전라북도 순창군 쌍치면 시산리,시산리,35.4904,126.9747
전라북도 순창군 쌍치면 둔전리,둔전리,35.475801,126.967988
전라북도 순창군 쌍치면 중안리,중안리,35.4859,126.9554
전라북도 순창군 쌍치면 탕곡리,탕곡리,35.4966,126.9517
전라북도 순창군 쌍치면 신성리,신성리,35.499,126.941
전라북도 순창군 쌍치면 방산리,방산리,35.5199,126.9392
전라북도 순창군 팔덕면,팔덕면,35.3915763,127.0970935
전라북도 순창군 팔덕면 덕천리,덕천리,35.3671,127.0969
전라북도 순창군 팔덕면 창덕리,창덕리,35.3715,127.0798
전라북도 순창군 팔덕면 장안리,장안리,35.3836,127.069
전라북도 순창군 팔덕면 산동리,산동리,35.3843,127.0909
전라북도 순창군 팔덕면 서흥리,서흥리,35.394,127.0769
전라북도 순창군 팔덕면 청계리,청계리,35.3999,127.0581
전라북도 순창군 팔덕면 광암리,광암리,35.4053,127.1256
전라북도 순창군 팔덕면 월곡리,월곡리,35.4083,127.1073
전라북도 순창군 팔덕면 용산리,용산리,35.3947,127.0985
전라북도 순창군 팔덕면 구룡리,구룡리,35.3838,127.1089
전라북도 순창군 금과면,금과면,35.3395979,127.0864319
전라북도 순창군 금과면 매우리,매우리,35.3434571,127.0849875
전라북도 순창군 금과면 장장리,장장리,35.3331,127.0595
전라북도 순창군 금과면 고례리,고례리,35.3597,127.0828
전라북도 순창군 금과면 방축리,방축리,35.35,127.0772
전라북도 순창군 금과면 목동리,목동리,35.3224,127.0562
전라북도 순창군 금과면 남계리,남계리,35.3336,127.0761
전라북도 순창군 금과면 방성리,방성리,35.3196,127.0758
전라북도 순창군 금과면 청용리,청용리,35.3131,127.086
전라북도 순창군 금과면 대성리,대성리,35.3154,127.0997
전라북도 순창군 금과면 동전리,동전리,35.331408,127.094075
전라북도 순창군 금과면 내동리,내동리,35.3455,127.0976
전라북도 순창군 금과면 발산리,발산리,35.3396,127.1067
전라북도 순창군 금과면 수양리,수양리,35.3302,127.1105
전라북도 순창군 풍산면,풍산면,35.3367676,127.1385192
전라북도 순창군 풍산면 죽곡리,죽곡리,35.3467,127.1195
전라북도 순창군 풍산면 용내리,용내리,35.339849,127.148513
전라북도 순창군 풍산면 상촌리,상촌리,35.352,127.1615
전라북도 순창군 풍산면 두승리,두승리,35.356,127.1773
전라북도 순창군 풍산면 대가리,대가리,35.3441,127.1796
전라북도 순창군 풍산면 한내리,한내리,35.339,127.1629
전라북도 순창군 풍산면 우곡리,우곡리,35.3302,127.1579
전라북도 순창군 풍산면 죽전리,죽전리,35.3258,127.1465
전라북도 순창군 풍산면 금곡리,금곡리,35.3197,127.1401
전라북도 순창군 풍산면 삼촌리,삼촌리,35.3123,127.1158
전라북도 순창군 풍산면 유정리,유정리,35.3238,127.1234
전라북도 순창군 풍산면 반월리,반월리,35.336299,127.1307
전라북도 순창군 동계면,동계면,35.4413232,127.2427201
전라북도 순창군 동계면 수장리,수장리,35.434876,127.269713
전라북도 순창군 동계면 내령리,내령리,35.4418,127.2822
전라북도 순창군 동계면 주월리,주월리,35.4585,127.2751
전라북도 순창군 동계면 수정리,수정리,35.4617,127.2984
전라북도 순창군 동계면 이동리,이동리,35.4737,127.2627
전라북도 순창군 동계면 유산리,유산리,35.4729,127.2448
전라북도 순창군 동계면 신흥리,신흥리,35.458,127.253
전라북도 순창군 동계면 관전리,관전리,35.4511,127.2411
전라북도 순창군 동계면 동심리,동심리,35.4598,127.2286
전라북도 순창군 동계면 구미리,구미리,35.4458,127.2148
전라북도 순창군 동계면 어치리,어치리,35.4757,127.2041
전라북도 순창군 동계면 서호리,서호리,35.4305,127.2402
전라북도 순창군 동계면 현포리,현포리,35.4372,127.2526
전라북도 순창군 인계면,인계면,35.411915,127.141275
전라북도 순창군 인계면 노동리,노동리,35.3897,127.1605
전라북도 순창군 인계면 지산리,지산리,35.3943,127.1748
전라북도 순창군 인계면 중산리,중산리,35.4061,127.1743
전라북도 순창군 인계면 가성리,가성리,35.4132,127.1644
전라북도 순창군 인계면 마흘리,마흘리,35.4258,127.1665
전라북도 순창군 인계면 세룡리,세룡리,35.436826,127.1825
전라북도 순창군 인계면 심초리,심초리,35.449,127.1608
전라북도 순창군 인계면 탑리,탑리,35.4521,127.1453
전라북도 순창군 인계면 쌍암리,쌍암리,35.4388,127.1448
전라북도 순창군 인계면 도룡리,도룡리,35.4214,127.139
전라북도 순창군 인계면 갑동리,갑동리,35.405,127.148
전라북도 순창군 순창읍,순창읍,35.3769901,127.1470258
전라북도 순창군 순창읍 신남리,신남리,35.3487,127.1438
전라북도 순창군 순창읍 가남리,가남리,35.3610297,127.1398757
전라북도 순창군 순창읍 교성리,교성리,35.3654,127.1283
전라북도 순창군 순창읍 백산리,백산리,35.3702736,127.1130375
전라북도 순창군 순창읍 복실리,복실리,35.3923,127.1372
전라북도 순창군 순창읍 장덕리,장덕리,35.3871,127.1497
전라북도 순창군 순창읍 남계리,남계리,35.3737,127.1492
전라북도 순창군 순창읍 순화리,순화리,35.3836,127.1312
전라북도 임실군 지사면,지사면,35.5640014,127.3576028
전라북도 임실군 지사면 계산리,계산리,35.5633,127.3402
전라북도 임실군 지사면 방계리,방계리,35.5614,127.3548
전라북도 임실군 지사면 영천리,영천리,35.5769,127.3715
전라북도 임실군 지사면 금평리,금평리,35.5776902,127.3463651
전라북도 임실군 지사면 안하리,안하리,35.585106,127.351252
전라북도 임실군 지사면 원산리,원산리,35.5858477,127.3610385
전라북도 임실군 지사면 관기리,관기리,35.5983,127.3638
전라북도 임실군 덕치면,덕치면,35.5101146,127.1571878
전라북도 임실군 덕치면 회문리,회문리,35.5129,127.1502
전라북도 임실군 덕치면 물우리,물우리,35.4961,127.1674
전라북도 임실군 덕치면 일중리,일중리,35.4907,127.1418
전라북도 임실군 덕치면 장암리,장암리,35.4769,127.1547
전라북도 임실군 덕치면 천담리,천담리,35.479301,127.178038
전라북도 임실군 덕치면 가곡리,가곡리,35.5007,127.1968
전라북도 임실군 덕치면 사곡리,사곡리,35.5143,127.1848
전라북도 임실군 덕치면 두지리,두지리,35.524,127.2016
전라북도 임실군 강진면,강진면,35.5303628,127.1635193
전라북도 임실군 강진면 방현리,방현리,35.566958,127.1573
전라북도 임실군 강진면 학석리,학석리,35.5647,127.13
전라북도 임실군 강진면 필봉리,필봉리,35.5424,127.1423
전라북도 임실군 강진면 문방리,문방리,35.5551,127.1122
전라북도 임실군 강진면 옥정리,옥정리,35.5506,127.0973
전라북도 임실군 강진면 용수리,용수리,35.5245,127.1168
전라북도 임실군 강진면 회진리,회진리,35.5278,127.1453
전라북도 임실군 강진면 갈담리,갈담리,35.535725,127.163388
전라북도 임실군 강진면 부흥리,부흥리,35.5405,127.1746
전라북도 임실군 강진면 백련리,백련리,35.5599,127.183
전라북도 임실군 관촌면,관촌면,35.6738595,127.2707697
전라북도 임실군 관촌면 운수리,운수리,35.6578,127.3343
전라북도 임실군 관촌면 복흥리,복흥리,35.6691,127.3131
전라북도 임실군 관촌면 방수리,방수리,35.7049,127.2824
전라북도 임실군 관촌면 회봉리,회봉리,35.7452,127.2745
전라북도 임실군 관촌면 상월리,상월리,35.7493,127.2577
전라북도 임실군 관촌면 신전리,신전리,35.7143,127.2638
전라북도 임실군 관촌면 방현리,방현리,35.68905,127.2721911
전라북도 임실군 관촌면 슬치리,슬치리,35.688086,127.259108
전라북도 임실군 관촌면 관촌리,관촌리,35.6761,127.2619
전라북도 임실군 관촌면 덕천리,덕천리,35.679,127.2826
전라북도 임실군 관촌면 병암리,병암리,35.6581,127.2816
전라북도 임실군 관촌면 도봉리,도봉리,35.6583783,127.2982282
전라북도 임실군 관촌면 용산리,용산리,35.6476,127.2838
전라북도 임실군 삼계면,삼계면,35.5076618,127.2743793
전라북도 임실군 삼계면 어은리,어은리,35.5312,127.3085
전라북도 임실군 삼계면 삼은리,삼은리,35.5144313,127.2996587
전라북도 임실군 삼계면 뇌천리,뇌천리,35.5026,127.2917
전라북도 임실군 삼계면 두월리,두월리,35.5193,127.2898
전라북도 임실군 삼계면 덕계리,덕계리,35.5256,127.2744
전라북도 임실군 삼계면 오지리,오지리,35.535,127.2854
전라북도 임실군 삼계면 삼계리,삼계리,35.5101,127.2713
전라북도 임실군 삼계면 산수리,산수리,35.487,127.2897
전라북도 임실군 삼계면 홍곡리,홍곡리,35.5021,127.2635
전라북도 임실군 삼계면 죽계리,죽계리,35.5185,127.2412
전라북도 임실군 삼계면 학정리,학정리,35.501683,127.223
전라북도 임실군 삼계면 세심리,세심리,35.4944,127.2423
전라북도 임실군 삼계면 봉현리,봉현리,35.4919,127.2569
전라북도 임실군 삼계면 후천리,후천리,35.4811,127.2665
전라북도 임실군 신덕면,신덕면,35.6840217,127.1783313
전라북도 임실군 신덕면 오궁리,오궁리,35.6924,127.2304
전라북도 임실군 신덕면 금정리,금정리,35.6679,127.2032
전라북도 임실군 신덕면 지장리,지장리,35.695876,127.2020657
전라북도 임실군 신덕면 월성리,월성리,35.7166,127.192
전라북도 임실군 신덕면 조월리,조월리,35.7222,127.1685
전라북도 임실군 신덕면 신덕리,신덕리,35.708518,127.148988
전라북도 임실군 신덕면 신흥리,신흥리,35.684368,127.158863
전라북도 임실군 신덕면 삼길리,삼길리,35.6734,127.1422
전라북도 임실군 신덕면 수천리,수천리,35.68,127.1834
전라북도 임실군 오수면,오수면,35.5413595,127.3268828
전라북도 임실군 오수면 금암리,금암리,35.5369,127.3409
전라북도 임실군 오수면 군평리,군평리,35.5743,127.3242
전라북도 임실군 오수면 봉천리,봉천리,35.5812891,127.3070438
전라북도 임실군 오수면 오암리,오암리,35.5646577,127.2940954
전라북도 임실군 오수면 주천리,주천리,35.5484,127.2914
전라북도 임실군 오수면 오산리,오산리,35.5454522,127.3060448
전라북도 임실군 오수면 대명리,대명리,35.55,127.323
전라북도 임실군 오수면 대정리,대정리,35.5101,127.3441
전라북도 임실군 오수면 둔기리,둔기리,35.5054,127.3343
전라북도 임실군 오수면 용두리,용두리,35.4981,127.3406
전라북도 임실군 오수면 둔덕리,둔덕리,35.4989,127.3152
전라북도 임실군 오수면 신기리,신기리,35.5121153,127.3205693
전라북도 임실군 오수면 용정리,용정리,35.5209227,127.3365676
전라북도 임실군 오수면 오수리,오수리,35.5357,127.3276
전라북도 임실군 성수면,성수면,35.6299345,127.3331435
전라북도 임실군 성수면 오류리,오류리,35.5986,127.3148
전라북도 임실군 성수면 봉강리,봉강리,35.5965463,127.3331284
전라북도 임실군 성수면 월평리,월평리,35.618157,127.319913
전라북도 임실군 성수면 삼청리,삼청리,35.6128,127.3483
전라북도 임실군 성수면 오봉리,오봉리,35.6193821,127.356475
전라북도 임실군 성수면 왕방리,왕방리,35.6243,127.3974
전라북도 임실군 성수면 성수리,성수리,35.6410851,127.3967087
전라북도 임실군 성수면 태평리,태평리,35.6529586,127.3745605
전라북도 임실군 성수면 삼봉리,삼봉리,35.6458987,127.34355
전라북도 임실군 성수면 양지리,양지리,35.6312,127.3324
전라북도 임실군 성수면 도인리,도인리,35.6400089,127.3225783
전라북도 임실군 신평면,신평면,35.6571265,127.2239622
전라북도 임실군 신평면 용암리,용암리,35.6401,127.2006
전라북도 임실군 신평면 덕암리,덕암리,35.6274,127.2181
전라북도 임실군 신평면 가덕리,가덕리,35.6419,127.2319
전라북도 임실군 신평면 원천리,원천리,35.662899,127.221325
전라북도 임실군 신평면 호암리,호암리,35.6588309,127.2508471
전라북도 임실군 신평면 대리,대리,35.6610727,127.2670205
전라북도 임실군 신평면 창인리,창인리,35.6413577,127.2603216
전라북도 임실군 운암면,운암면,35.6605618,127.1606007
전라북도 임실군 운암면 운정리,운정리,35.5764,127.1012
전라북도 임실군 운암면 금기리,금기리,35.5753,127.123
전라북도 임실군 운암면 운암리,운암리,35.5924,127.1217
전라북도 임실군 운암면 운종리,운종리,35.6086,127.1176
전라북도 임실군 운암면 마암리,마암리,35.6184,127.1
전라북도 임실군 운암면 청운리,청운리,35.603574,127.146388
전라북도 임실군 운암면 용운리,용운리,35.622299,127.141113
전라북도 임실군 운암면 입석리,입석리,35.6351,127.1541
전라북도 임실군 운암면 쌍암리,쌍암리,35.6598,127.1686
전라북도 임실군 운암면 사양리,사양리,35.6445,127.173
전라북도 임실군 운암면 지천리,지천리,35.619299,127.163513
전라북도 임실군 운암면 월면리,월면리,35.6296,127.1846
전라북도 임실군 운암면 선거리,선거리,35.602899,127.174438
전라북도 임실군 운암면 학암리,학암리,35.6083,127.2074
전라북도 임실군 청웅면,청웅면,35.5697975,127.2012401
전라북도 임실군 청웅면 옥석리,옥석리,35.5356,127.2088
전라북도 임실군 청웅면 남산리,남산리,35.5539,127.2108
전라북도 임실군 청웅면 청계리,청계리,35.5581,127.234
전라북도 임실군 청웅면 석두리,석두리,35.5661,127.2146
전라북도 임실군 청웅면 옥전리,옥전리,35.5806,127.2259
전라북도 임실군 청웅면 향교리,향교리,35.5894,127.2104
전라북도 임실군 청웅면 구고리,구고리,35.5813,127.1939
전라북도 임실군 청웅면 두복리,두복리,35.5797,127.1767
전라북도 임실군 임실읍,임실읍,35.6135005,127.2792647
전라북도 임실군 임실읍 망전리,망전리,35.5486,127.2725
전라북도 임실군 임실읍 신정리,신정리,35.5371,127.2606
전라북도 임실군 임실읍 금성리,금성리,35.6421,127.3007
전라북도 임실군 임실읍 현곡리,현곡리,35.6183429,127.252473
전라북도 임실군 임실읍 신안리,신안리,35.6004,127.2411
전라북도 임실군 임실읍 장재리,장재리,35.5896,127.2391
전라북도 임실군 임실읍 두만리,두만리,35.5817,127.2509
전라북도 임실군 임실읍 이인리,이인리,35.5506,127.25085
전라북도 임실군 임실읍 정월리,정월리,35.5801,127.27075
전라북도 임실군 임실읍 대곡리,대곡리,35.5920125,127.2877328
전라북도 임실군 임실읍 감성리,감성리,35.6046,127.3016
전라북도 임실군 임실읍 갈마리,갈마리,35.6207601,127.2957063
전라북도 임실군 임실읍 두곡리,두곡리,35.6311,127.2795
전라북도 임실군 임실읍 오정리,오정리,35.600899,127.268338
전라북도 임실군 임실읍 이도리,이도리,35.6180129,127.2802984
전라북도 임실군 임실읍 성가리,성가리,35.6083,127.2741
전라북도 장수군 계북면,계북면,35.785504,127.612497
전라북도 장수군 계북면 양악리,양악리,35.8112344,127.6396312
전라북도 장수군 계북면 원촌리,원촌리,35.8122671,127.6160084
전라북도 장수군 계북면 임평리,임평리,35.8044,127.6029
전라북도 장수군 계북면 어전리,어전리,35.7832,127.6295
전라북도 장수군 계북면 농소리,농소리,35.7765637,127.6201715
전라북도 장수군 계북면 매계리,매계리,35.7683,127.599
전라북도 장수군 계북면 월현리,월현리,35.7781,127.587
전라북도 장수군 계남면,계남면,35.70296,127.577713
전라북도 장수군 계남면 장안리,장안리,35.6518,127.5926
전라북도 장수군 계남면 궁양리,궁양리,35.6795003,127.6036975
전라북도 장수군 계남면 가곡리,가곡리,35.6697,127.5794
전라북도 장수군 계남면 화음리,화음리,35.7005,127.5916
전라북도 장수군 계남면 호덕리,호덕리,35.71294,127.5914232
전라북도 장수군 계남면 신전리,신전리,35.6877495,127.5536426
전라북도 장수군 계남면 화양리,화양리,35.7098217,127.5628412
전라북도 장수군 계남면 침곡리,침곡리,35.7316,127.5667
전라북도 장수군 천천면,천천면,35.733468,127.532325
전라북도 장수군 천천면 비룡리,비룡리,35.6914,127.4825
전라북도 장수군 천천면 연평리,연평리,35.7910269,127.5360916
전라북도 장수군 천천면 오봉리,오봉리,35.7889,127.5633
전라북도 장수군 천천면 용광리,용광리,35.7590978,127.5280432
전라북도 장수군 천천면 춘송리,춘송리,35.7427917,127.5300184
전라북도 장수군 천천면 봉덕리,봉덕리,35.7315,127.5265
전라북도 장수군 천천면 삼고리,삼고리,35.7223,127.5115
전라북도 장수군 천천면 남양리,남양리,35.7114704,127.5012845
전라북도 장수군 천천면 월곡리,월곡리,35.697,127.5275
전라북도 장수군 천천면 장판리,장판리,35.6812,127.5088
전라북도 장수군 장계면,장계면,35.731926,127.588888
전라북도 장수군 장계면 대곡리,대곡리,35.6726,127.6257
전라북도 장수군 장계면 오동리,오동리,35.7094563,127.6324471
전라북도 장수군 장계면 명덕리,명덕리,35.7397,127.6411
전라북도 장수군 장계면 삼봉리,삼봉리,35.7245872,127.6119986
전라북도 장수군 장계면 월강리,월강리,35.7322112,127.6089112
전라북도 장수군 장계면 송천리,송천리,35.7378,127.5935
전라북도 장수군 장계면 금덕리,금덕리,35.7480672,127.6022739
전라북도 장수군 장계면 무농리,무농리,35.7511,127.5787
전라북도 장수군 장계면 금곡리,금곡리,35.7612,127.5663
전라북도 장수군 장계면 장계리,장계리,35.7357185,127.5810138
전라북도 장수군 번암면,번암면,35.532008,127.54385
전라북도 장수군 번암면 유정리,유정리,35.486001,127.544513
전라북도 장수군 번암면 대론리,대론리,35.5072445,127.5267124
전라북도 장수군 번암면 논곡리,논곡리,35.5146274,127.5589717
전라북도 장수군 번암면 노단리,노단리,35.5279584,127.5255995
전라북도 장수군 번암면 죽림리,죽림리,35.5505,127.5404
전라북도 장수군 번암면 동화리,동화리,35.5753,127.554425
전라북도 장수군 번암면 지지리,지지리,35.6004088,127.5959909
전라북도 장수군 번암면 사암리,사암리,35.5761,127.5228
전라북도 장수군 번암면 죽산리,죽산리,35.5362,127.5108
전라북도 장수군 번암면 국포리,국포리,35.5497,127.4772
전라북도 장수군 번암면 교동리,교동리,35.5698,127.4933
전라북도 장수군 산서면,산서면,35.5840402,127.3962852
전라북도 장수군 산서면 동화리,동화리,35.5951,127.3957
전라북도 장수군 산서면 학선리,학선리,35.6059882,127.398672
전라북도 장수군 산서면 백운리,백운리,35.6089384,127.4236945
전라북도 장수군 산서면 마하리,마하리,35.5874404,127.4286571
전라북도 장수군 산서면 건지리,건지리,35.5795001,127.4118674
전라북도 장수군 산서면 오산리,오산리,35.5938889,127.3766369
전라북도 장수군 산서면 신창리,신창리,35.578,127.3862
전라북도 장수군 산서면 이룡리,이룡리,35.5767,127.4007
전라북도 장수군 산서면 사상리,사상리,35.564175,127.3727
전라북도 장수군 산서면 하월리,하월리,35.5640595,127.3903113
전라북도 장수군 산서면 봉서리,봉서리,35.5513527,127.3792252
전라북도 장수군 산서면 사계리,사계리,35.5602,127.4177
전라북도 장수군 산서면 쌍계리,쌍계리,35.566,127.4291
전라북도 장수군 산서면 오성리,오성리,35.5764504,127.4399688
전라북도 장수군 장수읍,장수읍,35.6542752,127.5196399
전라북도 장수군 장수읍 식천리,식천리,35.5764,127.47055
전라북도 장수군 장수읍 대성리,대성리,35.5994,127.4555
전라북도 장수군 장수읍 용계리,용계리,35.6114,127.4855
전라북도 장수군 장수읍 송천리,송천리,35.6399,127.4905
전라북도 장수군 장수읍 수분리,수분리,35.5915746,127.5010252
전라북도 장수군 장수읍 개정리,개정리,35.618,127.5211
전라북도 장수군 장수읍 두산리,두산리,35.6333,127.5229
전라북도 장수군 장수읍 덕산리,덕산리,35.6228,127.5653
전라북도 장수군 장수읍 동촌리,동촌리,35.6469202,127.5318708
전라북도 장수군 장수읍 노곡리,노곡리,35.6534,127.5496
전라북도 장수군 장수읍 선창리,선창리,35.669718,127.534563
전라북도 장수군 장수읍 노하리,노하리,35.6618269,127.5100849
전라북도 장수군 장수읍 장수리,장수리,35.6504947,127.5187719
전라북도 무주군 부남면,부남면,35.9738418,127.5587016
전라북도 무주군 부남면 가당리,가당리,36.021608,127.564763
전라북도 무주군 부남면 굴암리,굴암리,35.9884,127.5822
전라북도 무주군 부남면 장안리,장안리,35.9057,127.5922
전라북도 무주군 부남면 고창리,고창리,35.9377,127.5709
전라북도 무주군 부남면 대소리,대소리,35.9658,127.5623
전라북도 무주군 부남면 대유리,대유리,35.9942,127.5562
전라북도 무주군 안성면,안성면,35.8634487,127.6530875
전라북도 무주군 안성면 진도리,진도리,35.868607,127.6196
전라북도 무주군 안성면 사전리,사전리,35.8743,127.6661
전라북도 무주군 안성면 금평리,금평리,35.8785,127.6991
전라북도 무주군 안성면 덕산리,덕산리,35.8633063,127.7072361
전라북도 무주군 안성면 공정리,공정리,35.8399357,127.70516
전라북도 무주군 안성면 죽천리,죽천리,35.8191,127.6864
전라북도 무주군 안성면 공진리,공진리,35.8293,127.6389
전라북도 무주군 안성면 장기리,장기리,35.856799,127.653612
전라북도 무주군 적상면,적상면,35.945578,127.6593746
전라북도 무주군 적상면 괴목리,괴목리,35.9164,127.7213
전라북도 무주군 적상면 포내리,포내리,35.959351,127.721775
전라북도 무주군 적상면 북창리,북창리,35.9718,127.6982
전라북도 무주군 적상면 방이리,방이리,35.9505,127.6143
전라북도 무주군 적상면 삼유리,삼유리,35.9102,127.6159
전라북도 무주군 적상면 삼가리,삼가리,35.9097,127.65
전라북도 무주군 적상면 사천리,사천리,35.9567,127.67
전라북도 무주군 적상면 사산리,사산리,35.9144,127.6848
전라북도 무주군 설천면,설천면,36.0082038,127.7897128
전라북도 무주군 설천면 삼공리,삼공리,35.8833,127.7778
전라북도 무주군 설천면 심곡리,심곡리,35.9032,127.7525
전라북도 무주군 설천면 두길리,두길리,35.9618,127.778
전라북도 무주군 설천면 장덕리,장덕리,35.9878,127.8217
전라북도 무주군 설천면 미천리,미천리,36.0069,127.8603
전라북도 무주군 설천면 대불리,대불리,36.02,127.8407
전라북도 무주군 설천면 소천리,소천리,36.0075,127.7982
전라북도 무주군 설천면 청량리,청량리,36.0025,127.7577
전라북도 무주군 설천면 길산리,길산리,36.0236,127.7448
전라북도 무주군 설천면 기곡리,기곡리,36.0086,127.7227
전라북도 무주군 무풍면,무풍면,35.9699606,127.8445577
전라북도 무주군 무풍면 삼거리,삼거리,35.8894,127.8238
전라북도 무주군 무풍면 덕지리,덕지리,35.9086,127.85
전라북도 무주군 무풍면 은산리,은산리,35.933401,127.829813
전라북도 무주군 무풍면 증산리,증산리,35.9376,127.8525
전라북도 무주군 무풍면 철목리,철목리,35.9593,127.8301
전라북도 무주군 무풍면 지성리,지성리,35.9466,127.8665
전라북도 무주군 무풍면 금평리,금평리,35.9623,127.8848
전라북도 무주군 무풍면 현내리,현내리,35.978,127.8478
전라북도 무주군 무주읍,무주읍,36.0087917,127.6622375
전라북도 무주군 무주읍 가옥리,가옥리,35.9737,127.6468
전라북도 무주군 무주읍 용포리,용포리,35.9883,127.6215
전라북도 무주군 무주읍 대차리,대차리,36.011175,127.630275
전라북도 무주군 무주읍 내도리,내도리,36.0428,127.63925
전라북도 무주군 무주읍 장백리,장백리,36.0275,127.7086
전라북도 무주군 무주읍 오산리,오산리,36.0341,127.6776
전라북도 무주군 무주읍 당산리,당산리,35.9898,127.6681
전라북도 무주군 무주읍 읍내리,읍내리,36.0144,127.6551
전라북도 진안군 주천면,주천면,35.9753301,127.4254638
전라북도 진안군 주천면 무릉리,무릉리,36.004583,127.380825
전라북도 진안군 주천면 용덕리,용덕리,36.007,127.4224
전라북도 진안군 주천면 신양리,신양리,35.9738,127.4415
전라북도 진안군 주천면 운봉리,운봉리,35.933601,127.422763
전라북도 진안군 주천면 대불리,대불리,35.9544,127.3748
전라북도 진안군 주천면 주양리,주양리,35.9707,127.4179
전라북도 진안군 정천면,정천면,35.87319,127.4286
전라북도 진안군 정천면 월평리,월평리,35.8527,127.4476
전라북도 진안군 정천면 망화리,망화리,35.9072,127.5107
전라북도 진안군 정천면 모정리,모정리,35.9009,127.4744
전라북도 진안군 정천면 갈용리,갈용리,35.9013627,127.4271533
전라북도 진안군 정천면 봉학리,봉학리,35.8947,127.3853
전라북도 진안군 부귀면,부귀면,35.837327,127.3603802
전라북도 진안군 부귀면 봉암리,봉암리,35.8509,127.3392
전라북도 진안군 부귀면 궁항리,궁항리,35.8844,127.3405
전라북도 진안군 부귀면 황금리,황금리,35.8813,127.3697
전라북도 진안군 부귀면 두남리,두남리,35.8394,127.4156
전라북도 진안군 부귀면 수항리,수항리,35.8393,127.3902
전라북도 진안군 부귀면 신정리,신정리,35.7947,127.3456
전라북도 진안군 부귀면 세동리,세동리,35.8087,127.3153
전라북도 진안군 부귀면 오룡리,오룡리,35.819,127.346
전라북도 진안군 부귀면 거석리,거석리,35.8345,127.3647
전라북도 진안군 마령면,마령면,35.7345267,127.3707454
전라북도 진안군 마령면 강정리,강정리,35.7451,127.3559
전라북도 진안군 마령면 덕천리,덕천리,35.767,127.336
전라북도 진안군 마령면 계서리,계서리,35.7189,127.3647
전라북도 진안군 마령면 동촌리,동촌리,35.7462,127.3889
전라북도 진안군 마령면 평지리,평지리,35.7315,127.3736
전라북도 진안군 성수면,성수면,35.7085688,127.323311
전라북도 진안군 성수면 중길리,중길리,35.7714,127.288
전라북도 진안군 성수면 좌포리,좌포리,35.745,127.3146
전라북도 진안군 성수면 도통리,도통리,35.7153,127.3457
전라북도 진안군 성수면 용포리,용포리,35.7368,127.2895
전라북도 진안군 성수면 구신리,구신리,35.6764,127.3568
전라북도 진안군 성수면 신기리,신기리,35.6754,127.3309
전라북도 진안군 성수면 좌산리,좌산리,35.6909,127.3213
전라북도 진안군 성수면 외궁리,외궁리,35.7078,127.334
전라북도 진안군 백운면,백운면,35.6894088,127.396086
전라북도 진안군 백운면 운교리,운교리,35.7031,127.4024
전라북도 진안군 백운면 노촌리,노촌리,35.7118,127.4465
전라북도 진안군 백운면 백암리,백암리,35.6803,127.4375
전라북도 진안군 백운면 신암리,신암리,35.6452,127.4501
전라북도 진안군 백운면 반송리,반송리,35.6575,127.4072
전라북도 진안군 백운면 남계리,남계리,35.6648,127.3851
전라북도 진안군 백운면 덕현리,덕현리,35.7102,127.3904
전라북도 진안군 백운면 평장리,평장리,35.718293,127.4038
전라북도 진안군 백운면 동창리,동창리,35.6799,127.3974
전라북도 진안군 상전면,상전면,35.8229847,127.4871456
전라북도 진안군 상전면 용평리,용평리,35.888999,127.495563
전라북도 진안군 상전면 구룡리,구룡리,35.884,127.5202
전라북도 진안군 상전면 월포리,월포리,35.8622,127.5004
전라북도 진안군 상전면 수동리,수동리,35.8361,127.5052
전라북도 진안군 상전면 주평리,주평리,35.8106,127.4885
전라북도 진안군 상전면 갈현리,갈현리,35.8221,127.4732
전라북도 진안군 동향면,동향면,35.8381641,127.5679225
전라북도 진안군 동향면 성산리,성산리,35.8236,127.541
전라북도 진안군 동향면 신송리,신송리,35.8118,127.5803
전라북도 진안군 동향면 자산리,자산리,35.8504,127.5517
전라북도 진안군 동향면 능금리,능금리,35.854724,127.5858
전라북도 진안군 동향면 학선리,학선리,35.8417,127.6092
전라북도 진안군 동향면 대량리,대량리,35.840957,127.569313
전라북도 진안군 안천면,안천면,35.8972373,127.5528863
전라북도 진안군 안천면 삼락리,삼락리,35.9252,127.5336
전라북도 진안군 안천면 신괴리,신괴리,35.8743,127.5418
전라북도 진안군 안천면 백화리,백화리,35.9061,127.5624
전라북도 진안군 안천면 노성리,노성리,35.8873,127.5624
전라북도 진안군 용담면,용담면,35.9666429,127.5200125
전라북도 진안군 용담면 와룡리,와룡리,35.9654,127.462
전라북도 진안군 용담면 송풍리,송풍리,35.9652,127.5152
전라북도 진안군 용담면 월계리,월계리,35.9286,127.5101
전라북도 진안군 용담면 호계리,호계리,35.9254,127.4673
전라북도 진안군 용담면 수천리,수천리,35.9405,127.4799
전라북도 진안군 용담면 옥거리,옥거리,35.9614,127.482
전라북도 진안군 진안읍,진안읍,35.78932,127.4232326
전라북도 진안군 진안읍 운산리,운산리,35.8165,127.4412
전라북도 진안군 진안읍 연장리,연장리,35.7721,127.3836
전라북도 진안군 진안읍 정곡리,정곡리,35.792,127.3889
전라북도 진안군 진안읍 가막리,가막리,35.8027,127.508
전라북도 진안군 진안읍 구룡리,구룡리,35.7764,127.4478
전라북도 진안군 진안읍 물곡리,물곡리,35.781208,127.474738
전라북도 진안군 진안읍 오천리,오천리,35.761,127.5064
전라북도 진안군 진안읍 죽산리,죽산리,35.75,127.4851
전라북도 진안군 진안읍 반월리,반월리,35.7529,127.4542
전라북도 진안군 진안읍 가림리,가림리,35.742701,127.430888
전라북도 진안군 진안읍 단양리,단양리,35.7733782,127.4203848
전라북도 진안군 진안읍 군하리,군하리,35.7859,127.4186
전라북도 진안군 진안읍 군상리,군상리,35.8028,127.4136
전라북도 완주군 경천면,경천면,36.0226002,127.2526253
전라북도 완주군 경천면 경천리,경천리,36.0166,127.2636
전라북도 완주군 경천면 가천리,가천리,36.0467,127.2921
전라북도 완주군 경천면 용복리,용복리,36.0563,127.2503
전라북도 완주군 동상면,동상면,35.936885,127.29675
전라북도 완주군 동상면 대아리,대아리,35.9822,127.3055
전라북도 완주군 동상면 수만리,수만리,35.9192,127.2664
전라북도 완주군 동상면 사봉리,사봉리,35.8951,127.3136
전라북도 완주군 동상면 신월리,신월리,35.9426,127.3163
전라북도 완주군 화산면,화산면,36.0356894,127.2034799
전라북도 완주군 화산면 운제리,운제리,36.0307,127.2229
전라북도 완주군 화산면 성북리,성북리,36.0381,127.2395
전라북도 완주군 화산면 승치리,승치리,36.0749,127.2152
전라북도 완주군 화산면 종리,종리,36.01,127.2347
전라북도 완주군 화산면 와룡리,와룡리,36.0115,127.2132
전라북도 완주군 화산면 운산리,운산리,36.0723,127.149
전라북도 완주군 화산면 우월리,우월리,36.0557,127.1642
전라북도 완주군 화산면 운곡리,운곡리,36.0651,127.1821
전라북도 완주군 화산면 춘산리,춘산리,36.0683,127.1956
전라북도 완주군 화산면 화월리,화월리,36.0276,127.193
전라북도 완주군 화산면 화평리,화평리,36.0401,127.2063
전라북도 완주군 운주면,운주면,36.0878038,127.2802183
전라북도 완주군 운주면 금당리,금당리,36.0514,127.3213
전라북도 완주군 운주면 고당리,고당리,36.0328,127.3577
전라북도 완주군 운주면 구제리,구제리,36.0793,127.2413
전라북도 완주군 운주면 산북리,산북리,36.1075901,127.3247903
전라북도 완주군 운주면 완창리,완창리,36.1063,127.2807
전라북도 완주군 운주면 장선리,장선리,36.086,127.2741
전라북도 완주군 비봉면,비봉면,35.9959213,127.1400668
전라북도 완주군 비봉면 수선리,수선리,36.0189,127.1774
전라북도 완주군 비봉면 이전리,이전리,36.0049,127.1961
전라북도 완주군 비봉면 백도리,백도리,36.0059,127.1666
전라북도 완주군 비봉면 대치리,대치리,36.0413,127.1535
전라북도 완주군 비봉면 내월리,내월리,36.0207,127.1354
전라북도 완주군 비봉면 소농리,소농리,35.9966,127.1426
전라북도 완주군 비봉면 봉산리,봉산리,35.9772,127.154
전라북도 완주군 고산면,고산면,35.9765349,127.2052543
전라북도 완주군 고산면 소향리,소향리,35.9873,127.2541
전라북도 완주군 고산면 삼기리,삼기리,35.9906,127.2266
전라북도 완주군 고산면 오산리,오산리,35.976342,127.2304657
전라북도 완주군 고산면 성재리,성재리,35.9534,127.2183
전라북도 완주군 고산면 양야리,양야리,35.9382,127.2086
전라북도 완주군 고산면 화정리,화정리,35.942,127.1971
전라북도 완주군 고산면 남봉리,남봉리,35.9645,127.1924
전라북도 완주군 고산면 어우리,어우리,35.9647,127.1802
전라북도 완주군 고산면 율곡리,율곡리,35.9813,127.1841
전라북도 완주군 고산면 서봉리,서봉리,35.9877,127.2015
전라북도 완주군 고산면 읍내리,읍내리,35.9766109,127.2099421
전라북도 완주군 구이면,구이면,35.7319013,127.1207375
전라북도 완주군 구이면 안덕리,안덕리,35.6974,127.0834
전라북도 완주군 구이면 백여리,백여리,35.6444,127.1107
전라북도 완주군 구이면 계곡리,계곡리,35.6805,127.1122
전라북도 완주군 구이면 항가리,항가리,35.712,127.1192
전라북도 완주군 구이면 원기리,원기리,35.7279,127.0985
전라북도 완주군 구이면 두현리,두현리,35.7433,127.1115
전라북도 완주군 구이면 덕천리,덕천리,35.7401,127.1366
전라북도 완주군 구이면 광곡리,광곡리,35.7501,127.1759
전라북도 완주군 구이면 평촌리,평촌리,35.761,127.1569
전라북도 완주군 소양면,소양면,35.853978,127.2260343
전라북도 완주군 소양면 신촌리,신촌리,35.8123,127.2829
전라북도 완주군 소양면 신원리,신원리,35.8538,127.2994
전라북도 완주군 소양면 화심리,화심리,35.8356,127.2699
전라북도 완주군 소양면 해월리,해월리,35.867,127.2677
전라북도 완주군 소양면 대흥리,대흥리,35.8985,127.2423
전라북도 완주군 소양면 황운리,황운리,35.8531,127.2356
전라북도 완주군 소양면 죽절리,죽절리,35.8748,127.2327
전라북도 완주군 소양면 명덕리,명덕리,35.8784,127.214
전라북도 완주군 소양면 신교리,신교리,35.8384,127.222
전라북도 완주군 이서면,이서면,35.8207022,127.0225742
전라북도 완주군 이서면 금계리,금계리,35.8578,127.0117
전라북도 완주군 이서면 반교리,반교리,35.8388,127.028
전라북도 완주군 이서면 남계리,남계리,35.8553,127.0212
전라북도 완주군 이서면 이문리,이문리,35.833025,127.006188
전라북도 완주군 이서면 은교리,은교리,35.8094,127.0224
전라북도 완주군 이서면 용서리,용서리,35.8340901,127.0155623
전라북도 완주군 이서면 상개리,상개리,35.8173,127.0355
전라북도 완주군 이서면 이성리,이성리,35.8036,127.0544
전라북도 완주군 이서면 갈산리,갈산리,35.836,127.0472
전라북도 완주군 이서면 금평리,금평리,35.8187,127.0581
전라북도 완주군 상관면,상관면,35.771676,127.2068868
전라북도 완주군 상관면 마치리,마치리,35.7723459,127.24092
전라북도 완주군 상관면 의암리,의암리,35.8034617,127.2457116
전라북도 완주군 상관면 용암리,용암리,35.712143,127.23815
전라북도 완주군 상관면 죽림리,죽림리,35.745,127.2213
전라북도 완주군 상관면 신리,신리,35.768275,127.20635
전라북도 완주군 용진읍,용진읍,35.8803602,127.1563253
전라북도 완주군 용진읍 신지리,신지리,35.929,127.1801
전라북도 완주군 용진읍 운곡리,운곡리,35.9071,127.1764
전라북도 완주군 용진읍 간중리,간중리,35.898499,127.201275
전라북도 완주군 용진읍 용흥리,용흥리,35.8892,127.1656
전라북도 완주군 용진읍 상운리,상운리,35.8921,127.1511
전라북도 완주군 용진읍 구억리,구억리,35.867857,127.1698
전라북도 완주군 용진읍 상삼리,상삼리,35.8707,127.1865
전라북도 완주군 봉동읍,봉동읍,35.9417147,127.1658747
전라북도 완주군 봉동읍 구만리,구만리,35.908599,127.150463
전라북도 완주군 봉동읍 신성리,신성리,35.9224,127.1606
전라북도 완주군 봉동읍 고천리,고천리,35.9188,127.137
전라북도 완주군 봉동읍 구미리,구미리,35.9393,127.1467
전라북도 완주군 봉동읍 성덕리,성덕리,35.9255,127.1477
전라북도 완주군 봉동읍 낙평리,낙평리,35.9306,127.1607
전라북도 완주군 봉동읍 장기리,장기리,35.9422,127.1611
전라북도 완주군 봉동읍 율소리,율소리,35.953,127.1736
전라북도 완주군 봉동읍 은하리,은하리,35.9594,127.1573
전라북도 완주군 봉동읍 용암리,용암리,35.949401,127.133488
전라북도 완주군 봉동읍 둔산리,둔산리,35.9627,127.1251
전라북도 완주군 봉동읍 구암리,구암리,35.9489,127.1084
전라북도 완주군 봉동읍 장구리,장구리,35.9724,127.1192
전라북도 완주군 봉동읍 제내리,제내리,35.9889034,127.1206047
전라북도 완주군 삼례읍,삼례읍,35.9131923,127.0779569
전라북도 완주군 삼례읍 하리,하리,35.9002,127.1001
전라북도 완주군 삼례읍 수계리,수계리,35.9268,127.1191
전라북도 완주군 삼례읍 신탁리,신탁리,35.9132,127.1235
전라북도 완주군 삼례읍 구와리,구와리,35.91344,127.108
전라북도 완주군 삼례읍 석전리,석전리,35.9266,127.1065
전라북도 완주군 삼례읍 신금리,신금리,35.9222,127.0935
전라북도 완주군 삼례읍 해전리,해전리,35.9044694,127.0469254
전라북도 완주군 삼례읍 어전리,어전리,35.9178,127.0457
전라북도 완주군 삼례읍 후정리,후정리,35.908,127.0612
전라북도 완주군 삼례읍 삼례리,삼례리,35.9108,127.0788
전라북도 김제시 양전동,양전동,35.7531,126.9047
전라북도 김제시 서정동,서정동,35.76,126.9268
전라북도 김제시 도장동,도장동,35.7689,126.9421
전라북도 김제시 제월동,제월동,35.777,126.8886
전라북도 김제시 명덕동,명덕동,35.7948,126.8438
전라북도 김제시 연정동,연정동,35.79,126.8582
전라북도 김제시 신월동,신월동,35.7635,126.8919
전라북도 김제시 월봉동,월봉동,35.7668,126.8743
전라북도 김제시 신덕동,신덕동,35.7663,126.8484
전라북도 김제시 장화동,장화동,35.7721,126.8612
전라북도 김제시 입석동,입석동,35.7855,126.8769
전라북도 김제시 복죽동,복죽동,35.8072,126.8438
전라북도 김제시 오정동,오정동,35.7764,126.9111
전라북도 김제시 난봉동,난봉동,35.7883,126.9345
전라북도 김제시 황산동,황산동,35.7806,126.9255
전라북도 김제시 월성동,월성동,35.7664,126.9088
전라북도 김제시 상동동,상동동,35.8284,126.9269
전라북도 김제시 흥사동,흥사동,35.8298,126.9064
전라북도 김제시 하동,하동,35.8178,126.8897
전라북도 김제시 갈공동,갈공동,35.8102,126.8635
전라북도 김제시 옥산동,옥산동,35.7938,126.883
전라북도 김제시 교동,교동,35.7957,126.8737
전라북도 김제시 신곡동,신곡동,35.8185,126.8685
전라북도 김제시 서암동,서암동,35.8072,126.8767
전라북도 김제시 백학동,백학동,35.807383,126.939325
전라북도 김제시 순동,순동,35.8151,126.9225
전라북도 김제시 용동,용동,35.7853,126.8943
전라북도 김제시 교월동,교월동,35.7948724,126.8785786
전라북도 김제시 검산동,검산동,35.8033033,126.9036883
전라북도 김제시 신풍동,신풍동,35.7960179,126.8978853
전라북도 김제시 요촌동,요촌동,35.8051917,126.8914635
전라북도 김제시 광활면,광활면,35.833824,126.7419159
전라북도 김제시 광활면 창제리,창제리,35.8265,126.7093
전라북도 김제시 광활면 은파리,은파리,35.815,126.7587
전라북도 김제시 광활면 옥포리,옥포리,35.8252,126.7356
전라북도 김제시 금산면,금산면,35.7165637,126.9961692
전라북도 김제시 금산면 구월리,구월리,35.7082,126.9901
전라북도 김제시 금산면 용산리,용산리,35.7488,127.0032
전라북도 김제시 금산면 삼봉리,삼봉리,35.7358,127.0047
전라북도 김제시 금산면 청도리,청도리,35.738101,127.041563
전라북도 김제시 금산면 금산리,금산리,35.7213,127.0569
전라북도 김제시 금산면 장흥리,장흥리,35.7058,127.0326
전라북도 김제시 금산면 화율리,화율리,35.6853,127.0557
전라북도 김제시 금산면 금성리,금성리,35.6828,127.0358
전라북도 김제시 금산면 선동리,선동리,35.6825,127.0164
전라북도 김제시 금산면 용호리,용호리,35.6995,127.0168
전라북도 김제시 금산면 원평리,원평리,35.7138627,126.9920199
전라북도 김제시 금산면 쌍용리,쌍용리,35.7164,127.0041
전라북도 김제시 금산면 성계리,성계리,35.728085,126.992338
전라북도 김제시 황산면,황산면,35.7945494,126.9423603
전라북도 김제시 황산면 진흥리,진흥리,35.7918,126.9723
전라북도 김제시 황산면 남산리,남산리,35.7722,126.9701
전라북도 김제시 황산면 쌍감리,쌍감리,35.7776,126.9517
전라북도 김제시 황산면 홍정리,홍정리,35.8093,126.9527
전라북도 김제시 황산면 용마리,용마리,35.8017,126.9631
전라북도 김제시 황산면 봉월리,봉월리,35.7898,126.9597
전라북도 김제시 봉남면,봉남면,35.753541,126.9623238
전라북도 김제시 봉남면 용신리,용신리,35.7375,126.9337
전라북도 김제시 봉남면 내광리,내광리,35.7495,126.9375
전라북도 김제시 봉남면 회성리,회성리,35.7284,126.9464
전라북도 김제시 봉남면 구정리,구정리,35.7263,126.9757
전라북도 김제시 봉남면 행촌리,행촌리,35.729,126.9649
전라북도 김제시 봉남면 종덕리,종덕리,35.7394,126.9601
전라북도 김제시 봉남면 신응리,신응리,35.7423,126.9454
전라북도 김제시 봉남면 신호리,신호리,35.7562,126.9495
전라북도 김제시 봉남면 화봉리,화봉리,35.7393,126.9751
전라북도 김제시 봉남면 평사리,평사리,35.75,126.9738
전라북도 김제시 봉남면 대송리,대송리,35.7621,126.9786
전라북도 김제시 금구면,금구면,35.7744086,127.0113181
전라북도 김제시 금구면 서도리,서도리,35.774,126.9992
전라북도 김제시 금구면 하신리,하신리,35.7791,126.9874
전라북도 김제시 금구면 옥성리,옥성리,35.7895,126.9891
전라북도 김제시 금구면 용지리,용지리,35.789,127.003413
전라북도 김제시 금구면 청운리,청운리,35.8082,126.9781
전라북도 김제시 금구면 낙성리,낙성리,35.8066,126.9978
전라북도 김제시 금구면 산동리,산동리,35.7932,127.0169
전라북도 김제시 금구면 대화리,대화리,35.790983,127.042225
전라북도 김제시 금구면 오봉리,오봉리,35.7784,127.0561
전라북도 김제시 금구면 월전리,월전리,35.7755,127.0312
전라북도 김제시 금구면 선암리,선암리,35.7602,127.0301
전라북도 김제시 금구면 용복리,용복리,35.7646,126.9988
전라북도 김제시 금구면 금구리,금구리,35.7755,127.0116
전라북도 김제시 진봉면,진봉면,35.8589218,126.7660818
전라북도 김제시 진봉면 심포리,심포리,35.8567,126.7056
전라북도 김제시 진봉면 상궐리,상궐리,35.8546,126.7837
전라북도 김제시 진봉면 가실리,가실리,35.832,126.7853
전라북도 김제시 진봉면 정당리,정당리,35.8513,126.8035
전라북도 김제시 진봉면 고사리,고사리,35.8609,126.7491
전라북도 김제시 성덕면,성덕면,35.820532,126.8058903
전라북도 김제시 성덕면 남포리,남포리,35.8077,126.7838
전라북도 김제시 성덕면 성덕리,성덕리,35.8248,126.7926
전라북도 김제시 성덕면 묘라리,묘라리,35.8355,126.821
전라북도 김제시 성덕면 대석리,대석리,35.814,126.8208
전라북도 김제시 성덕면 대목리,대목리,35.8226,126.8406
전라북도 김제시 성덕면 석동리,석동리,35.819,126.8066
전라북도 김제시 청하면,청하면,35.903424,126.840675
전라북도 김제시 청하면 월현리,월현리,35.8763,126.8712
전라북도 김제시 청하면 관상리,관상리,35.8716,126.8496
전라북도 김제시 청하면 대청리,대청리,35.8888,126.8583
전라북도 김제시 청하면 장산리,장산리,35.892415,126.837425
전라북도 김제시 청하면 동지산리,동지산리,35.9059,126.8448
전라북도 김제시 공덕면,공덕면,35.8923716,126.9128981
전라북도 김제시 공덕면 회룡리,회룡리,35.8901359,126.8779748
전라북도 김제시 공덕면 제말리,제말리,35.8876495,126.8905201
전라북도 김제시 공덕면 저산리,저산리,35.9138,126.8499
전라북도 김제시 공덕면 동계리,동계리,35.9004995,126.9170009
전라북도 김제시 공덕면 공덕리,공덕리,35.8585843,126.9011681
전라북도 김제시 공덕면 황산리,황산리,35.8677259,126.9275445
전라북도 김제시 공덕면 마현리,마현리,35.8820843,126.9223688
전라북도 김제시 부량면,부량면,35.7339529,126.8439389
전라북도 김제시 부량면 옥정리,옥정리,35.727726,126.81975
전라북도 김제시 부량면 금강리,금강리,35.7402,126.8267
전라북도 김제시 부량면 용성리,용성리,35.7495,126.8438
전라북도 김제시 부량면 신용리,신용리,35.7490605,126.8608057
전라북도 김제시 부량면 신두리,신두리,35.7404,126.8724
전라북도 김제시 부량면 월승리,월승리,35.7354,126.8563
전라북도 김제시 부량면 대평리,대평리,35.7327,126.8403
전라북도 김제시 백구면,백구면,35.8907941,126.9676149
전라북도 김제시 백구면 영상리,영상리,35.8733511,126.9955568
전라북도 김제시 백구면 마산리,마산리,35.8873924,126.9875849
전라북도 김제시 백구면 학동리,학동리,35.873295,126.9790308
전라북도 김제시 백구면 석담리,석담리,35.883632,126.97525
전라북도 김제시 백구면 반월리,반월리,35.8848162,126.96619
전라북도 김제시 백구면 백구리,백구리,35.9057,126.9499
전라북도 김제시 백구면 삼정리,삼정리,35.9097,126.9433
전라북도 김제시 백구면 유강리,유강리,35.9069243,126.9327809
전라북도 김제시 백구면 부용리,부용리,35.8918052,126.9468297
전라북도 김제시 백구면 월봉리,월봉리,35.8770794,126.9473562
전라북도 김제시 용지면,용지면,35.8539496,126.9550727
전라북도 김제시 용지면 장신리,장신리,35.8612182,126.9911006
전라북도 김제시 용지면 용수리,용수리,35.8414299,126.9986441
전라북도 김제시 용지면 신정리,신정리,35.8451759,126.9769814
전라북도 김제시 용지면 부교리,부교리,35.8229,126.9846
전라북도 김제시 용지면 용암리,용암리,35.829167,126.971075
전라북도 김제시 용지면 반교리,반교리,35.8347401,126.9584563
전라북도 김제시 용지면 효정리,효정리,35.8256,126.951
전라북도 김제시 용지면 와룡리,와룡리,35.8342776,126.9450305
전라북도 김제시 용지면 봉의리,봉의리,35.8707502,126.953987
전라북도 김제시 용지면 송산리,송산리,35.8620984,126.9552428
전라북도 김제시 용지면 예촌리,예촌리,35.8489733,126.9648151
전라북도 김제시 용지면 구암리,구암리,35.8547442,126.9533719
전라북도 김제시 백산면,백산면,35.8282743,126.8921512
전라북도 김제시 백산면 하서리,하서리,35.8282,126.8766
전라북도 김제시 백산면 석교리,석교리,35.828483,126.855
전라북도 김제시 백산면 부거리,부거리,35.8391,126.8696
전라북도 김제시 백산면 수록리,수록리,35.859403,126.8698097
전라북도 김제시 백산면 조종리,조종리,35.8624391,126.8891573
전라북도 김제시 백산면 상리,상리,35.8517537,126.9242629
전라북도 김제시 백산면 상정리,상정리,35.8427962,126.9162021
전라북도 김제시 백산면 하정리,하정리,35.8392998,126.8902805
전라북도 김제시 죽산면,죽산면,35.7724002,126.8138481
전라북도 김제시 죽산면 신흥리,신흥리,35.7546,126.8277
전라북도 김제시 죽산면 연포리,연포리,35.7508,126.8049
전라북도 김제시 죽산면 서포리,서포리,35.7675,126.7934
전라북도 김제시 죽산면 대창리,대창리,35.79,126.7825
전라북도 김제시 죽산면 종신리,종신리,35.7946,126.8168
전라북도 김제시 죽산면 옥성리,옥성리,35.7833,126.8315
전라북도 김제시 죽산면 홍산리,홍산리,35.768,126.8321
전라북도 김제시 죽산면 죽산리,죽산리,35.7792,126.8082
전라북도 김제시 만경읍,만경읍,35.8543654,126.8199875
전라북도 김제시 만경읍 몽산리,몽산리,35.8634,126.8125
전라북도 김제시 만경읍 화포리,화포리,35.8848,126.8022
전라북도 김제시 만경읍 소토리,소토리,35.887999,126.821313
전라북도 김제시 만경읍 송상리,송상리,35.874,126.8308
전라북도 김제시 만경읍 대동리,대동리,35.85,126.8508
전라북도 김제시 만경읍 장산리,장산리,35.8505962,126.8339639
전라북도 김제시 만경읍 만경리,만경리,35.8523,126.8191
전라북도 남원시 신촌동,신촌동,35.408857,127.400138
전라북도 남원시 어현동,어현동,35.3903,127.3907
전라북도 남원시 갈치동,갈치동,35.4558,127.4123
전라북도 남원시 식정동,식정동,35.4462,127.4278
전라북도 남원시 고죽동,고죽동,35.4397,127.4027
전라북도 남원시 월락동,월락동,35.4271,127.3997
전라북도 남원시 산곡동,산곡동,35.4257,127.3647
전라북도 남원시 내척동,내척동,35.442,127.3584
전라북도 남원시 광치동,광치동,35.4529,127.3775
전라북도 남원시 용정동,용정동,35.4326,127.3817
전라북도 남원시 화정동,화정동,35.414799,127.346413
전라북도 남원시 신정동,신정동,35.4127,127.3609
전라북도 남원시 조산동,조산동,35.3951,127.3634
전라북도 남원시 천거동,천거동,35.402,127.3785
전라북도 남원시 쌍교동,쌍교동,35.4045,127.3828
전라북도 남원시 하정동,하정동,35.4078,127.3795
전라북도 남원시 도통동,도통동,35.419843,127.40005
전라북도 남원시 향교동,향교동,35.418075,127.3842467
전라북도 남원시 왕정동,왕정동,35.408257,127.36975
전라북도 남원시 금동,금동,35.4024456,127.3754176
전라북도 남원시 노암동,노암동,35.399615,127.38025
전라북도 남원시 죽항동,죽항동,35.407599,127.38455
전라북도 남원시 동충동,동충동,35.41104,127.38295
전라북도 남원시 인월면,인월면,35.46447,127.6002528
전라북도 남원시 인월면 자래리,자래리,35.4821,127.6168
전라북도 남원시 인월면 성산리,성산리,35.461901,127.62915
전라북도 남원시 인월면 상우리,상우리,35.4597,127.617
전라북도 남원시 인월면 유곡리,유곡리,35.4939,127.6392
전라북도 남원시 인월면 건지리,건지리,35.490493,127.622438
전라북도 남원시 인월면 취암리,취암리,35.4735,127.6087
전라북도 남원시 인월면 서무리,서무리,35.4665,127.5952
전라북도 남원시 인월면 인월리,인월리,35.4484,127.594
전라북도 남원시 인월면 중군리,중군리,35.4353,127.5978
전라북도 남원시 산내면,산내면,35.419201,127.623238
전라북도 남원시 산내면 덕동리,덕동리,35.350399,127.546513
전라북도 남원시 산내면 부운리,부운리,35.3552,127.5955
전라북도 남원시 산내면 내령리,내령리,35.3951,127.6019
전라북도 남원시 산내면 입석리,입석리,35.402399,127.630375
전라북도 남원시 산내면 장항리,장항리,35.4209,127.6095
전라북도 남원시 산내면 대정리,대정리,35.4322,127.6266
전라북도 남원시 산내면 백일리,백일리,35.4253,127.6394
전라북도 남원시 산내면 중황리,중황리,35.4342,127.6542
전라북도 남원시 아영면,아영면,35.5086863,127.6129111
전라북도 남원시 아영면 두락리,두락리,35.5163,127.6252
전라북도 남원시 아영면 의지리,의지리,35.5235,127.6148
전라북도 남원시 아영면 일대리,일대리,35.5356,127.6034
전라북도 남원시 아영면 구상리,구상리,35.5358,127.5858
전라북도 남원시 아영면 성리,성리,35.5265,127.5776
전라북도 남원시 아영면 월산리,월산리,35.5127,127.5969
전라북도 남원시 아영면 청계리,청계리,35.505,127.5963
전라북도 남원시 아영면 갈계리,갈계리,35.4957,127.5993
전라북도 남원시 아영면 인풍리,인풍리,35.4851,127.5963
전라북도 남원시 아영면 봉대리,봉대리,35.4812,127.5841
전라북도 남원시 아영면 아곡리,아곡리,35.4849,127.5695
전라북도 남원시 이백면,이백면,35.426876,127.457863
전라북도 남원시 이백면 효기리,효기리,35.4099,127.4695
전라북도 남원시 이백면 과립리,과립리,35.4252,127.476
전라북도 남원시 이백면 평촌리,평촌리,35.4338,127.4639
전라북도 남원시 이백면 양가리,양가리,35.443,127.4789
전라북도 남원시 이백면 강기리,강기리,35.4553,127.4701
전라북도 남원시 이백면 남계리,남계리,35.46,127.4486
전라북도 남원시 이백면 내동리,내동리,35.4455,127.4461
전라북도 남원시 이백면 서곡리,서곡리,35.4266,127.4435
전라북도 남원시 이백면 척문리,척문리,35.424868,127.4191
전라북도 남원시 이백면 초촌리,초촌리,35.417,127.4302
전라북도 남원시 산동면,산동면,35.4926853,127.4761662
전라북도 남원시 산동면 대상리,대상리,35.523117,127.4708
전라북도 남원시 산동면 월석리,월석리,35.4977,127.513
전라북도 남원시 산동면 대기리,대기리,35.4921,127.497
전라북도 남원시 산동면 태평리,태평리,35.4987,127.4659
전라북도 남원시 산동면 부절리,부절리,35.4735,127.4782
전라북도 남원시 산동면 식련리,식련리,35.4863,127.4579
전라북도 남원시 산동면 목동리,목동리,35.4785,127.4381
전라북도 남원시 보절면,보절면,35.5131588,127.4023933
전라북도 남원시 보절면 성시리,성시리,35.5474,127.4053
전라북도 남원시 보절면 사촌리,사촌리,35.5423,127.4165
전라북도 남원시 보절면 도룡리,도룡리,35.5364,127.43815
전라북도 남원시 보절면 황벌리,황벌리,35.5289,127.3899
전라북도 남원시 보절면 신파리,신파리,35.5205,127.4183
전라북도 남원시 보절면 금다리,금다리,35.5116,127.4269
전라북도 남원시 보절면 진기리,진기리,35.4933,127.4195
전라북도 남원시 보절면 괴양리,괴양리,35.486951,127.404363
전라북도 남원시 보절면 서치리,서치리,35.4733,127.4082
전라북도 남원시 덕과면,덕과면,35.5171401,127.3520537
전라북도 남원시 덕과면 용산리,용산리,35.5473,127.3497
전라북도 남원시 덕과면 덕촌리,덕촌리,35.5423,127.3705
전라북도 남원시 덕과면 고정리,고정리,35.5256,127.3571
전라북도 남원시 덕과면 사율리,사율리,35.5118,127.3645
전라북도 남원시 덕과면 신양리,신양리,35.5122,127.3831
전라북도 남원시 덕과면 만도리,만도리,35.5038,127.3949
전라북도 남원시 사매면,사매면,35.498543,127.360525
전라북도 남원시 사매면 대신리,대신리,35.4713,127.3831
전라북도 남원시 사매면 관풍리,관풍리,35.4847,127.3759
전라북도 남원시 사매면 오신리,오신리,35.4958,127.3699
전라북도 남원시 사매면 월평리,월평리,35.4868,127.3507
전라북도 남원시 사매면 대율리,대율리,35.4652,127.3651
전라북도 남원시 사매면 화정리,화정리,35.4628,127.3484
전라북도 남원시 사매면 인화리,인화리,35.4783,127.34
전라북도 남원시 사매면 계수리,계수리,35.4688,127.3268
전라북도 남원시 사매면 서도리,서도리,35.4817768,127.3180534
전라북도 남원시 대산면,대산면,35.432118,127.325188
전라북도 남원시 대산면 길곡리,길곡리,35.4508,127.3204
전라북도 남원시 대산면 옥율리,옥율리,35.4438,127.3384
전라북도 남원시 대산면 운교리,운교리,35.437143,127.319813
전라북도 남원시 대산면 신계리,신계리,35.426801,127.306825
전라북도 남원시 대산면 풍촌리,풍촌리,35.4085,127.2825
전라북도 남원시 대산면 대곡리,대곡리,35.4093,127.3079
전라북도 남원시 대산면 수덕리,수덕리,35.4123,127.3302
전라북도 남원시 대산면 금성리,금성리,35.4229,127.3398
전라북도 남원시 대강면,대강면,35.3473278,127.2278049
전라북도 남원시 대강면 방산리,방산리,35.3213,127.2041
전라북도 남원시 대강면 신덕리,신덕리,35.3311,127.2098
전라북도 남원시 대강면 생암리,생암리,35.3318,127.1936
전라북도 남원시 대강면 월탄리,월탄리,35.348615,127.198725
전라북도 남원시 대강면 방동리,방동리,35.347199,127.213112
전라북도 남원시 대강면 사석리,사석리,35.3434,127.2368
전라북도 남원시 대강면 강석리,강석리,35.3618,127.2342
전라북도 남원시 대강면 송대리,송대리,35.3717,127.2334
전라북도 남원시 대강면 입암리,입암리,35.3857,127.2279
전라북도 남원시 대강면 평촌리,평촌리,35.3817,127.2444
전라북도 남원시 대강면 옥택리,옥택리,35.3873,127.2535
전라북도 남원시 대강면 수홍리,수홍리,35.4046,127.2585
전라북도 남원시 대강면 풍산리,풍산리,35.4196,127.2658
전라북도 남원시 금지면,금지면,35.357599,127.303838
전라북도 남원시 금지면 하도리,하도리,35.3143,127.3086
전라북도 남원시 금지면 귀석리,귀석리,35.3129,127.301
전라북도 남원시 금지면 상귀리,상귀리,35.3244,127.2628
전라북도 남원시 금지면 신월리,신월리,35.3271,127.2957
전라북도 남원시 금지면 상신리,상신리,35.331225,127.303338
전라북도 남원시 금지면 창산리,창산리,35.3412,127.3014
전라북도 남원시 금지면 택내리,택내리,35.3277,127.2813
전라북도 남원시 금지면 방촌리,방촌리,35.3434,127.275
전라북도 남원시 금지면 서매리,서매리,35.3606,127.2661
전라북도 남원시 금지면 입암리,입암리,35.357324,127.291012
전라북도 남원시 금지면 옹정리,옹정리,35.3609,127.3025
전라북도 남원시 주생면,주생면,35.378815,127.32155
전라북도 남원시 주생면 도산리,도산리,35.3736,127.2751
전라북도 남원시 주생면 내동리,내동리,35.3901,127.2739
전라북도 남원시 주생면 낙동리,낙동리,35.3829,127.2985
전라북도 남원시 주생면 제천리,제천리,35.3704,127.313
전라북도 남원시 주생면 영천리,영천리,35.384,127.3139
전라북도 남원시 주생면 정송리,정송리,35.3954,127.3219
전라북도 남원시 주생면 지당리,지당리,35.385699,127.329663
전라북도 남원시 주생면 중동리,중동리,35.3899,127.346
전라북도 남원시 주생면 상동리,상동리,35.3993,127.3461
전라북도 남원시 송동면,송동면,35.354749,127.337125
전라북도 남원시 송동면 세전리,세전리,35.3173,127.3189
전라북도 남원시 송동면 두신리,두신리,35.3483,127.3148
전라북도 남원시 송동면 양평리,양평리,35.3325,127.3103
전라북도 남원시 송동면 연산리,연산리,35.3321,127.3198
전라북도 남원시 송동면 영동리,영동리,35.3399,127.3177
전라북도 남원시 송동면 장포리,장포리,35.3446,127.3275
전라북도 남원시 송동면 송기리,송기리,35.3495,127.339
전라북도 남원시 송동면 흑송리,흑송리,35.3747,127.3424
전라북도 남원시 송동면 장국리,장국리,35.3794,127.3655
전라북도 남원시 송동면 송상리,송상리,35.364657,127.379025
전라북도 남원시 송동면 사촌리,사촌리,35.354407,127.36575
전라북도 남원시 송동면 송내리,송내리,35.3546,127.3508
전라북도 남원시 송동면 신평리,신평리,35.3634,127.3311
전라북도 남원시 수지면,수지면,35.339307,127.371512
전라북도 남원시 수지면 고평리,고평리,35.3483,127.4002
전라북도 남원시 수지면 호곡리,호곡리,35.3388,127.3754
전라북도 남원시 수지면 유암리,유암리,35.3186,127.3848
전라북도 남원시 수지면 산정리,산정리,35.3302,127.3609
전라북도 남원시 수지면 초리,초리,35.3266,127.3481
전라북도 남원시 수지면 남창리,남창리,35.3276,127.3324
전라북도 남원시 주천면,주천면,35.390874,127.441863
전라북도 남원시 주천면 덕치리,덕치리,35.3984,127.4914
전라북도 남원시 주천면 고기리,고기리,35.3759911,127.4997928
전라북도 남원시 주천면 용궁리,용궁리,35.3746,127.4584
전라북도 남원시 주천면 호경리,호경리,35.3864,127.4659
전라북도 남원시 주천면 은송리,은송리,35.4006,127.4487
전라북도 남원시 주천면 장안리,장안리,35.3852,127.4415
전라북도 남원시 주천면 호기리,호기리,35.3979,127.4287
전라북도 남원시 주천면 용담리,용담리,35.404124,127.4127
전라북도 남원시 주천면 송치리,송치리,35.379482,127.4305
전라북도 남원시 주천면 배덕리,배덕리,35.3629,127.4172
전라북도 남원시 주천면 주천리,주천리,35.372399,127.400225
전라북도 남원시 운봉읍,운봉읍,35.43981,127.528888
전라북도 남원시 운봉읍 화수리,화수리,35.4418,127.5633
전라북도 남원시 운봉읍 가산리,가산리,35.4656,127.5643
전라북도 남원시 운봉읍 매요리,매요리,35.4635,127.542
전라북도 남원시 운봉읍 신기리,신기리,35.4527,127.5379
전라북도 남원시 운봉읍 임리,임리,35.4705073,127.5212822
전라북도 남원시 운봉읍 권포리,권포리,35.464,127.5101
전라북도 남원시 운봉읍 장교리,장교리,35.4535,127.5019
전라북도 남원시 운봉읍 준향리,준향리,35.439,127.5103
전라북도 남원시 운봉읍 서천리,서천리,35.4382,127.5272
전라북도 남원시 운봉읍 북천리,북천리,35.4451,127.5375
전라북도 남원시 운봉읍 용산리,용산리,35.4321,127.5513
전라북도 남원시 운봉읍 동천리,동천리,35.4331,127.5325
전라북도 남원시 운봉읍 산덕리,산덕리,35.4169,127.5481
전라북도 남원시 운봉읍 행정리,행정리,35.4253,127.5111
전라북도 남원시 운봉읍 공안리,공안리,35.3979,127.5476
전라북도 남원시 운봉읍 덕산리,덕산리,35.4007,127.5245
전라북도 남원시 운봉읍 주촌리,주촌리,35.3924,127.5128
전라북도 정읍시 신정동,신정동,35.4893,126.8522
전라북도 정읍시 망제동,망제동,35.6052,126.8358
전라북도 정읍시 공평동,공평동,35.5798,126.8253
전라북도 정읍시 용계동,용계동,35.5932,126.8109
전라북도 정읍시 흑암동,흑암동,35.601,126.8152
전라북도 정읍시 구룡동,구룡동,35.5706,126.8803
전라북도 정읍시 하북동,하북동,35.594457,126.863488
전라북도 정읍시 영파동,영파동,35.6071,126.8511
전라북도 정읍시 내장동,내장동,35.497618,126.9074
전라북도 정읍시 쌍암동,쌍암동,35.5131,126.887
전라북도 정읍시 부전동,부전동,35.5331,126.9248
전라북도 정읍시 교암동,교암동,35.5335,126.845
전라북도 정읍시 용산동,용산동,35.5113,126.8626
전라북도 정읍시 신월동,신월동,35.531442,126.8632
전라북도 정읍시 송산동,송산동,35.542,126.8735
전라북도 정읍시 금붕동,금붕동,35.5436,126.8904
전라북도 정읍시 진산동,진산동,35.5345,126.8313
전라북도 정읍시 삼산동,삼산동,35.5487,126.8171
전라북도 정읍시 과교동,과교동,35.547,126.837
전라북도 정읍시 상평동,상평동,35.5602,126.8257
전라북도 정읍시 하모동,하모동,35.5715,126.8281
전라북도 정읍시 상동,상동,35.5612,126.8711
전라북도 정읍시 상교동,상교동,35.5505048,126.8373993
전라북도 정읍시 농소동,농소동,35.5833012,126.8284654
전라북도 정읍시 연지동,연지동,35.5683949,126.8453387
전라북도 정읍시 초산동,초산동,35.5619747,126.8524653
전라북도 정읍시 시기동,시기동,35.5654921,126.8493635
전라북도 정읍시 내장상동,내장상동,35.5573627,126.8686996
전라북도 정읍시 장명동,장명동,35.5675996,126.8565772
전라북도 정읍시 수성동,수성동,35.5697083,126.850375
전라북도 정읍시 산외면,산외면,35.621489,127.0421053
전라북도 정읍시 산외면 종산리,종산리,35.5983,127.0792
전라북도 정읍시 산외면 목욕리,목욕리,35.5907301,127.06048
전라북도 정읍시 산외면 오공리,오공리,35.6210396,127.0191328
전라북도 정읍시 산외면 상두리,상두리,35.6558,127.0523
전라북도 정읍시 산외면 동곡리,동곡리,35.6408,127.0291
전라북도 정읍시 산외면 화죽리,화죽리,35.6339415,127.0758253
전라북도 정읍시 산외면 평사리,평사리,35.6065,127.04
전라북도 정읍시 산외면 정량리,정량리,35.621813,127.0529379
전라북도 정읍시 산내면,산내면,35.5682277,127.0302203
전라북도 정읍시 산내면 종성리,종성리,35.5332,127.0878
전라북도 정읍시 산내면 능교리,능교리,35.5705,127.0134
전라북도 정읍시 산내면 예덕리,예덕리,35.5745,127.0462
전라북도 정읍시 산내면 매죽리,매죽리,35.5443,126.9999
전라북도 정읍시 산내면 장금리,장금리,35.5371,127.0614
전라북도 정읍시 산내면 두월리,두월리,35.5687,127.0759
전라북도 정읍시 칠보면,칠보면,35.6025587,126.9935359
전라북도 정읍시 칠보면 수청리,수청리,35.5517,126.9352
전라북도 정읍시 칠보면 반곡리,반곡리,35.5708,126.9703
전라북도 정읍시 칠보면 시산리,시산리,35.5937,127.0047
전라북도 정읍시 칠보면 무성리,무성리,35.6030976,126.9767396
전라북도 정읍시 칠보면 와우리,와우리,35.6079,127.001
전라북도 정읍시 칠보면 축현리,축현리,35.5828,126.9457
전라북도 정읍시 칠보면 백암리,백암리,35.6014,126.959
전라북도 정읍시 옹동면,옹동면,35.6434954,126.9745453
전라북도 정읍시 옹동면 오성리,오성리,35.6591,126.9819
전라북도 정읍시 옹동면 용호리,용호리,35.6783235,126.9859581
전라북도 정읍시 옹동면 칠석리,칠석리,35.6472,126.9726
전라북도 정읍시 옹동면 상산리,상산리,35.6619,127.0102
전라북도 정읍시 옹동면 산성리,산성리,35.6231,126.9683
전라북도 정읍시 옹동면 매정리,매정리,35.6375,126.9624
전라북도 정읍시 옹동면 비봉리,비봉리,35.6292,127.0001
전라북도 정읍시 감곡면,감곡면,35.7149398,126.928441
전라북도 정읍시 감곡면 대신리,대신리,35.7057,126.9496
전라북도 정읍시 감곡면 유정리,유정리,35.7337,126.9043
전라북도 정읍시 감곡면 용곽리,용곽리,35.7284,126.8788
전라북도 정읍시 감곡면 화봉리,화봉리,35.7179471,126.9478666
전라북도 정읍시 감곡면 통석리,통석리,35.7001,126.9729
전라북도 정읍시 감곡면 진흥리,진흥리,35.6989,126.9319
전라북도 정읍시 감곡면 오주리,오주리,35.7162,126.9065
전라북도 정읍시 감곡면 방교리,방교리,35.7255,126.922
전라북도 정읍시 감곡면 삼평리,삼평리,35.749,126.8932
전라북도 정읍시 감곡면 계룡리,계룡리,35.7119,126.9721
전라북도 정읍시 감곡면 승방리,승방리,35.723,126.8927
전라북도 정읍시 태인면,태인면,35.650665,126.932513
전라북도 정읍시 태인면 태서리,태서리,35.6316,126.9271
전라북도 정읍시 태인면 오류리,오류리,35.619,126.9416
전라북도 정읍시 태인면 매계리,매계리,35.6241,126.9352
전라북도 정읍시 태인면 태남리,태남리,35.611532,126.94805
전라북도 정읍시 태인면 태창리,태창리,35.6562,126.9239
전라북도 정읍시 태인면 낙양리,낙양리,35.6672,126.9199
전라북도 정읍시 태인면 고천리,고천리,35.6669,126.9523
전라북도 정읍시 태인면 태흥리,태흥리,35.6569,126.9556
전라북도 정읍시 태인면 증산리,증산리,35.68,126.9568
전라북도 정읍시 태인면 거산리,거산리,35.641507,126.9425
전라북도 정읍시 태인면 태성리,태성리,35.6565,126.9425
전라북도 정읍시 태인면 궁사리,궁사리,35.679,126.9088
전라북도 정읍시 태인면 오봉리,오봉리,35.6691,126.9348
전라북도 정읍시 태인면 박산리,박산리,35.6849,126.9303
전라북도 정읍시 정우면,정우면,35.6448192,126.8759185
전라북도 정읍시 정우면 우산리,우산리,35.6321,126.902
전라북도 정읍시 정우면 수금리,수금리,35.656,126.8758
전라북도 정읍시 정우면 대산리,대산리,35.6262,126.8628
전라북도 정읍시 정우면 초강리,초강리,35.6409,126.8704
전라북도 정읍시 정우면 장순리,장순리,35.6393,126.8917
전라북도 정읍시 정우면 회룡리,회룡리,35.6542,126.8969
전라북도 정읍시 정우면 화천리,화천리,35.648824,126.914575
전라북도 정읍시 정우면 대사리,대사리,35.6688,126.9008
전라북도 정읍시 정우면 산북리,산북리,35.6729565,126.8783696
전라북도 정읍시 정우면 우일리,우일리,35.6199,126.8724
전라북도 정읍시 이평면,이평면,35.6650398,126.8381746
전라북도 정읍시 이평면 오금리,오금리,35.6582,126.8534
전라북도 정읍시 이평면 두전리,두전리,35.6842,126.8387
전라북도 정읍시 이평면 마항리,마항리,35.6781,126.8484
전라북도 정읍시 이평면 하송리,하송리,35.6745,126.8531
전라북도 정읍시 이평면 창동리,창동리,35.6605,126.8099
전라북도 정읍시 이평면 평령리,평령리,35.6586,126.8269
전라북도 정읍시 이평면 두지리,두지리,35.659,126.8384
전라북도 정읍시 이평면 산매리,산매리,35.6469,126.8133
전라북도 정읍시 이평면 팔선리,팔선리,35.6709,126.8576
전라북도 정읍시 이평면 청량리,청량리,35.6741,126.7976
전라북도 정읍시 이평면 장내리,장내리,35.6751,126.8159
전라북도 정읍시 덕천면,덕천면,35.618624,126.842613
전라북도 정읍시 덕천면 도계리,도계리,35.6407,126.8171
전라북도 정읍시 덕천면 달천리,달천리,35.6389,126.8551
전라북도 정읍시 덕천면 우덕리,우덕리,35.6228,126.8409
전라북도 정읍시 덕천면 신월리,신월리,35.6506,126.8531
전라북도 정읍시 덕천면 상학리,상학리,35.618,126.8154
전라북도 정읍시 덕천면 하학리,하학리,35.6216,126.8021
전라북도 정읍시 영원면,영원면,35.655157,126.785313
전라북도 정읍시 영원면 후지리,후지리,35.6386,126.771
전라북도 정읍시 영원면 운학리,운학리,35.6556,126.7936
전라북도 정읍시 영원면 앵성리,앵성리,35.659082,126.761388
전라북도 정읍시 영원면 풍월리,풍월리,35.6465,126.7488
전라북도 정읍시 영원면 장재리,장재리,35.6719,126.7777
전라북도 정읍시 영원면 신영리,신영리,35.6354,126.7531
전라북도 정읍시 영원면 은선리,은선리,35.6441,126.7869
전라북도 정읍시 고부면,고부면,35.61859,126.771725
전라북도 정읍시 고부면 만수리,만수리,35.5896,126.7955
전라북도 정읍시 고부면 입석리,입석리,35.5990766,126.7827622
전라북도 정읍시 고부면 용흥리,용흥리,35.6279,126.7459
전라북도 정읍시 고부면 장문리,장문리,35.622999,126.783138
전라북도 정읍시 고부면 남복리,남복리,35.6121033,126.7819859
전라북도 정읍시 고부면 강고리,강고리,35.596482,126.7346
전라북도 정읍시 고부면 신흥리,신흥리,35.619507,126.724813
전라북도 정읍시 고부면 덕안리,덕안리,35.5965,126.7687
전라북도 정읍시 고부면 고부리,고부리,35.6182,126.7701
전라북도 정읍시 고부면 신중리,신중리,35.5964764,126.7515648
전라북도 정읍시 고부면 만화리,만화리,35.6096,126.7601
전라북도 정읍시 고부면 백운리,백운리,35.5817,126.7286
전라북도 정읍시 고부면 관청리,관청리,35.614,126.745
전라북도 정읍시 소성면,소성면,35.5568931,126.7831975
전라북도 정읍시 소성면 기린리,기린리,35.5664,126.769413
전라북도 정읍시 소성면 신천리,신천리,35.5679,126.7836
전라북도 정읍시 소성면 중광리,중광리,35.5392,126.7888
전라북도 정읍시 소성면 애당리,애당리,35.5259,126.7784
전라북도 정읍시 소성면 고교리,고교리,35.5823,126.7726
전라북도 정읍시 소성면 화룡리,화룡리,35.5765,126.758
전라북도 정읍시 소성면 용정리,용정리,35.5409,126.7743
전라북도 정읍시 소성면 등계리,등계리,35.5617,126.7951
전라북도 정읍시 소성면 보화리,보화리,35.554017,126.7732
전라북도 정읍시 소성면 주천리,주천리,35.5708,126.8091
전라북도 정읍시 입암면,입암면,35.5037907,126.793232
전라북도 정읍시 입암면 봉양리,봉양리,35.5139,126.7762
전라북도 정읍시 입암면 마석리,마석리,35.5354,126.81
전라북도 정읍시 입암면 신면리,신면리,35.5077,126.8199
전라북도 정읍시 입암면 접지리,접지리,35.5252,126.8162
전라북도 정읍시 입암면 하부리,하부리,35.50045,126.807388
전라북도 정읍시 입암면 등천리,등천리,35.4813,126.7999
전라북도 정읍시 입암면 천원리,천원리,35.5002,126.788
전라북도 정읍시 입암면 연월리,연월리,35.4824,126.7781
전라북도 정읍시 입암면 단곡리,단곡리,35.5115,126.7924
전라북도 정읍시 입암면 지선리,지선리,35.5249,126.7921
전라북도 정읍시 북면,북면,35.6092246,126.892242
전라북도 정읍시 북면 장학리,장학리,35.6337,126.9161
전라북도 정읍시 북면 남산리,남산리,35.6069,126.869
전라북도 정읍시 북면 화해리,화해리,35.6117,126.8846
전라북도 정읍시 북면 마정리,마정리,35.6007,126.9313
전라북도 정읍시 북면 보림리,보림리,35.5774,126.9257
전라북도 정읍시 북면 태곡리,태곡리,35.6063,126.9113
전라북도 정읍시 북면 복흥리,복흥리,35.5771,126.9045
전라북도 정읍시 북면 신평리,신평리,35.5939,126.8942
전라북도 정읍시 북면 승부리,승부리,35.5912,126.8809
전라북도 정읍시 북면 한교리,한교리,35.612149,126.898775
전라북도 정읍시 신태인읍,신태인읍,35.6882118,126.8866685
전라북도 정읍시 신태인읍 백산리,백산리,35.6959,126.9069
전라북도 정읍시 신태인읍 구석리,구석리,35.6843,126.896
전라북도 정읍시 신태인읍 양괴리,양괴리,35.7066,126.8633
전라북도 정읍시 신태인읍 신용리,신용리,35.6964,126.8687
전라북도 정읍시 신태인읍 연정리,연정리,35.7016,126.8916
전라북도 정읍시 신태인읍 육리,육리,35.718534,126.8619806
전라북도 정읍시 신태인읍 화호리,화호리,35.7129,126.8345
전라북도 정읍시 신태인읍 청천리,청천리,35.7238,126.8525
전라북도 정읍시 신태인읍 신덕리,신덕리,35.7098,126.8456
전라북도 정읍시 신태인읍 우령리,우령리,35.694,126.877
전라북도 정읍시 신태인읍 신태인리,신태인리,35.6925328,126.8869856
전라북도 익산시 석암동,석암동,35.9415,127.0108
전라북도 익산시 용제동,용제동,35.947068,127.00215
전라북도 익산시 부송동,부송동,35.9664,126.9967
전라북도 익산시 월성동,월성동,35.994,126.9698
전라북도 익산시 임상동,임상동,35.9829,126.9731
전라북도 익산시 정족동,정족동,35.9847,126.9951
전라북도 익산시 은기동,은기동,35.9864,127.0172
전라북도 익산시 석왕동,석왕동,35.9767,127.0178
전라북도 익산시 덕기동,덕기동,35.9726,127.0416
전라북도 익산시 석탄동,석탄동,35.9087,126.9707
전라북도 익산시 금강동,금강동,35.9259,126.9855
전라북도 익산시 신흥동,신흥동,35.9389,126.9879
전라북도 익산시 영등동,영등동,35.9523408,126.9725784
전라북도 익산시 신용동,신용동,35.9766,126.9518
전라북도 익산시 현영동,현영동,35.9726,126.9349
전라북도 익산시 만석동,만석동,35.9723,126.9239
전라북도 익산시 목천동,목천동,35.9237,126.9265
전라북도 익산시 모현동2가,모현동2가,35.958,126.9421
전라북도 익산시 모현동1가,모현동1가,35.9485,126.9409
전라북도 익산시 인화동2가,인화동2가,35.9232,126.9494
전라북도 익산시 인화동1가,인화동1가,35.9312,126.9492
전라북도 익산시 주현동,주현동,35.935526,126.957337
전라북도 익산시 갈산동,갈산동,35.937,126.9529
전라북도 익산시 중앙동3가,중앙동3가,35.9381,126.9502
전라북도 익산시 중앙동2가,중앙동2가,35.93786,126.947863
전라북도 익산시 중앙동1가,중앙동1가,35.939593,126.948
전라북도 익산시 창인동2가,창인동2가,35.9404,126.9453
전라북도 익산시 창인동1가,창인동1가,35.9418,126.9509
전라북도 익산시 삼성동,삼성동,35.9626832,126.9894076
전라북도 익산시 팔봉동,팔봉동,35.96522,127.0117143
전라북도 익산시 신동,신동,35.959818,126.961288
전라북도 익산시 어양동,어양동,35.9553415,126.984311
전라북도 익산시 영등2동,영등2동,35.960064,126.9769928
전라북도 익산시 영등1동,영등1동,35.9523408,126.9725784
전라북도 익산시 송학동,송학동,35.9384856,126.9402935
전라북도 익산시 모현동,모현동,35.9487204,126.9450338
전라북도 익산시 남중동,남중동,35.9511089,126.959029
전라북도 익산시 마동,마동,35.9379182,126.9591256
전라북도 익산시 동산동,동산동,35.9286145,126.9725685
전라북도 익산시 인화동,인화동,35.9294769,126.9536058
전라북도 익산시 평화동,평화동,35.9323157,126.9453501
전라북도 익산시 중앙동,중앙동,35.939768,126.95245
전라북도 익산시 용동면,용동면,36.1099121,126.9930074
전라북도 익산시 용동면 화배리,화배리,36.090374,127.008138
전라북도 익산시 용동면 화실리,화실리,36.0922,126.9913
전라북도 익산시 용동면 대조리,대조리,36.1121541,126.9991091
전라북도 익산시 용동면 용성리,용성리,36.1150868,126.9796109
전라북도 익산시 용동면 구산리,구산리,36.1255765,126.9801995
전라북도 익산시 용동면 흥왕리,흥왕리,36.1009,126.9988
전라북도 익산시 삼기면,삼기면,36.0203484,126.984063
전라북도 익산시 삼기면 용연리,용연리,36.001646,126.9816859
전라북도 익산시 삼기면 기산리,기산리,36.0178,127.0043
전라북도 익산시 삼기면 연동리,연동리,36.034,127.0183
전라북도 익산시 삼기면 오룡리,오룡리,36.0289891,126.9917995
전라북도 익산시 삼기면 서두리,서두리,36.026,126.9711
전라북도 익산시 삼기면 간촌리,간촌리,36.0062751,126.9723645
전라북도 익산시 춘포면,춘포면,35.901032,127.005275
전라북도 익산시 춘포면 춘포리,춘포리,35.9025,127.0001
전라북도 익산시 춘포면 용연리,용연리,35.9049,127.0243
전라북도 익산시 춘포면 인수리,인수리,35.9191,127.0261
전라북도 익산시 춘포면 쌍정리,쌍정리,35.9296,127.0489
전라북도 익산시 춘포면 천동리,천동리,35.94441,127.048075
전라북도 익산시 춘포면 천서리,천서리,35.9411,127.0344
전라북도 익산시 춘포면 창평리,창평리,35.9583,127.0396
전라북도 익산시 춘포면 신동리,신동리,35.9479756,127.0232737
전라북도 익산시 춘포면 오산리,오산리,35.9315,127.0243
전라북도 익산시 춘포면 삼포리,삼포리,35.9241,127.0071
전라북도 익산시 춘포면 덕실리,덕실리,35.91224,127.007063
전라북도 익산시 왕궁면,왕궁면,35.9664006,127.0878063
전라북도 익산시 왕궁면 왕궁리,왕궁리,35.9719,127.0642
전라북도 익산시 왕궁면 동용리,동용리,36.0055778,127.1179256
전라북도 익산시 왕궁면 동봉리,동봉리,36.0143,127.1027
전라북도 익산시 왕궁면 용화리,용화리,36.0082,127.077
전라북도 익산시 왕궁면 도순리,도순리,35.9974948,127.0774422
전라북도 익산시 왕궁면 동촌리,동촌리,35.9825,127.0808
전라북도 익산시 왕궁면 평장리,평장리,35.9634,127.0615
전라북도 익산시 왕궁면 발산리,발산리,35.9534,127.0615
전라북도 익산시 왕궁면 쌍제리,쌍제리,35.9371194,127.0638701
전라북도 익산시 왕궁면 온수리,온수리,35.9264626,127.0698948
전라북도 익산시 왕궁면 구덕리,구덕리,35.9423,127.0835
전라북도 익산시 왕궁면 흥암리,흥암리,35.9610414,127.0795055
전라북도 익산시 왕궁면 광암리,광암리,35.9775,127.0946
전라북도 익산시 금마면,금마면,35.993045,127.0529446
전라북도 익산시 금마면 갈산리,갈산리,35.9996683,127.0084487
전라북도 익산시 금마면 기양리,기양리,36.0175245,127.0246092
전라북도 익산시 금마면 용순리,용순리,36.0019,127.0306
전라북도 익산시 금마면 산북리,산북리,36.0322,127.0537
전라북도 익산시 금마면 신용리,신용리,36.0149,127.0537
전라북도 익산시 금마면 서고도리,서고도리,35.993953,127.0417457
전라북도 익산시 금마면 동고도리,동고도리,35.9907,127.0609
전라북도 익산시 여산면,여산면,36.0586867,127.0860148
전라북도 익산시 여산면 두여리,두여리,36.0753,127.0708
전라북도 익산시 여산면 태성리,태성리,36.0597,127.1153
전라북도 익산시 여산면 호산리,호산리,36.0445,127.1066
전라북도 익산시 여산면 원수리,원수리,36.0320236,127.0835782
전라북도 익산시 여산면 제남리,제남리,36.0498209,127.0715164
전라북도 익산시 여산면 여산리,여산리,36.057212,127.0937391
전라북도 익산시 망성면,망성면,36.1325544,127.0206448
전라북도 익산시 망성면 무형리,무형리,36.1222373,127.0468293
전라북도 익산시 망성면 내촌리,내촌리,36.0953,127.0512
전라북도 익산시 망성면 어량리,어량리,36.1045136,127.0259568
전라북도 익산시 망성면 장선리,장선리,36.1222,127.0254
전라북도 익산시 망성면 화산리,화산리,36.1335,126.9984
전라북도 익산시 망성면 신작리,신작리,36.1340607,127.0135697
전라북도 익산시 낭산면,낭산면,36.0780757,127.0098579
전라북도 익산시 낭산면 용기리,용기리,36.0628178,126.9920236
전라북도 익산시 낭산면 구평리,구평리,36.0599768,127.0063348
전라북도 익산시 낭산면 성남리,성남리,36.0443,127.0189
전라북도 익산시 낭산면 낭산리,낭산리,36.0536365,127.0386819
전라북도 익산시 낭산면 석천리,석천리,36.0648,127.0469
전라북도 익산시 낭산면 호암리,호암리,36.067658,127.016788
전라북도 익산시 낭산면 삼담리,삼담리,36.0821238,127.0056218
전라북도 익산시 용안면,용안면,36.1200404,126.9522752
전라북도 익산시 용안면 칠목리,칠목리,36.09184,126.974713
전라북도 익산시 용안면 동지산리,동지산리,36.0957,126.9573
전라북도 익산시 용안면 송산리,송산리,36.0987381,126.9661501
전라북도 익산시 용안면 난포리,난포리,36.128699,126.937463
전라북도 익산시 용안면 석동리,석동리,36.138,126.9375
전라북도 익산시 용안면 법성리,법성리,36.1462085,126.949638
전라북도 익산시 용안면 용두리,용두리,36.1456754,126.9584746
전라북도 익산시 용안면 창리,창리,36.1295586,126.9665455
전라북도 익산시 용안면 중신리,중신리,36.1190715,126.9622372
전라북도 익산시 용안면 덕용리,덕용리,36.1063704,126.9485641
전라북도 익산시 용안면 교동리,교동리,36.1154697,126.9566756
전라북도 익산시 성당면,성당면,36.0882773,126.9349726
전라북도 익산시 성당면 부곡리,부곡리,36.1114197,126.9348778
전라북도 익산시 성당면 성당리,성당리,36.1314675,126.9138918
전라북도 익산시 성당면 두동리,두동리,36.1133942,126.9178669
전라북도 익산시 성당면 갈산리,갈산리,36.0973458,126.9225793
전라북도 익산시 성당면 대선리,대선리,36.064966,126.939683
전라북도 익산시 성당면 와초리,와초리,36.0769899,126.937516
전라북도 익산시 성당면 장선리,장선리,36.087622,126.9413778
전라북도 익산시 웅포면,웅포면,36.0644352,126.8768734
전라북도 익산시 웅포면 대붕암리,대붕암리,36.1300591,126.9005681
전라북도 익산시 웅포면 제성리,제성리,36.1234512,126.8886944
전라북도 익산시 웅포면 맹산리,맹산리,36.1077026,126.8896322
전라북도 익산시 웅포면 고창리,고창리,36.0901958,126.8872579
전라북도 익산시 웅포면 송천리,송천리,36.0799389,126.9020818
전라북도 익산시 웅포면 웅포리,웅포리,36.0675153,126.8835089
전라북도 익산시 웅포면 입점리,입점리,36.0532338,126.8761599
전라북도 익산시 함라면,함라면,36.060058,126.910375
전라북도 익산시 함라면 신목리,신목리,36.0143812,126.902346
전라북도 익산시 함라면 신등리,신등리,36.0337,126.8958
전라북도 익산시 함라면 다망리,다망리,36.0271379,126.9109698
전라북도 익산시 함라면 신대리,신대리,36.0486765,126.9022951
전라북도 익산시 함라면 금성리,금성리,36.0672325,126.9126186
전라북도 익산시 함라면 함열리,함열리,36.0577004,126.9074068
전라북도 익산시 황등면,황등면,36.004446,126.9449916
전라북도 익산시 황등면 신기리,신기리,35.9938,126.9267
전라북도 익산시 황등면 율촌리,율촌리,36.0135072,126.9562533
전라북도 익산시 황등면 용산리,용산리,36.0498687,126.9385134
전라북도 익산시 황등면 구자리,구자리,36.0434359,126.9241181
전라북도 익산시 황등면 신성리,신성리,36.0330291,126.9280055
전라북도 익산시 황등면 죽촌리,죽촌리,36.0269,126.9393
전라북도 익산시 황등면 동연리,동연리,36.0073,126.9312
전라북도 익산시 황등면 황등리,황등리,35.9983767,126.9492323
전라북도 익산시 오산면,오산면,35.9386769,126.9162903
전라북도 익산시 오산면 목천리,목천리,35.9118782,126.9125601
전라북도 익산시 오산면 남전리,남전리,35.9212,126.9006
전라북도 익산시 오산면 신지리,신지리,35.9246,126.8749
전라북도 익산시 오산면 오산리,오산리,35.9392,126.9096
전라북도 익산시 오산면 영만리,영만리,35.9672042,126.9019222
전라북도 익산시 오산면 장신리,장신리,35.9423923,126.9154598
전라북도 익산시 오산면 송학리,송학리,35.944316,126.9225334
전라북도 익산시 함열읍,함열읍,36.0782567,126.9662602
전라북도 익산시 함열읍 다송리,다송리,36.0375457,126.9587275
전라북도 익산시 함열읍 용지리,용지리,36.0496,126.9507
전라북도 익산시 함열읍 석매리,석매리,36.0602259,126.9598518
전라북도 익산시 함열읍 흘산리,흘산리,36.0653172,126.9754251
전라북도 익산시 함열읍 남당리,남당리,36.0783,126.9745
전라북도 익산시 함열읍 와리,와리,36.0787746,126.9602732
전라북도 군산시 내초동,내초동,35.9541,126.605
전라북도 군산시 산북동,산북동,35.9622,126.6537
전라북도 군산시 개사동,개사동,35.936,126.6595
전라북도 군산시 신관동,신관동,35.9422,126.67
전라북도 군산시 비응도동,비응도동,35.9463,126.5311
전라북도 군산시 오식도동,오식도동,35.9585169,126.5480514
전라북도 군산시 미룡동,미룡동,35.9479,126.6895
전라북도 군산시 나운동,나운동,35.9667904,126.6947908
전라북도 군산시 지곡동,지곡동,35.9522,126.7097
전라북도 군산시 미장동,미장동,35.9645,126.7287
전라북도 군산시 사정동,사정동,35.96341,126.750525
전라북도 군산시 내흥동,내흥동,35.9970667,126.7595139
전라북도 군산시 경장동,경장동,35.971,126.7313
전라북도 군산시 서흥남동,서흥남동,35.9732,126.7127
전라북도 군산시 동흥남동,동흥남동,35.9753001,126.7205267
전라북도 군산시 금암동,금암동,35.9855,126.7214
전라북도 군산시 중동,중동,35.984093,126.7246
전라북도 군산시 미원동,미원동,35.98035,126.7167139
전라북도 군산시 장재동,장재동,35.9786,126.7189
전라북도 군산시 대명동,대명동,35.97906,126.721913
전라북도 군산시 중앙로3가,중앙로3가,35.9809161,126.7185657
전라북도 군산시 평화동,평화동,35.9839,126.7186
전라북도 군산시 죽성동,죽성동,35.9860085,126.716983
전라북도 군산시 신영동,신영동,35.985339,126.7194987
전라북도 군산시 영동,영동,35.985511,126.7157292
전라북도 군산시 중앙로2가,중앙로2가,35.983,126.7167
전라북도 군산시 장미동,장미동,35.9897,126.7145
전라북도 군산시 영화동,영화동,35.9893,126.7112
전라북도 군산시 중앙로1가,중앙로1가,35.9869336,126.7119998
전라북도 군산시 개복동,개복동,35.9847,126.7134
전라북도 군산시 송창동,송창동,35.9822461,126.7107209
전라북도 군산시 명산동,명산동,35.984,126.7103
전라북도 군산시 창성동,창성동,35.9832569,126.7131876
전라북도 군산시 둔율동,둔율동,35.9816315,126.7151096
전라북도 군산시 선양동,선양동,35.9809,126.7123
전라북도 군산시 문화동,문화동,35.9738,126.7034
전라북도 군산시 송풍동,송풍동,35.9802,126.6988
전라북도 군산시 금광동,금광동,35.9817,126.7067
전라북도 군산시 오룡동,오룡동,35.9787761,126.7084475
전라북도 군산시 신창동,신창동,35.986018,126.711038
전라북도 군산시 금동,금동,35.9905,126.7067
전라북도 군산시 신흥동,신흥동,35.9872,126.7038
전라북도 군산시 해망동,해망동,35.9886,126.6994
전라북도 군산시 미성동,미성동,35.9593381,126.6567459
전라북도 군산시 소룡동,소룡동,35.9739161,126.6839088
전라북도 군산시 나운3동,나운3동,35.9587674,126.6892213
전라북도 군산시 나운2동,나운2동,35.9648594,126.6996166
전라북도 군산시 나운1동,나운1동,35.9667904,126.6947908
전라북도 군산시 수송동,수송동,35.964879,126.7175531
전라북도 군산시 개정동,개정동,35.964409,126.7543737
전라북도 군산시 구암동,구암동,35.9858077,126.7440126
전라북도 군산시 경암동,경암동,35.9796361,126.7298579
전라북도 군산시 조촌동,조촌동,35.973096,126.7380548
전라북도 군산시 흥남동,흥남동,35.9779077,126.7152383
전라북도 군산시 중앙동,중앙동,35.9860287,126.7174666
전라북도 군산시 삼학동,삼학동,35.9769485,126.7076344
전라북도 군산시 신풍동,신풍동,35.972885,126.700775
전라북도 군산시 월명동,월명동,35.9864147,126.7090167
전라북도 군산시 해신동,해신동,35.9894809,126.7076097
전라북도 군산시 옥서면,옥서면,35.924528,126.6449567
전라북도 군산시 옥서면 선연리,선연리,35.9089,126.6244
전라북도 군산시 옥서면 옥봉리,옥봉리,35.914549,126.644113
전라북도 군산시 옥도면,옥도면,35.9930891,126.7099774
전라북도 군산시 옥도면 두리도리,두리도리,35.7495,126.4664
전라북도 군산시 옥도면 대장도리,대장도리,35.8186,126.3934
전라북도 군산시 옥도면 죽도리,죽도리,36.0376926,126.5286792
전라북도 군산시 옥도면 비안도리,비안도리,35.7383,126.4542
전라북도 군산시 옥도면 말도리,말도리,35.8502969,126.3735166
전라북도 군산시 옥도면 관리도리,관리도리,35.8108,126.3718
전라북도 군산시 옥도면 장자도리,장자도리,35.8104,126.3974
전라북도 군산시 옥도면 야미도리,야미도리,35.8438688,126.4914282
전라북도 군산시 옥도면 신시도리,신시도리,35.8195,126.4655
전라북도 군산시 옥도면 무녀도리,무녀도리,35.8007,126.426
전라북도 군산시 옥도면 선유도리,선유도리,35.8270261,126.4124861
전라북도 군산시 옥도면 어청도리,어청도리,36.1186321,125.9803445
전라북도 군산시 옥도면 연도리,연도리,36.082,126.4357
전라북도 군산시 옥도면 개야도리,개야도리,36.0354,126.5492
전라북도 군산시 나포면,나포면,36.0304597,126.8320053
전라북도 군산시 나포면 서포리,서포리,36.019732,126.7963138
전라북도 군산시 나포면 부곡리,부곡리,36.0052,126.8339
전라북도 군산시 나포면 주곡리,주곡리,36.0241,126.8132
전라북도 군산시 나포면 옥곤리,옥곤리,36.0357,126.8334
전라북도 군산시 나포면 장상리,장상리,36.031,126.8578
전라북도 군산시 나포면 나포리,나포리,36.0462,126.858075
전라북도 군산시 성산면,성산면,35.9896358,126.7859996
전라북도 군산시 성산면 산곡리,산곡리,35.9778,126.8199
전라북도 군산시 성산면 창오리,창오리,35.9875,126.819
전라북도 군산시 성산면 대명리,대명리,35.9974,126.8175
전라북도 군산시 성산면 여방리,여방리,36.0041,126.8009
전라북도 군산시 성산면 도암리,도암리,35.9964,126.7911
전라북도 군산시 성산면 고봉리,고봉리,35.9855,126.7856
전라북도 군산시 성산면 둔덕리,둔덕리,35.9996371,126.774781
전라북도 군산시 성산면 성덕리,성덕리,36.0200414,126.7693908
전라북도 군산시 개정면,개정면,35.9583897,126.796439
전라북도 군산시 개정면 옥석리,옥석리,35.9447,126.7828
전라북도 군산시 개정면 통사리,통사리,35.9517,126.8006
전라북도 군산시 개정면 발산리,발산리,35.9597,126.7924
전라북도 군산시 개정면 아산리,아산리,35.9717,126.7985
전라북도 군산시 개정면 운회리,운회리,35.9667,126.7837
전라북도 군산시 개정면 아동리,아동리,35.97261,126.771987
전라북도 군산시 대야면,대야면,35.9467547,126.8115986
전라북도 군산시 대야면 보덕리,보덕리,35.9641,126.8206
전라북도 군산시 대야면 죽산리,죽산리,35.9447,126.8447
전라북도 군산시 대야면 접산리,접산리,35.944,126.8695
전라북도 군산시 대야면 광교리,광교리,35.9267,126.8548
전라북도 군산시 대야면 복교리,복교리,35.9254,126.8279
전라북도 군산시 대야면 지경리,지경리,35.92926,126.7992
전라북도 군산시 대야면 산월리,산월리,35.9524,126.8178
전라북도 군산시 서수면,서수면,35.9832319,126.8758842
전라북도 군산시 서수면 금암리,금암리,35.9958,126.9075
전라북도 군산시 서수면 화등리,화등리,35.9993447,126.8966787
전라북도 군산시 서수면 마룡리,마룡리,36.0011018,126.8748421
전라북도 군산시 서수면 관원리,관원리,36.0191111,126.8750081
전라북도 군산시 서수면 축동리,축동리,36.0077,126.8557
전라북도 군산시 서수면 서수리,서수리,35.9844,126.881
전라북도 군산시 임피면,임피면,35.9825478,126.8505365
전라북도 군산시 임피면 영창리,영창리,35.9722,126.8841
전라북도 군산시 임피면 월하리,월하리,35.9637,126.8731
전라북도 군산시 임피면 술산리,술산리,35.9551,126.8678
전라북도 군산시 임피면 보석리,보석리,35.9628,126.8487
전라북도 군산시 임피면 미원리,미원리,35.9779,126.8387
전라북도 군산시 임피면 축산리,축산리,35.995693,126.848875
전라북도 군산시 임피면 읍내리,읍내리,35.9832,126.8515
전라북도 군산시 회현면,회현면,35.9130683,126.7569886
전라북도 군산시 회현면 증석리,증석리,35.9119,126.7922
전라북도 군산시 회현면 원우리,원우리,35.93,126.7746
전라북도 군산시 회현면 학당리,학당리,35.9118,126.7708
전라북도 군산시 회현면 고사리,고사리,35.9258,126.7612
전라북도 군산시 회현면 세장리,세장리,35.9231,126.7476
전라북도 군산시 회현면 대정리,대정리,35.9123,126.7433
전라북도 군산시 회현면 금광리,금광리,35.8976,126.7602
전라북도 군산시 회현면 월연리,월연리,35.8971,126.7281
전라북도 군산시 옥산면,옥산면,35.9394676,126.7484038
전라북도 군산시 옥산면 금성리,금성리,35.9235,126.735
전라북도 군산시 옥산면 당북리,당북리,35.9418,126.7213
전라북도 군산시 옥산면 쌍봉리,쌍봉리,35.9496,126.751
전라북도 군산시 옥산면 남내리,남내리,35.9378,126.7626
전라북도 군산시 옥산면 옥산리,옥산리,35.9357,126.7434
전라북도 군산시 옥구읍,옥구읍,35.9231823,126.6852364
전라북도 군산시 옥구읍 어은리,어은리,35.903699,126.664312
전라북도 군산시 옥구읍 선제리,선제리,35.9227,126.6821
전라북도 군산시 옥구읍 오곡리,오곡리,35.909,126.6838
전라북도 군산시 옥구읍 수산리,수산리,35.9032,126.7087
전라북도 군산시 옥구읍 이곡리,이곡리,35.915949,126.7223
전라북도 군산시 옥구읍 상평리,상평리,35.9304,126.7105
전라북도 군산시 옥구읍 옥정리,옥정리,35.9339,126.6993
전라북도 전주시 덕진구,덕진구,35.8294,127.134362
전라북도 전주시 덕진구 중동,중동,35.836299,127.06365
전라북도 전주시 덕진구 남정동,남정동,35.8703,127.0162
전라북도 전주시 덕진구 도덕동,도덕동,35.89,127.0256
전라북도 전주시 덕진구 강흥동,강흥동,35.8905,127.0103
전라북도 전주시 덕진구 도도동,도도동,35.8822,127.0147
전라북도 전주시 덕진구 팔복동4가,팔복동4가,35.8665333,127.1004639
전라북도 전주시 덕진구 장동,장동,35.854065,127.059025
전라북도 전주시 덕진구 만성동,만성동,35.838574,127.078325
전라북도 전주시 덕진구 여의동,여의동,35.8713317,127.0756502
전라북도 전주시 덕진구 고랑동,고랑동,35.883,127.0844
전라북도 전주시 덕진구 원동,원동,35.8631,127.0364
전라북도 전주시 덕진구 성덕동,성덕동,35.8782,127.036
전라북도 전주시 덕진구 용정동,용정동,35.8786,127.0528
전라북도 전주시 덕진구 화전동,화전동,35.892432,127.05485
전라북도 전주시 덕진구 반월동,반월동,35.8811833,127.0701389
전라북도 전주시 덕진구 송천동2가,송천동2가,35.8717333,127.1212
전라북도 전주시 덕진구 송천동1가,송천동1가,35.859349,127.125463
전라북도 전주시 덕진구 전미동2가,전미동2가,35.8870583,127.105275
전라북도 전주시 덕진구 전미동1가,전미동1가,35.8904,127.124
전라북도 전주시 덕진구 호성동3가,호성동3가,35.8912,127.1401
전라북도 전주시 덕진구 호성동2가,호성동2가,35.8766167,127.148575
전라북도 전주시 덕진구 호성동1가,호성동1가,35.8626,127.1543
전라북도 전주시 덕진구 우아동3가,우아동3가,35.848082,127.15955
전라북도 전주시 덕진구 우아동2가,우아동2가,35.8331,127.1711
전라북도 전주시 덕진구 우아동1가,우아동1가,35.817,127.2001
전라북도 전주시 덕진구 금상동,금상동,35.8424,127.1935
전라북도 전주시 덕진구 산정동,산정동,35.8425,127.1725
전라북도 전주시 덕진구 팔복동3가,팔복동3가,35.847275,127.09295
전라북도 전주시 덕진구 팔복동2가,팔복동2가,35.854865,127.0961
전라북도 전주시 덕진구 팔복동1가,팔복동1가,35.856974,127.107775
전라북도 전주시 덕진구 금암동,금암동,35.837424,127.133088
전라북도 전주시 덕진구 덕진동2가,덕진동2가,35.8456,127.113
전라북도 전주시 덕진구 덕진동1가,덕진동1가,35.8465833,127.12525
전라북도 전주시 덕진구 인후동2가,인후동2가,35.8399333,127.146
전라북도 전주시 덕진구 인후동1가,인후동1가,35.8313417,127.1579889
전라북도 전주시 덕진구 혁신동,혁신동,35.8375719,127.0613139
전라북도 전주시 덕진구 동산동,동산동,35.8679383,127.0850867
전라북도 전주시 덕진구 조촌동,조촌동,35.8745274,127.0692019
전라북도 전주시 덕진구 송천2동,송천2동,35.8649317,127.1156886
전라북도 전주시 덕진구 송천1동,송천1동,35.857132,127.121025
전라북도 전주시 덕진구 호성동,호성동,35.8636764,127.1496213
전라북도 전주시 덕진구 우아2동,우아2동,35.83779,127.167063
전라북도 전주시 덕진구 우아1동,우아1동,35.849865,127.159525
전라북도 전주시 덕진구 팔복동,팔복동,35.853657,127.106313
전라북도 전주시 덕진구 금암2동,금암2동,35.8386243,127.1430611
전라북도 전주시 덕진구 금암1동,금암1동,35.837424,127.133088
전라북도 전주시 덕진구 덕진동,덕진동,35.8453823,127.1206681
전라북도 전주시 덕진구 인후3동,인후3동,35.8279053,127.1607311
전라북도 전주시 덕진구 인후2동,인후2동,35.8398802,127.1463252
전라북도 전주시 덕진구 인후1동,인후1동,35.8374724,127.1566638
전라북도 전주시 덕진구 진북동,진북동,35.8277895,127.1314926
전라북도 전주시 완산구,완산구,35.8122,127.1198125
전라북도 전주시 완산구 서노송동,서노송동,35.8260417,127.14575
전라북도 전주시 완산구 상림동,상림동,35.818,127.0738
전라북도 전주시 완산구 색장동,색장동,35.7926,127.1963
전라북도 전주시 완산구 대성동,대성동,35.7926,127.1728
전라북도 전주시 완산구 효자동3가,효자동3가,35.8241417,127.096125
전라북도 전주시 완산구 효자동2가,효자동2가,35.8068667,127.0987125
전라북도 전주시 완산구 효자동1가,효자동1가,35.805925,127.12545
전라북도 전주시 완산구 삼천동3가,삼천동3가,35.79625,127.078875
전라북도 전주시 완산구 삼천동2가,삼천동2가,35.7857167,127.0986
전라북도 전주시 완산구 삼천동1가,삼천동1가,35.795592,127.1201
전라북도 전주시 완산구 용복동,용복동,35.7728,127.0796
전라북도 전주시 완산구 중인동,중인동,35.7566,127.0891
전라북도 전주시 완산구 평화동3가,평화동3가,35.7803,127.1231
전라북도 전주시 완산구 평화동2가,평화동2가,35.784683,127.133538
전라북도 전주시 완산구 평화동1가,평화동1가,35.7954,127.139013
전라북도 전주시 완산구 원당동,원당동,35.7639,127.1109
전라북도 전주시 완산구 석구동,석구동,35.7640833,127.1320139
전라북도 전주시 완산구 중화산동2가,중화산동2가,35.8163583,127.121325
전라북도 전주시 완산구 중화산동1가,중화산동1가,35.8160167,127.1321639
전라북도 전주시 완산구 서완산동2가,서완산동2가,35.8109,127.13665
전라북도 전주시 완산구 서완산동1가,서완산동1가,35.8105,127.1394
전라북도 전주시 완산구 동완산동,동완산동,35.8081,127.1438
전라북도 전주시 완산구 남노송동,남노송동,35.819125,127.1597139
전라북도 전주시 완산구 중노송동,중노송동,35.823375,127.1563
전라북도 전주시 완산구 태평동,태평동,35.8241167,127.1374889
전라북도 전주시 완산구 교동,교동,35.8122,127.1612
전라북도 전주시 완산구 고사동,고사동,35.8203,127.143
전라북도 전주시 완산구 다가동4가,다가동4가,35.819717,127.13865
전라북도 전주시 완산구 다가동3가,다가동3가,35.8171,127.139912
전라북도 전주시 완산구 다가동2가,다가동2가,35.8141102,127.1405127
전라북도 전주시 완산구 다가동1가,다가동1가,35.8148222,127.1419534
전라북도 전주시 완산구 전동3가,전동3가,35.8131526,127.1449043
전라북도 전주시 완산구 전동,전동,35.813667,127.148275
전라북도 전주시 완산구 풍남동3가,풍남동3가,35.8159,127.1528
전라북도 전주시 완산구 풍남동2가,풍남동2가,35.8188236,127.1525524
전라북도 전주시 완산구 풍남동1가,풍남동1가,35.8185346,127.1509963
전라북도 전주시 완산구 경원동3가,경원동3가,35.8209,127.149
전라북도 전주시 완산구 경원동2가,경원동2가,35.8180548,127.1494599
전라북도 전주시 완산구 경원동1가,경원동1가,35.8176,127.1475
전라북도 전주시 완산구 중앙동4가,중앙동4가,35.8152287,127.1449123
전라북도 전주시 완산구 중앙동3가,중앙동3가,35.817628,127.1451637
전라북도 전주시 완산구 중앙동2가,중앙동2가,35.8171579,127.1436953
전라북도 전주시 완산구 중앙동1가,중앙동1가,35.8166868,127.1422767
전라북도 전주시 완산구 효자5동,효자5동,35.8177202,127.1015225
전라북도 전주시 완산구 효자4동,효자4동,35.8039627,127.0978385
전라북도 전주시 완산구 효자3동,효자3동,35.806559,127.1103191
전라북도 전주시 완산구 효자2동,효자2동,35.80695,127.119587
전라북도 전주시 완산구 효자1동,효자1동,35.805883,127.13
전라북도 전주시 완산구 삼천3동,삼천3동,35.7968854,127.1143314
전라북도 전주시 완산구 삼천2동,삼천2동,35.796342,127.122362
전라북도 전주시 완산구 삼천1동,삼천1동,35.8007277,127.121585
전라북도 전주시 완산구 평화2동,평화2동,35.795558,127.135238
전라북도 전주시 완산구 평화1동,평화1동,35.7981,127.140338
전라북도 전주시 완산구 서신동,서신동,35.831085,127.1155486
전라북도 전주시 완산구 중화산2동,중화산2동,35.8217024,127.1164071
전라북도 전주시 완산구 중화산1동,중화산1동,35.814633,127.12485
전라북도 전주시 완산구 서서학동,서서학동,35.805733,127.148675
전라북도 전주시 완산구 동서학동,동서학동,35.809508,127.1522
전라북도 전주시 완산구 완산동,완산동,35.8091812,127.13484
전라북도 전주시 완산구 노송동,노송동,35.8244741,127.158364
전라북도 전주시 완산구 풍남동,풍남동,35.8170916,127.1481152
전라북도 전주시 완산구 중앙동,중앙동,35.823542,127.140613
