충청남도 태안군 이원면,이원면,36.8695816,126.2808382
충청남도 태안군 이원면 사창리,사창리,36.8454,126.2731
충청남도 태안군 이원면 포지리,포지리,36.8658,126.27
충청남도 태안군 이원면 당산리,당산리,36.8635,126.3108
충청남도 태안군 이원면 관리,관리,36.9007,126.3041
충청남도 태안군 이원면 내리,내리,36.9416,126.296
충청남도 태안군 원북면,원북면,36.823467,126.2571
충청남도 태안군 원북면 마산리,마산리,36.8312,126.2743
충청남도 태안군 원북면 양산리,양산리,36.7865333,126.25625
충청남도 태안군 원북면 청산리,청산리,36.816,126.272
충청남도 태안군 원북면 장대리,장대리,36.7867,126.239
충청남도 태안군 원북면 대기리,대기리,36.801,126.2485
충청남도 태안군 원북면 동해리,동해리,36.8147,126.2282
충청남도 태안군 원북면 신두리,신두리,36.8378,126.209
충청남도 태안군 원북면 방갈리,방갈리,36.8912739,126.2169994
충청남도 태안군 원북면 황촌리,황촌리,36.8676,126.213
충청남도 태안군 원북면 이곡리,이곡리,36.8525,126.2394
충청남도 태안군 원북면 반계리,반계리,36.8268,126.2485
충청남도 태안군 소원면,소원면,36.7625541,126.1972821
충청남도 태안군 소원면 송현리,송현리,36.7496,126.1588
충청남도 태안군 소원면 파도리,파도리,36.730635,126.137925
충청남도 태안군 소원면 모항리,모항리,36.7717,126.1138
충청남도 태안군 소원면 의항리,의항리,36.8153,126.1615
충청남도 태안군 소원면 소근리,소근리,36.8064,126.205613
충청남도 태안군 소원면 영전리,영전리,36.7804,126.2123
충청남도 태안군 소원면 신덕리,신덕리,36.7791,126.1887
충청남도 태안군 소원면 법산리,법산리,36.7478,126.2021
충청남도 태안군 소원면 시목리,시목리,36.7698,126.2418
충청남도 태안군 근흥면,근흥면,36.713626,126.227988
충청남도 태안군 근흥면 가의도리,가의도리,36.6734,126.0615
충청남도 태안군 근흥면 신진도리,신진도리,36.6779,126.1428
충청남도 태안군 근흥면 정죽리,정죽리,36.6968,126.1734
충청남도 태안군 근흥면 도황리,도황리,36.6922,126.1962
충청남도 태안군 근흥면 용신리,용신리,36.713,126.2267
충청남도 태안군 근흥면 안기리,안기리,36.7327,126.2748
충청남도 태안군 근흥면 마금리,마금리,36.741,126.2222
충청남도 태안군 근흥면 수룡리,수룡리,36.757742,126.240863
충청남도 태안군 근흥면 두야리,두야리,36.7489,126.2588
충청남도 태안군 남면,남면,36.6719017,126.2976979
충청남도 태안군 남면 신온리,신온리,36.605,126.3066
충청남도 태안군 남면 당암리,당암리,36.6243,126.337
충청남도 태안군 남면 원청리,원청리,36.6315,126.3094
충청남도 태안군 남면 양잠리,양잠리,36.65,126.3306
충청남도 태안군 남면 달산리,달산리,36.6697,126.3049
충청남도 태안군 남면 신장리,신장리,36.683301,126.29115
충청남도 태안군 남면 몽산리,몽산리,36.68826,126.273075
충청남도 태안군 남면 진산리,진산리,36.7257,126.2724
충청남도 태안군 고남면,고남면,36.420401,126.4092
충청남도 태안군 고남면 고남리,고남리,36.4169,126.4136
충청남도 태안군 고남면 누동리,누동리,36.449935,126.405225
충청남도 태안군 고남면 장곡리,장곡리,36.435926,126.380113
충청남도 태안군 안면읍,안면읍,36.5206815,126.3444752
충청남도 태안군 안면읍 황도리,황도리,36.5966342,126.3805395
충청남도 태안군 안면읍 신야리,신야리,36.450693,126.347287
충청남도 태안군 안면읍 중장리,중장리,36.4759,126.3754
충청남도 태안군 안면읍 창기리,창기리,36.5895237,126.3445375
충청남도 태안군 안면읍 정당리,정당리,36.5434,126.3531
충청남도 태안군 안면읍 승언리,승언리,36.453,126.3066
충청남도 태안군 태안읍,태안읍,36.7576791,126.2963727
충청남도 태안군 태안읍 삭선리,삭선리,36.7882,126.2788
충청남도 태안군 태안읍 산후리,산후리,36.7843,126.3005
충청남도 태안군 태안읍 어은리,어은리,36.8011,126.3141
충청남도 태안군 태안읍 도내리,도내리,36.8007,126.3401
충청남도 태안군 태안읍 인평리,인평리,36.7715,126.3424
충청남도 태안군 태안읍 상옥리,상옥리,36.7719,126.3218
충청남도 태안군 태안읍 평천리,평천리,36.7488,126.327
충청남도 태안군 태안읍 반곡리,반곡리,36.7273,126.3271
충청남도 태안군 태안읍 송암리,송암리,36.7001,126.3269
충청남도 태안군 태안읍 남산리,남산리,36.7296,126.287
충청남도 태안군 태안읍 장산리,장산리,36.756158,126.27915
충청남도 태안군 태안읍 남문리,남문리,36.7505,126.2946
충청남도 태안군 태안읍 동문리,동문리,36.7531,126.3034
충청남도 예산군 오가면,오가면,36.687126,126.797613
충청남도 예산군 오가면 오촌리,오촌리,36.7152179,126.800575
충청남도 예산군 오가면 신원리,신원리,36.6979013,126.81775
충청남도 예산군 오가면 원천리,원천리,36.6987,126.7993
충청남도 예산군 오가면 내량리,내량리,36.7165679,126.780825
충청남도 예산군 오가면 양막리,양막리,36.715,126.7644
충청남도 예산군 오가면 분천리,분천리,36.7031346,126.7725375
충청남도 예산군 오가면 좌방리,좌방리,36.6935,126.7696
충청남도 예산군 오가면 월곡리,월곡리,36.6701596,126.7778875
충청남도 예산군 오가면 신석리,신석리,36.6806846,126.776575
충청남도 예산군 오가면 신장리,신장리,36.6680513,126.8018125
충청남도 예산군 오가면 원평리,원평리,36.6754,126.8134
충청남도 예산군 오가면 역탑리,역탑리,36.685,126.7961
충청남도 예산군 신암면,신암면,36.7345022,126.8262431
충청남도 예산군 신암면 탄중리,탄중리,36.7165346,126.81905
충청남도 예산군 신암면 오산리,오산리,36.7278763,126.808425
충청남도 예산군 신암면 별리,별리,36.7313179,126.7707375
충청남도 예산군 신암면 조곡리,조곡리,36.7344263,126.7853375
충청남도 예산군 신암면 중예리,중예리,36.7434763,126.7697875
충청남도 예산군 신암면 예림리,예림리,36.7526333,126.7860625
충청남도 예산군 신암면 용궁리,용궁리,36.751375,126.8042875
충청남도 예산군 신암면 신택리,신택리,36.765725,126.80865
충청남도 예산군 신암면 하평리,하평리,36.776375,126.826
충청남도 예산군 신암면 신종리,신종리,36.761875,126.8217625
충청남도 예산군 신암면 두곡리,두곡리,36.75155,126.8249
충청남도 예산군 신암면 계촌리,계촌리,36.7431513,126.8373
충청남도 예산군 신암면 종경리,종경리,36.7332846,126.8229875
충청남도 예산군 고덕면,고덕면,36.745301,126.702637
충청남도 예산군 고덕면 석곡리,석곡리,36.7381346,126.7125625
충청남도 예산군 고덕면 사리,사리,36.7230263,126.7114625
충청남도 예산군 고덕면 용리,용리,36.7201596,126.7310875
충청남도 예산군 고덕면 구만리,구만리,36.7383513,126.7387875
충청남도 예산군 고덕면 상궁리,상궁리,36.75495,126.752875
충청남도 예산군 고덕면 상장리,상장리,36.7529667,126.7187625
충청남도 예산군 고덕면 지곡리,지곡리,36.7564917,126.7293
충청남도 예산군 고덕면 오추리,오추리,36.7703667,126.7369375
충청남도 예산군 고덕면 호음리,호음리,36.7843,126.7265
충청남도 예산군 고덕면 상몽리,상몽리,36.7898333,126.7053375
충청남도 예산군 고덕면 몽곡리,몽곡리,36.7737,126.7076125
충청남도 예산군 고덕면 대천리,대천리,36.7557833,126.7018125
충청남도 예산군 봉산면,봉산면,36.748701,126.681675
충청남도 예산군 봉산면 마교리,마교리,36.776725,126.6820375
충청남도 예산군 봉산면 옹안리,옹안리,36.7722667,126.677825
충청남도 예산군 봉산면 금치리,금치리,36.763,126.661838
충청남도 예산군 봉산면 궁평리,궁평리,36.7634833,126.6861125
충청남도 예산군 봉산면 화전리,화전리,36.7557833,126.68025
충청남도 예산군 봉산면 대지리,대지리,36.7434,126.691
충청남도 예산군 봉산면 효교리,효교리,36.7270013,126.6875875
충청남도 예산군 봉산면 시동리,시동리,36.7316,126.6736
충청남도 예산군 봉산면 당곡리,당곡리,36.7240596,126.670675
충청남도 예산군 봉산면 옥전리,옥전리,36.7300179,126.6627625
충청남도 예산군 봉산면 하평리,하평리,36.7165513,126.6718
충청남도 예산군 봉산면 사석리,사석리,36.7207,126.6505
충청남도 예산군 봉산면 봉림리,봉림리,36.7426429,126.6478375
충청남도 예산군 봉산면 구암리,구암리,36.7442263,126.6729625
충청남도 예산군 봉산면 고도리,고도리,36.75185,126.66955
충청남도 예산군 덕산면,덕산면,36.701485,126.6655
충청남도 예산군 덕산면 대동리,대동리,36.6370321,126.612675
충청남도 예산군 덕산면 낙상리,낙상리,36.6274987,126.6220125
충청남도 예산군 덕산면 복당리,복당리,36.6294404,126.5926125
충청남도 예산군 덕산면 내라리,내라리,36.6393154,126.59885
충청남도 예산군 덕산면 외라리,외라리,36.6441071,126.6043375
충청남도 예산군 덕산면 사천리,사천리,36.6567,126.6235
충청남도 예산군 덕산면 광천리,광천리,36.6635821,126.6034625
충청남도 예산군 덕산면 대치리,대치리,36.6873,126.6155
충청남도 예산군 덕산면 둔리,둔리,36.6645071,126.642225
충청남도 예산군 덕산면 시량리,시량리,36.6884596,126.6437625
충청남도 예산군 덕산면 신평리,신평리,36.6946,126.6639
충청남도 예산군 덕산면 사동리,사동리,36.6939846,126.6512875
충청남도 예산군 덕산면 상가리,상가리,36.7206291,126.624436
충청남도 예산군 덕산면 옥계리,옥계리,36.7074763,126.6480625
충청남도 예산군 덕산면 북문리,북문리,36.7112096,126.66545
충청남도 예산군 덕산면 읍내리,읍내리,36.7001,126.6737
충청남도 예산군 응봉면,응봉면,36.6586449,126.7611528
충청남도 예산군 응봉면 계정리,계정리,36.6540821,126.746825
충청남도 예산군 응봉면 주령리,주령리,36.6653404,126.75235
충청남도 예산군 응봉면 송석리,송석리,36.6662,126.7679
충청남도 예산군 응봉면 증곡리,증곡리,36.6591237,126.778475
충청남도 예산군 응봉면 운곡리,운곡리,36.6502,126.7821
충청남도 예산군 응봉면 입침리,입침리,36.6521237,126.8062375
충청남도 예산군 응봉면 후사리,후사리,36.6450237,126.797975
충청남도 예산군 응봉면 등촌리,등촌리,36.6330987,126.7934
충청남도 예산군 응봉면 평촌리,평촌리,36.63764,126.77935
충청남도 예산군 응봉면 신리,신리,36.6266071,126.7899625
충청남도 예산군 응봉면 건지화리,건지화리,36.6278987,126.76925
충청남도 예산군 응봉면 지석리,지석리,36.6426987,126.7607375
충청남도 예산군 응봉면 노화리,노화리,36.6518154,126.7666875
충청남도 예산군 대흥면,대흥면,36.6067572,126.7883162
충청남도 예산군 대흥면 손지리,손지리,36.6539071,126.8214375
충청남도 예산군 대흥면 갈신리,갈신리,36.6583,126.8582
충청남도 예산군 대흥면 대률리,대률리,36.6499414,126.8383436
충청남도 예산군 대흥면 금곡리,금곡리,36.6316404,126.8492625
충청남도 예산군 대흥면 탄방리,탄방리,36.6275987,126.83105
충청남도 예산군 대흥면 하탄방리,하탄방리,36.6171,126.8228
충청남도 예산군 대흥면 지곡리,지곡리,36.6395654,126.8267375
충청남도 예산군 대흥면 노동리,노동리,36.6311071,126.8136
충청남도 예산군 대흥면 신속리,신속리,36.6271,126.8082
충청남도 예산군 대흥면 대야리,대야리,36.6136487,126.8077875
충청남도 예산군 대흥면 송지리,송지리,36.6050737,126.8055375
충청남도 예산군 대흥면 교촌리,교촌리,36.607582,126.7809919
충청남도 예산군 대흥면 상중리,상중리,36.6001154,126.78675
충청남도 예산군 대흥면 동서리,동서리,36.6051654,126.7800375
충청남도 예산군 광시면,광시면,36.5489388,126.7732904
충청남도 예산군 광시면 대리,대리,36.5409167,126.8144125
충청남도 예산군 광시면 가덕리,가덕리,36.5348,126.7846
충청남도 예산군 광시면 시목리,시목리,36.5427417,126.7862
충청남도 예산군 광시면 미곡리,미곡리,36.5576417,126.7980625
충청남도 예산군 광시면 용두리,용두리,36.56045,126.784775
충청남도 예산군 광시면 장신리,장신리,36.5682667,126.8071625
충청남도 예산군 광시면 신흥리,신흥리,36.5588917,126.830675
충청남도 예산군 광시면 서초정리,서초정리,36.5816,126.822
충청남도 예산군 광시면 월송리,월송리,36.5952404,126.824575
충청남도 예산군 광시면 장전리,장전리,36.5942711,126.8047836
충청남도 예산군 광시면 동산리,동산리,36.5876237,126.786825
충청남도 예산군 광시면 관음리,관음리,36.575825,126.7909
충청남도 예산군 광시면 신대리,신대리,36.5710949,126.779925
충청남도 예산군 광시면 마사리,마사리,36.5815083,126.766675
충청남도 예산군 광시면 구례리,구례리,36.5675613,126.7670818
충청남도 예산군 광시면 은사리,은사리,36.5616917,126.7640375
충청남도 예산군 광시면 하장대리,하장대리,36.542025,126.77385
충청남도 예산군 광시면 운산리,운산리,36.5477,126.7473
충청남도 예산군 광시면 노전리,노전리,36.5367833,126.75555
충청남도 예산군 광시면 광시리,광시리,36.550475,126.7661125
충청남도 예산군 신양면,신양면,36.6015584,126.86848
충청남도 예산군 신양면 차동리,차동리,36.5913404,126.9074625
충청남도 예산군 신양면 대덕리,대덕리,36.5928,126.8809
충청남도 예산군 신양면 여래미리,여래미리,36.5777083,126.878375
충청남도 예산군 신양면 만사리,만사리,36.5814667,126.867175
충청남도 예산군 신양면 가지리,가지리,36.5764,126.8559
충청남도 예산군 신양면 죽천리,죽천리,36.5986654,126.8571375
충청남도 예산군 신양면 하천리,하천리,36.608565,126.907713
충청남도 예산군 신양면 귀곡리,귀곡리,36.6400404,126.869525
충청남도 예산군 신양면 연리,연리,36.6306737,126.882975
충청남도 예산군 신양면 시왕리,시왕리,36.6189987,126.9143
충청남도 예산군 신양면 불원리,불원리,36.6209071,126.8786125
충청남도 예산군 신양면 서계양리,서계양리,36.6182,126.8566
충청남도 예산군 신양면 녹문리,녹문리,36.6082404,126.8472625
충청남도 예산군 신양면 무봉리,무봉리,36.6109404,126.828825
충청남도 예산군 신양면 황계리,황계리,36.5976321,126.8388375
충청남도 예산군 신양면 신양리,신양리,36.6038404,126.8773875
충청남도 예산군 대술면,대술면,36.657582,126.892188
충청남도 예산군 대술면 이티리,이티리,36.6388821,126.92605
충청남도 예산군 대술면 마전리,마전리,36.6332571,126.9090375
충청남도 예산군 대술면 산정리,산정리,36.6526154,126.880475
충청남도 예산군 대술면 시산리,시산리,36.6777013,126.882475
충청남도 예산군 대술면 궐곡리,궐곡리,36.6833,126.9002
충청남도 예산군 대술면 화산리,화산리,36.6941096,126.9187625
충청남도 예산군 대술면 송석리,송석리,36.6886,126.9532
충청남도 예산군 대술면 장복리,장복리,36.6837929,126.9236125
충청남도 예산군 대술면 방산리,방산리,36.6638404,126.9407625
충청남도 예산군 대술면 상항리,상항리,36.6696179,126.9136375
충청남도 예산군 대술면 농리,농리,36.6657904,126.906225
충청남도 예산군 대술면 화천리,화천리,36.6543654,126.9048625
충청남도 예산군 삽교읍,삽교읍,36.6880379,126.739388
충청남도 예산군 삽교읍 월산리,월산리,36.6752,126.7638
충청남도 예산군 삽교읍 효림리,효림리,36.6799763,126.7564875
충청남도 예산군 삽교읍 방아리,방아리,36.6904,126.7605
충청남도 예산군 삽교읍 신가리,신가리,36.6769,126.7321
충청남도 예산군 삽교읍 성리,성리,36.7085,126.7479
충청남도 예산군 삽교읍 하포리,하포리,36.7244929,126.7532375
충청남도 예산군 삽교읍 용동리,용동리,36.7040513,126.729475
충청남도 예산군 삽교읍 상성리,상성리,36.6965679,126.7139875
충청남도 예산군 삽교읍 가리,가리,36.7067763,126.707575
충청남도 예산군 삽교읍 창정리,창정리,36.7161429,126.6987875
충청남도 예산군 삽교읍 상하리,상하리,36.7048096,126.6856625
충청남도 예산군 삽교읍 역리,역리,36.6944679,126.699825
충청남도 예산군 삽교읍 송산리,송산리,36.6935596,126.683825
충청남도 예산군 삽교읍 안치리,안치리,36.6875513,126.6878375
충청남도 예산군 삽교읍 신리,신리,36.6802,126.6771
충청남도 예산군 삽교읍 목리,목리,36.6655154,126.6754875
충청남도 예산군 삽교읍 이리,이리,36.6752679,126.69775
충청남도 예산군 삽교읍 수촌리,수촌리,36.6718346,126.7058875
충청남도 예산군 삽교읍 평촌리,평촌리,36.6817763,126.7143
충청남도 예산군 삽교읍 삽교리,삽교리,36.6928929,126.7246375
충청남도 예산군 삽교읍 두리,두리,36.6952429,126.7475875
충청남도 예산군 예산읍,예산읍,36.6786679,126.8461625
충청남도 예산군 예산읍 수철리,수철리,36.7053096,126.884475
충청남도 예산군 예산읍 궁평리,궁평리,36.7389763,126.856625
충청남도 예산군 예산읍 간양리,간양리,36.7264429,126.8704
충청남도 예산군 예산읍 신례원리,신례원리,36.7183346,126.8537
충청남도 예산군 예산읍 창소리,창소리,36.7255429,126.8357
충청남도 예산군 예산읍 관작리,관작리,36.7067846,126.8482
충청남도 예산군 예산읍 석양리,석양리,36.7027429,126.8380125
충청남도 예산군 예산읍 발연리,발연리,36.7022096,126.8254375
충청남도 예산군 예산읍 산성리,산성리,36.6902596,126.8346625
충청남도 예산군 예산읍 주교리,주교리,36.6758263,126.83155
충청남도 예산군 예산읍 대회리,대회리,36.6713929,126.8558
충청남도 예산군 예산읍 향천리,향천리,36.6837013,126.860925
충청남도 예산군 예산읍 예산리,예산리,36.6824,126.8458
충청남도 홍성군 구항면,구항면,36.587757,126.610888
충청남도 홍성군 구항면 마온리,마온리,36.5692667,126.645575
충청남도 홍성군 구항면 청광리,청광리,36.558425,126.6411875
충청남도 홍성군 구항면 신곡리,신곡리,36.54055,126.6481125
충청남도 홍성군 구항면 대정리,대정리,36.54505,126.6223625
충청남도 홍성군 구항면 지정리,지정리,36.5506328,126.6309572
충청남도 홍성군 구항면 내현리,내현리,36.574175,126.611425
충청남도 홍성군 구항면 태봉리,태봉리,36.5669417,126.595325
충청남도 홍성군 구항면 장양리,장양리,36.5784583,126.5903875
충청남도 홍성군 구항면 남산리,남산리,36.5900154,126.5834125
충청남도 홍성군 구항면 공리,공리,36.5966571,126.5942875
충청남도 홍성군 구항면 오봉리,오봉리,36.5998654,126.610825
충청남도 홍성군 구항면 황곡리,황곡리,36.5821167,126.6239125
충청남도 홍성군 갈산면,갈산면,36.605174,126.5501
충청남도 홍성군 갈산면 대사리,대사리,36.6347654,126.5508
충청남도 홍성군 갈산면 와리,와리,36.5855404,126.5531
충청남도 홍성군 갈산면 운곡리,운곡리,36.6211071,126.5566625
충청남도 홍성군 갈산면 취생리,취생리,36.6367321,126.5373375
충청남도 홍성군 갈산면 동성리,동성리,36.6324071,126.5233
충청남도 홍성군 갈산면 기산리,기산리,36.6252613,126.493214
충청남도 홍성군 갈산면 부기리,부기리,36.6151487,126.5368
충청남도 홍성군 갈산면 오두리,오두리,36.5993821,126.5213125
충청남도 홍성군 갈산면 행산리,행산리,36.5941071,126.553425
충청남도 홍성군 갈산면 쌍천리,쌍천리,36.5944571,126.5745875
충청남도 홍성군 갈산면 동산리,동산리,36.6038487,126.585
충청남도 홍성군 갈산면 갈오리,갈오리,36.6172154,126.609575
충청남도 홍성군 갈산면 가곡리,가곡리,36.6385237,126.578825
충청남도 홍성군 갈산면 신안리,신안리,36.6129321,126.5829125
충청남도 홍성군 갈산면 내갈리,내갈리,36.6098404,126.565675
충청남도 홍성군 갈산면 상촌리,상촌리,36.6043737,126.5484
충청남도 홍성군 서부면,서부면,36.5802791,126.51724
충청남도 홍성군 서부면 죽도리,죽도리,36.5194,126.4411
충청남도 홍성군 서부면 중리,중리,36.5739083,126.5256875
충청남도 홍성군 서부면 판교리,판교리,36.545825,126.5237125
충청남도 홍성군 서부면 양곡리,양곡리,36.5531,126.5076
충청남도 홍성군 서부면 신리,신리,36.5375396,126.499314
충청남도 홍성군 서부면 남당리,남당리,36.5434917,126.4806375
충청남도 홍성군 서부면 어사리,어사리,36.5618417,126.49395
충청남도 홍성군 서부면 거차리,거차리,36.5704333,126.488475
충청남도 홍성군 서부면 상황리,상황리,36.5777833,126.4808375
충청남도 홍성군 서부면 궁리,궁리,36.5985071,126.4686375
충청남도 홍성군 서부면 광리,광리,36.6021821,126.5042125
충청남도 홍성군 서부면 이호리,이호리,36.5761167,126.50815
충청남도 홍성군 결성면,결성면,36.5242633,126.5466167
충청남도 홍성군 결성면 형산리,형산리,36.5795,126.5731625
충청남도 홍성군 결성면 용호리,용호리,36.5704667,126.5541125
충청남도 홍성군 결성면 교항리,교항리,36.5756,126.5398375
충청남도 홍성군 결성면 무량리,무량리,36.5463917,126.541675
충청남도 홍성군 결성면 성곡리,성곡리,36.554475,126.55505
충청남도 홍성군 결성면 금곡리,금곡리,36.5305333,126.5586125
충청남도 홍성군 결성면 성남리,성남리,36.5158667,126.54695
충청남도 홍성군 결성면 성호리,성호리,36.5311583,126.5254125
충청남도 홍성군 결성면 읍내리,읍내리,36.5279667,126.5474
충청남도 홍성군 은하면,은하면,36.5319381,126.5905247
충청남도 홍성군 은하면 장척리,장척리,36.4935096,126.60485
충청남도 홍성군 은하면 화봉리,화봉리,36.5195833,126.598275
충청남도 홍성군 은하면 덕실리,덕실리,36.5092,126.57215
충청남도 홍성군 은하면 대판리,대판리,36.5191417,126.57945
충청남도 홍성군 은하면 목현리,목현리,36.5214583,126.5689
충청남도 홍성군 은하면 학산리,학산리,36.5384167,126.573125
충청남도 홍성군 은하면 금국리,금국리,36.5574,126.57175
충청남도 홍성군 은하면 대율리,대율리,36.5583167,126.5901625
충청남도 홍성군 은하면 장곡리,장곡리,36.5455667,126.6063375
충청남도 홍성군 은하면 유송리,유송리,36.5458333,126.5889875
충청남도 홍성군 은하면 대천리,대천리,36.531075,126.5922
충청남도 홍성군 장곡면,장곡면,36.50515,126.6913
충청남도 홍성군 장곡면 상송리,상송리,36.4932429,126.708525
충청남도 홍성군 장곡면 대현리,대현리,36.5019917,126.7243
충청남도 홍성군 장곡면 옥계리,옥계리,36.4829679,126.735925
충청남도 홍성군 장곡면 산성리,산성리,36.5005,126.7422
충청남도 홍성군 장곡면 천태리,천태리,36.5188083,126.7610625
충청남도 홍성군 장곡면 행정리,행정리,36.520475,126.7385
충청남도 홍성군 장곡면 월계리,월계리,36.5326,126.73
충청남도 홍성군 장곡면 지정리,지정리,36.5214083,126.7083375
충청남도 홍성군 장곡면 신동리,신동리,36.5209829,126.689303
충청남도 홍성군 장곡면 가송리,가송리,36.5131333,126.680075
충청남도 홍성군 장곡면 죽전리,죽전리,36.50435,126.67295
충청남도 홍성군 장곡면 오성리,오성리,36.4836874,126.6601381
충청남도 홍성군 장곡면 광성리,광성리,36.4778096,126.6767625
충청남도 홍성군 장곡면 화계리,화계리,36.4929346,126.678775
충청남도 홍성군 장곡면 신풍리,신풍리,36.4839263,126.6969
충청남도 홍성군 장곡면 도산리,도산리,36.5067833,126.694625
충청남도 홍성군 홍동면,홍동면,36.5590884,126.6880704
충청남도 홍성군 홍동면 팔괘리,팔괘리,36.5694167,126.694
충청남도 홍성군 홍동면 대영리,대영리,36.5511667,126.7274375
충청남도 홍성군 홍동면 효학리,효학리,36.555075,126.7168875
충청남도 홍성군 홍동면 금당리,금당리,36.5645333,126.7356375
충청남도 홍성군 홍동면 수란리,수란리,36.5799083,126.738975
충청남도 홍성군 홍동면 신기리,신기리,36.5743417,126.7114625
충청남도 홍성군 홍동면 구정리,구정리,36.5616583,126.7012125
충청남도 홍성군 홍동면 금평리,금평리,36.5511083,126.7037
충청남도 홍성군 홍동면 문당리,문당리,36.5380167,126.7060375
충청남도 홍성군 홍동면 화신리,화신리,36.5340954,126.6920755
충청남도 홍성군 홍동면 홍원리,홍원리,36.5348583,126.679675
충청남도 홍성군 홍동면 원천리,원천리,36.5479083,126.6606
충청남도 홍성군 홍동면 월현리,월현리,36.5502,126.6733875
충청남도 홍성군 홍동면 운월리,운월리,36.5542,126.68865
충청남도 홍성군 금마면,금마면,36.611907,126.732663
충청남도 홍성군 금마면 송강리,송강리,36.6302821,126.7255375
충청남도 홍성군 금마면 화양리,화양리,36.6286,126.7143
충청남도 홍성군 금마면 죽림리,죽림리,36.6160071,126.7085375
충청남도 홍성군 금마면 신곡리,신곡리,36.6058071,126.7049
충청남도 홍성군 금마면 장성리,장성리,36.6001,126.6912
충청남도 홍성군 금마면 송암리,송암리,36.5976404,126.7187
충청남도 홍성군 금마면 용흥리,용흥리,36.5886404,126.729575
충청남도 홍성군 금마면 덕정리,덕정리,36.6002321,126.735775
충청남도 홍성군 금마면 부평리,부평리,36.6148821,126.733425
충청남도 홍성군 금마면 가산리,가산리,36.6269821,126.746175
충청남도 홍성군 금마면 인산리,인산리,36.6151071,126.74925
충청남도 홍성군 금마면 봉서리,봉서리,36.6087237,126.7606375
충청남도 홍성군 금마면 월암리,월암리,36.5881987,126.7541375
충청남도 홍성군 홍북읍,홍북읍,36.6501698,126.6919772
충청남도 홍성군 홍북읍 대인리,대인리,36.6382904,126.7362625
충청남도 홍성군 홍북읍 노은리,노은리,36.6442821,126.72365
충청남도 홍성군 홍북읍 산수리,산수리,36.6522654,126.7234625
충청남도 홍성군 홍북읍 신정리,신정리,36.6613904,126.7305375
충청남도 홍성군 홍북읍 갈산리,갈산리,36.6625904,126.72105
충청남도 홍성군 홍북읍 용산리,용산리,36.6387237,126.7023125
충청남도 홍성군 홍북읍 석택리,석택리,36.6546154,126.7044375
충청남도 홍성군 홍북읍 대동리,대동리,36.6433821,126.6896125
충청남도 홍성군 홍북읍 신경리,신경리,36.6539543,126.6692732
충청남도 홍성군 홍북읍 내덕리,내덕리,36.6237154,126.6894375
충청남도 홍성군 홍북읍 봉신리,봉신리,36.6298987,126.67265
충청남도 홍성군 홍북읍 상하리,상하리,36.6336154,126.6531625
충청남도 홍성군 홍북읍 중계리,중계리,36.6323487,126.63385
충청남도 홍성군 광천읍,광천읍,36.5045592,126.624874
충청남도 홍성군 광천읍 월림리,월림리,36.5309917,126.6555625
충청남도 홍성군 광천읍 대평리,대평리,36.5204,126.6606125
충청남도 홍성군 광천읍 운용리,운용리,36.52365,126.67065
충청남도 홍성군 광천읍 옹암리,옹암리,36.4858513,126.6237875
충청남도 홍성군 광천읍 상정리,상정리,36.5115,126.6126375
충청남도 홍성군 광천읍 벽계리,벽계리,36.5320667,126.6207125
충청남도 홍성군 광천읍 매현리,매현리,36.5247,126.6330625
충청남도 홍성군 광천읍 소암리,소암리,36.5099167,126.640375
충청남도 홍성군 광천읍 내죽리,내죽리,36.507525,126.6583375
충청남도 홍성군 광천읍 가정리,가정리,36.500625,126.6523125
충청남도 홍성군 광천읍 담산리,담산리,36.4826096,126.6413
충청남도 홍성군 광천읍 광천리,광천리,36.502925,126.6286875
충청남도 홍성군 광천읍 신진리,신진리,36.5108083,126.623675
충청남도 홍성군 홍성읍,홍성읍,36.5971025,126.6630906
충청남도 홍성군 홍성읍 구룡리,구룡리,36.5902071,126.68945
충청남도 홍성군 홍성읍 내법리,내법리,36.6150404,126.6761125
충청남도 홍성군 홍성읍 고암리,고암리,36.5885654,126.67825
충청남도 홍성군 홍성읍 송월리,송월리,36.5723167,126.679575
충청남도 홍성군 홍성읍 신성리,신성리,36.5620583,126.67195
충청남도 홍성군 홍성읍 학계리,학계리,36.572125,126.6640875
충청남도 홍성군 홍성읍 남장리,남장리,36.5841,126.6618
충청남도 홍성군 홍성읍 옥암리,옥암리,36.5864821,126.6452625
충청남도 홍성군 홍성읍 월산리,월산리,36.5972154,126.63685
충청남도 홍성군 홍성읍 소향리,소향리,36.6129904,126.6511625
충청남도 홍성군 홍성읍 대교리,대교리,36.6073654,126.6741
충청남도 홍성군 홍성읍 오관리,오관리,36.5984821,126.6607625
충청남도 청양군 비봉면,비봉면,36.5194666,126.786513
충청남도 청양군 비봉면 방한리,방한리,36.4694096,126.749
충청남도 청양군 비봉면 용천리,용천리,36.4829013,126.757025
충청남도 청양군 비봉면 양사리,양사리,36.4969,126.7641
충청남도 청양군 비봉면 강정리,강정리,36.514025,126.774675
충청남도 청양군 비봉면 장재리,장재리,36.5291333,126.78695
충청남도 청양군 비봉면 관산리,관산리,36.5206,126.8079
충청남도 청양군 비봉면 사점리,사점리,36.5059,126.7999
충청남도 청양군 비봉면 중묵리,중묵리,36.489914,126.7941188
충청남도 청양군 비봉면 신원리,신원리,36.4853763,126.7808625
충청남도 청양군 비봉면 록평리,록평리,36.522175,126.785475
충청남도 청양군 화성면,화성면,36.4273045,126.7173403
충청남도 청양군 화성면 구재리,구재리,36.4325,126.7255
충청남도 청양군 화성면 매산리,매산리,36.4406946,126.7337134
충청남도 청양군 화성면 광평리,광평리,36.4506013,126.725375
충청남도 청양군 화성면 신정리,신정리,36.4528513,126.740675
충청남도 청양군 화성면 용당리,용당리,36.4683,126.7332
충청남도 청양군 화성면 수정리,수정리,36.4684239,126.7166143
충청남도 청양군 화성면 기덕리,기덕리,36.4521,126.7145
충청남도 청양군 화성면 화암리,화암리,36.4566086,126.7044533
충청남도 청양군 화성면 농암리,농암리,36.4381679,126.7077
충청남도 청양군 화성면 화강리,화강리,36.4299013,126.7022625
충청남도 청양군 화성면 장계리,장계리,36.4150404,126.7027875
충청남도 청양군 화성면 산정리,산정리,36.4126321,126.7211875
충청남도 청양군 남양면,남양면,36.4012582,126.7761229
충청남도 청양군 남양면 봉암리,봉암리,36.4187065,126.7674107
충청남도 청양군 남양면 금정리,금정리,36.4148991,126.8005702
충청남도 청양군 남양면 용두리,용두리,36.4033334,126.7971458
충청남도 청양군 남양면 온직리,온직리,36.3789,126.8061
충청남도 청양군 남양면 온암리,온암리,36.3681237,126.774325
충청남도 청양군 남양면 매곡리,매곡리,36.3663821,126.7551625
충청남도 청양군 남양면 흥산리,흥산리,36.3757154,126.7512
충청남도 청양군 남양면 대봉리,대봉리,36.3923007,126.7744858
충청남도 청양군 남양면 용마리,용마리,36.3919003,126.7498256
충청남도 청양군 남양면 백금리,백금리,36.3900654,126.7259375
충청남도 청양군 남양면 신왕리,신왕리,36.4029409,126.7494504
충청남도 청양군 남양면 구룡리,구룡리,36.4078154,126.76295
충청남도 청양군 장평면,장평면,36.3418906,126.8930507
충청남도 청양군 장평면 분향리,분향리,36.3372994,126.8956131
충청남도 청양군 장평면 관현리,관현리,36.3384572,126.8717654
충청남도 청양군 장평면 구룡리,구룡리,36.3306247,126.8648662
충청남도 청양군 장평면 화산리,화산리,36.3602404,126.8636625
충청남도 청양군 장평면 죽림리,죽림리,36.3662654,126.8422875
충청남도 청양군 장평면 지천리,지천리,36.3874737,126.870625
충청남도 청양군 장평면 락지리,락지리,36.371987,126.8814554
충청남도 청양군 장평면 적곡리,적곡리,36.3800458,126.9099481
충청남도 청양군 장평면 미당리,미당리,36.3709237,126.923675
충청남도 청양군 장평면 은곡리,은곡리,36.3581978,126.912061
충청남도 청양군 장평면 중추리,중추리,36.3530821,126.8902
충청남도 청양군 청남면,청남면,36.3523607,126.9522186
충청남도 청양군 청남면 상장리,상장리,36.3569649,126.9321466
충청남도 청양군 청남면 아산리,아산리,36.3434237,126.9293875
충청남도 청양군 청남면 대흥리,대흥리,36.3417821,126.9089764
충청남도 청양군 청남면 인양리,인양리,36.325297,126.9239284
충청남도 청양군 청남면 왕진리,왕진리,36.3284763,126.9385967
충청남도 청양군 청남면 중산리,중산리,36.3390753,126.9540824
충청남도 청양군 청남면 동강리,동강리,36.3435487,126.968225
충청남도 청양군 청남면 천내리,천내리,36.3568237,126.9778625
충청남도 청양군 청남면 내직리,내직리,36.3708571,126.96245
충청남도 청양군 청남면 지곡리,지곡리,36.3691471,126.9428656
충청남도 청양군 청남면 청소리,청소리,36.3579487,126.9537875
충청남도 청양군 목면,목면,36.41901,127.003863
충청남도 청양군 목면 대평리,대평리,36.4082196,126.9897897
충청남도 청양군 목면 본의리,본의리,36.4385992,126.978115
충청남도 청양군 목면 송암리,송암리,36.4404763,127.0023375
충청남도 청양군 목면 안심리,안심리,36.4051237,127.0263875
충청남도 청양군 목면 신흥리,신흥리,36.4010373,127.0088505
충청남도 청양군 목면 화양리,화양리,36.3888987,126.968875
충청남도 청양군 목면 지곡리,지곡리,36.4048576,126.9792909
충청남도 청양군 정산면,정산면,36.414882,126.94505
충청남도 청양군 정산면 광생리,광생리,36.4025071,126.9613375
충청남도 청양군 정산면 덕성리,덕성리,36.3939904,126.956125
충청남도 청양군 정산면 학암리,학암리,36.3807487,126.9489625
충청남도 청양군 정산면 와촌리,와촌리,36.3881,126.9266
충청남도 청양군 정산면 신덕리,신덕리,36.4026487,126.92925
충청남도 청양군 정산면 내초리,내초리,36.3962361,126.9174719
충청남도 청양군 정산면 천장리,천장리,36.4093683,126.9161592
충청남도 청양군 정산면 마치리,마치리,36.438676,126.907
충청남도 청양군 정산면 용두리,용두리,36.4214846,126.9331875
충청남도 청양군 정산면 대박리,대박리,36.4418846,126.932525
충청남도 청양군 정산면 송학리,송학리,36.4521802,126.9521796
충청남도 청양군 정산면 남천리,남천리,36.4626209,126.9806516
충청남도 청양군 정산면 해남리,해남리,36.4385988,126.9551297
충청남도 청양군 정산면 백곡리,백곡리,36.4236343,126.9673914
충청남도 청양군 정산면 역촌리,역촌리,36.4150184,126.9545929
충청남도 청양군 정산면 서정리,서정리,36.4082,126.9444
충청남도 청양군 대치면,대치면,36.4443792,126.8321163
충청남도 청양군 대치면 수석리,수석리,36.4714596,126.83465
충청남도 청양군 대치면 농소리,농소리,36.4891929,126.857125
충청남도 청양군 대치면 상갑리,상갑리,36.4995679,126.880575
충청남도 청양군 대치면 시전리,시전리,36.4668264,126.8509889
충청남도 청양군 대치면 이화리,이화리,36.466377,126.8789863
충청남도 청양군 대치면 형산리,형산리,36.4603,126.9022
충청남도 청양군 대치면 오룡리,오룡리,36.4534869,126.8689376
충청남도 청양군 대치면 대치리,대치리,36.4339,126.875
충청남도 청양군 대치면 광대리,광대리,36.4320513,126.85025
충청남도 청양군 대치면 작천리,작천리,36.3951987,126.8577625
충청남도 청양군 대치면 개곡리,개곡리,36.3914321,126.841875
충청남도 청양군 대치면 장곡리,장곡리,36.4112555,126.8614336
충청남도 청양군 대치면 구치리,구치리,36.4031987,126.8269
충청남도 청양군 대치면 광금리,광금리,36.4170429,126.8301375
충청남도 청양군 대치면 탄정리,탄정리,36.444754,126.825317
충청남도 청양군 대치면 주정리,주정리,36.4516846,126.839325
충청남도 청양군 운곡면,운곡면,36.5237898,126.8447369
충청남도 청양군 운곡면 추광리,추광리,36.55,126.8806
충청남도 청양군 운곡면 광암리,광암리,36.5613083,126.8581125
충청남도 청양군 운곡면 미량리,미량리,36.5539,126.8466
충청남도 청양군 운곡면 영양리,영양리,36.5392667,126.8503125
충청남도 청양군 운곡면 신대리,신대리,36.5201167,126.8669625
충청남도 청양군 운곡면 모곡리,모곡리,36.519069,126.8353016
충청남도 청양군 운곡면 후덕리,후덕리,36.5038333,126.8384625
충청남도 청양군 운곡면 효제리,효제리,36.4988,126.8253
충청남도 청양군 운곡면 위라리,위라리,36.4901596,126.8433375
충청남도 청양군 청양읍,청양읍,36.4534116,126.8068259
충청남도 청양군 청양읍 학당리,학당리,36.4671,126.7991
충청남도 청양군 청양읍 청수리,청수리,36.4668835,126.7799833
충청남도 청양군 청양읍 송방리,송방리,36.452444,126.7905701
충청남도 청양군 청양읍 장승리,장승리,36.4510513,126.7702875
충청남도 청양군 청양읍 군량리,군량리,36.4407911,126.7782094
충청남도 청양군 청양읍 정좌리,정좌리,36.4274429,126.7769375
충청남도 청양군 청양읍 적누리,적누리,36.4269513,126.806125
충청남도 청양군 청양읍 벽천리,벽천리,36.4414706,126.7980697
충청남도 청양군 청양읍 교월리,교월리,36.4506929,126.811925
충청남도 청양군 청양읍 백천리,백천리,36.4683929,126.819575
충청남도 청양군 청양읍 읍내리,읍내리,36.4520429,126.804425
충청남도 서천군 서면,서면,36.1529457,126.5495554
충청남도 서천군 서면 주항리,주항리,36.1574219,126.576558
충청남도 서천군 서면 도둔리,도둔리,36.1562737,126.5194625
충청남도 서천군 서면 월호리,월호리,36.1453633,126.567226
충청남도 서천군 서면 신합리,신합리,36.146545,126.5539603
충청남도 서천군 서면 원두리,원두리,36.1664585,126.590246
충청남도 서천군 서면 부사리,부사리,36.1652679,126.5526541
충청남도 서천군 서면 월리,월리,36.164382,126.5636
충청남도 서천군 서면 마량리,마량리,36.1400737,126.4971
충청남도 서천군 서면 개야리,개야리,36.1778044,126.5680953
충청남도 서천군 비인면,비인면,36.1420862,126.6013839
충청남도 서천군 비인면 장포리,장포리,36.1114975,126.6030446
충청남도 서천군 비인면 다사리,다사리,36.1058167,126.6158515
충청남도 서천군 비인면 관리,관리,36.1212312,126.619728
충청남도 서천군 비인면 성산리,성산리,36.1297719,126.6313118
충청남도 서천군 비인면 율리,율리,36.1552722,126.630845
충청남도 서천군 비인면 남당리,남당리,36.167219,126.625612
충청남도 서천군 비인면 구복리,구복리,36.1644992,126.6114022
충청남도 서천군 비인면 칠지리,칠지리,36.1505,126.5844
충청남도 서천군 비인면 선도리,선도리,36.134037,126.5920273
충청남도 서천군 비인면 성북리,성북리,36.1546833,126.6037868
충청남도 서천군 비인면 성내리,성내리,36.1408085,126.6052794
충청남도 서천군 종천면,종천면,36.0974581,126.6700785
충청남도 서천군 종천면 지석리,지석리,36.1199288,126.6825433
충청남도 서천군 종천면 석촌리,석촌리,36.1166587,126.6990782
충청남도 서천군 종천면 도만리,도만리,36.1071708,126.6813357
충청남도 서천군 종천면 산천리,산천리,36.1127868,126.6712534
충청남도 서천군 종천면 화산리,화산리,36.0940878,126.6697633
충청남도 서천군 종천면 장구리,장구리,36.0883408,126.655802
충청남도 서천군 종천면 당정리,당정리,36.0982514,126.6460612
충청남도 서천군 종천면 종천리,종천리,36.1162,126.657
충청남도 서천군 종천면 랑평리,랑평리,36.1197904,126.64465
충청남도 서천군 종천면 신검리,신검리,36.1226721,126.6406574
충청남도 서천군 판교면,판교면,36.1577863,126.6891251
충청남도 서천군 판교면 금덕리,금덕리,36.1517856,126.7110088
충청남도 서천군 판교면 등고리,등고리,36.1340768,126.7107221
충청남도 서천군 판교면 흥림리,흥림리,36.1319915,126.6897302
충청남도 서천군 판교면 복대리,복대리,36.1792,126.6917
충청남도 서천군 판교면 수성리,수성리,36.1560071,126.6648875
충청남도 서천군 판교면 저산리,저산리,36.1597402,126.678264
충청남도 서천군 판교면 현암리,현암리,36.1532756,126.6882432
충청남도 서천군 판교면 만덕리,만덕리,36.1413076,126.7006003
충청남도 서천군 판교면 후동리,후동리,36.1451603,126.6854018
충청남도 서천군 판교면 문곡리,문곡리,36.1347103,126.6740927
충청남도 서천군 판교면 우라리,우라리,36.1445684,126.6687919
충청남도 서천군 판교면 상좌리,상좌리,36.1431369,126.6518403
충청남도 서천군 판교면 심동리,심동리,36.1686387,126.6523641
충청남도 서천군 판교면 마대리,마대리,36.1734,126.6761
충청남도 서천군 판교면 판교리,판교리,36.1698323,126.7010404
충청남도 서천군 문산면,문산면,36.142307,126.752188
충청남도 서천군 문산면 은곡리,은곡리,36.1755,126.7556
충청남도 서천군 문산면 구동리,구동리,36.1666583,126.7459568
충청남도 서천군 문산면 지원리,지원리,36.158557,126.759625
충청남도 서천군 문산면 수암리,수암리,36.141921,126.7347267
충청남도 서천군 문산면 금복리,금복리,36.1627102,126.7266254
충청남도 서천군 문산면 북산리,북산리,36.1216864,126.716245
충청남도 서천군 문산면 문장리,문장리,36.1171963,126.7311101
충청남도 서천군 문산면 신농리,신농리,36.1357678,126.7417401
충청남도 서천군 시초면,시초면,36.121882,126.752863
충청남도 서천군 시초면 후암리,후암리,36.1422759,126.7700058
충청남도 서천군 시초면 풍정리,풍정리,36.1362527,126.7618409
충청남도 서천군 시초면 봉선리,봉선리,36.12554,126.7687489
충청남도 서천군 시초면 태성리,태성리,36.1132933,126.77097
충청남도 서천군 시초면 신곡리,신곡리,36.1162138,126.7558559
충청남도 서천군 시초면 용곡리,용곡리,36.1041988,126.7563864
충청남도 서천군 시초면 신흥리,신흥리,36.1064,126.7464
충청남도 서천군 시초면 선암리,선암리,36.0929407,126.7365124
충청남도 서천군 시초면 선동리,선동리,36.0970373,126.7350737
충청남도 서천군 시초면 초현리,초현리,36.125,126.7442
충청남도 서천군 마산면,마산면,36.117382,126.790688
충청남도 서천군 마산면 송림리,송림리,36.1125894,126.8073608
충청남도 서천군 마산면 나궁리,나궁리,36.1737986,126.77549
충청남도 서천군 마산면 이사리,이사리,36.106948,126.7780671
충청남도 서천군 마산면 마명리,마명리,36.1233097,126.8031711
충청남도 서천군 마산면 벽오리,벽오리,36.137082,126.7861592
충청남도 서천군 마산면 시선리,시선리,36.1518144,126.7891611
충청남도 서천군 마산면 군간리,군간리,36.1765448,126.7890524
충청남도 서천군 마산면 삼월리,삼월리,36.1176206,126.7832291
충청남도 서천군 마산면 신봉리,신봉리,36.1477687,126.7826075
충청남도 서천군 마산면 관포리,관포리,36.1641427,126.7857879
충청남도 서천군 마산면 요곡리,요곡리,36.1244551,126.8185953
충청남도 서천군 마산면 가양리,가양리,36.1326704,126.8049361
충청남도 서천군 마산면 지산리,지산리,36.1559321,126.77673
충청남도 서천군 마산면 신장리,신장리,36.118234,126.7942
충청남도 서천군 마산면 소야리,소야리,36.1280635,126.7860959
충청남도 서천군 마산면 안당리,안당리,36.1068772,126.7938619
충청남도 서천군 한산면,한산면,36.086265,126.8021
충청남도 서천군 한산면 구동리,구동리,36.0747,126.8197
충청남도 서천군 한산면 신성리,신성리,36.0676,126.8603
충청남도 서천군 한산면 용산리,용산리,36.0627583,126.8424875
충청남도 서천군 한산면 연봉리,연봉리,36.068675,126.8430125
충청남도 서천군 한산면 온동리,온동리,36.0735,126.833
충청남도 서천군 한산면 마양리,마양리,36.0788,126.8385
충청남도 서천군 한산면 단하리,단하리,36.082508,126.831
충청남도 서천군 한산면 단상리,단상리,36.0862396,126.8257534
충청남도 서천군 한산면 동지리,동지리,36.0957042,126.8311296
충청남도 서천군 한산면 나교리,나교리,36.1049944,126.8335325
충청남도 서천군 한산면 여사리,여사리,36.1131574,126.8328803
충청남도 서천군 한산면 원산리,원산리,36.1189426,126.8300063
충청남도 서천군 한산면 송산리,송산리,36.107613,126.820532
충청남도 서천군 한산면 축동리,축동리,36.1053651,126.8095462
충청남도 서천군 한산면 송곡리,송곡리,36.0969841,126.8190588
충청남도 서천군 한산면 종지리,종지리,36.097599,126.805688
충청남도 서천군 한산면 죽촌리,죽촌리,36.0951143,126.794012
충청남도 서천군 한산면 호암리,호암리,36.0910315,126.7988405
충청남도 서천군 한산면 성외리,성외리,36.0898,126.8051
충청남도 서천군 한산면 동산리,동산리,36.084382,126.8138
충청남도 서천군 한산면 지현리,지현리,36.0813933,126.7981314
충청남도 서천군 기산면,기산면,36.074667,126.7622
충청남도 서천군 기산면 황사리,황사리,36.0746,126.7736
충청남도 서천군 기산면 광암리,광암리,36.0716,126.782062
충청남도 서천군 기산면 영모리,영모리,36.0833554,126.7832692
충청남도 서천군 기산면 가공리,가공리,36.0922104,126.773844
충청남도 서천군 기산면 월기리,월기리,36.0942406,126.7700805
충청남도 서천군 기산면 막동리,막동리,36.0927188,126.7572577
충청남도 서천군 기산면 산정리,산정리,36.0873681,126.7474576
충청남도 서천군 기산면 원길리,원길리,36.0785,126.7433
충청남도 서천군 기산면 두북리,두북리,36.0685,126.739
충청남도 서천군 기산면 두남리,두남리,36.0598,126.7356
충청남도 서천군 기산면 내동리,내동리,36.0592,126.7504
충청남도 서천군 기산면 신산리,신산리,36.076225,126.7573
충청남도 서천군 기산면 화산리,화산리,36.0806529,126.7674718
충청남도 서천군 화양면,화양면,36.0378,126.781888
충청남도 서천군 화양면 봉명리,봉명리,36.0419,126.7676
충청남도 서천군 화양면 망월리,망월리,36.0342,126.755488
충청남도 서천군 화양면 장상리,장상리,36.0447,126.7447
충청남도 서천군 화양면 고마리,고마리,36.04735,126.758825
충청남도 서천군 화양면 창외리,창외리,36.0563,126.7648
충청남도 서천군 화양면 금당리,금당리,36.056825,126.7570875
충청남도 서천군 화양면 추동리,추동리,36.0581,126.7797
충청남도 서천군 화양면 기복리,기복리,36.0562,126.7976
충청남도 서천군 화양면 대하리,대하리,36.0622,126.7991
충청남도 서천군 화양면 활동리,활동리,36.068975,126.7906
충청남도 서천군 화양면 대등리,대등리,36.0699353,126.8016559
충청남도 서천군 화양면 남성리,남성리,36.0669,126.8111
충청남도 서천군 화양면 월산리,월산리,36.0674,126.8225
충청남도 서천군 화양면 죽산리,죽산리,36.057967,126.831662
충청남도 서천군 화양면 화촌리,화촌리,36.0554,126.8188
충청남도 서천군 화양면 완포리,완포리,36.0489,126.8114
충청남도 서천군 화양면 와초리,와초리,36.0416,126.803
충청남도 서천군 화양면 보현리,보현리,36.0458516,126.7944887
충청남도 서천군 화양면 옥포리,옥포리,36.0402,126.7838
충청남도 서천군 마서면,마서면,36.061933,126.706763
충청남도 서천군 마서면 어리,어리,36.0537417,126.701705
충청남도 서천군 마서면 당선리,당선리,36.0118,126.733
충청남도 서천군 마서면 산내리,산내리,36.0536,126.7277
충청남도 서천군 마서면 신포리,신포리,36.042992,126.7293
충청남도 서천군 마서면 도삼리,도삼리,36.0275,126.7424
충청남도 서천군 마서면 장선리,장선리,36.048675,126.7168625
충청남도 서천군 마서면 송내리,송내리,36.0274,126.7155
충청남도 서천군 마서면 덕암리,덕암리,36.041125,126.7073875
충청남도 서천군 마서면 옥북리,옥북리,36.047,126.6858
충청남도 서천군 마서면 남전리,남전리,36.05,126.6624
충청남도 서천군 마서면 월포리,월포리,36.057,126.6531
충청남도 서천군 마서면 죽산리,죽산리,36.0664,126.6152
충청남도 서천군 마서면 송석리,송석리,36.077,126.6359
충청남도 서천군 마서면 한성리,한성리,36.078392,126.649913
충청남도 서천군 마서면 옥산리,옥산리,36.0663,126.6623
충청남도 서천군 마서면 봉남리,봉남리,36.059,126.6812
충청남도 서천군 마서면 계동리,계동리,36.0624,126.6985
충청남도 서천군 서천읍,서천읍,36.0778106,126.6898896
충청남도 서천군 서천읍 남산리,남산리,36.0673,126.6902
충청남도 서천군 서천읍 두왕리,두왕리,36.0849,126.7216
충청남도 서천군 서천읍 구암리,구암리,36.0856,126.6754
충청남도 서천군 서천읍 화금리,화금리,36.0832384,126.7065688
충청남도 서천군 서천읍 신송리,신송리,36.0799,126.6659
충청남도 서천군 서천읍 삼산리,삼산리,36.0672,126.7181
충청남도 서천군 서천읍 동산리,동산리,36.0954214,126.7226475
충청남도 서천군 서천읍 둔덕리,둔덕리,36.108165,126.7209655
충청남도 서천군 서천읍 태월리,태월리,36.0976757,126.7098581
충청남도 서천군 서천읍 화성리,화성리,36.1061586,126.6981208
충청남도 서천군 서천읍 오석리,오석리,36.0958866,126.6908465
충청남도 서천군 서천읍 사곡리,사곡리,36.0861988,126.6917549
충청남도 서천군 서천읍 군사리,군사리,36.0766333,126.693125
충청남도 서천군 장항읍,장항읍,36.0105021,126.7002921
충청남도 서천군 장항읍 원수리,원수리,36.0107,126.7148
충청남도 서천군 장항읍 옥산리,옥산리,36.0335932,126.6921201
충청남도 서천군 장항읍 옥남리,옥남리,36.0374,126.6745
충청남도 서천군 장항읍 송림리,송림리,36.0238,126.6739
충청남도 서천군 장항읍 화천리,화천리,36.0186,126.6831
충청남도 서천군 장항읍 장암리,장암리,36.0115333,126.6657125
충청남도 서천군 장항읍 신창리,신창리,36.012675,126.6890625
충청남도 서천군 장항읍 성주리,성주리,36.0189333,126.7067625
충청남도 서천군 장항읍 창선2리,창선2리,36.0171862,126.697269
충청남도 서천군 장항읍 창선1리,창선1리,36.0088917,126.6977375
충청남도 부여군 초촌면,초촌면,36.263958,127.020062
충청남도 부여군 초촌면 초평리,초평리,36.25,127.0311
충청남도 부여군 초촌면 진호리,진호리,36.2784925,127.0436416
충청남도 부여군 초촌면 송정리,송정리,36.270192,127.0618
충청남도 부여군 초촌면 세탑리,세탑리,36.2859,127.0129
충청남도 부여군 초촌면 송국리,송국리,36.2646,127.031113
충청남도 부여군 초촌면 추양리,추양리,36.2565,127.0224
충청남도 부여군 초촌면 연화리,연화리,36.2466,127.0244
충청남도 부여군 초촌면 응평리,응평리,36.2721,127.0149
충청남도 부여군 초촌면 산직리,산직리,36.2510068,127.0414336
충청남도 부여군 초촌면 소사리,소사리,36.2673,127.0543
충청남도 부여군 초촌면 신암리,신암리,36.2799501,126.9905162
충청남도 부여군 석성면,석성면,36.2532893,127.0023977
충청남도 부여군 석성면 현내리,현내리,36.2426819,126.9902532
충청남도 부여군 석성면 정각리,정각리,36.2618743,126.980761
충청남도 부여군 석성면 증산리,증산리,36.2519592,127.0107283
충청남도 부여군 석성면 비당리,비당리,36.2240013,127.01235
충청남도 부여군 석성면 봉정리,봉정리,36.2118135,126.9796658
충청남도 부여군 석성면 석성리,석성리,36.2178399,126.9960434
충청남도 부여군 세도면,세도면,36.169976,126.948438
충청남도 부여군 세도면 사산리,사산리,36.2099818,126.9537911
충청남도 부여군 세도면 화수리,화수리,36.1928187,126.9479594
충청남도 부여군 세도면 반조원리,반조원리,36.1904333,126.9757541
충청남도 부여군 세도면 청포리,청포리,36.1545766,126.9805043
충청남도 부여군 세도면 수고리,수고리,36.194341,126.9273124
충청남도 부여군 세도면 간대리,간대리,36.1621527,126.9449164
충청남도 부여군 세도면 동사리,동사리,36.1703985,126.9312361
충청남도 부여군 세도면 청송리,청송리,36.1792523,126.9541987
충청남도 부여군 세도면 가회리,가회리,36.1643,126.9924
충청남도 부여군 세도면 장산리,장산리,36.1734959,126.9847827
충청남도 부여군 세도면 귀덕리,귀덕리,36.1718,126.9688
충청남도 부여군 장암면,장암면,36.243926,126.8865
충청남도 부여군 장암면 북고리,북고리,36.2408319,126.9268921
충청남도 부여군 장암면 합곡리,합곡리,36.2280946,126.867182
충청남도 부여군 장암면 지토리,지토리,36.2075049,126.9160693
충청남도 부여군 장암면 석동리,석동리,36.2466032,126.8889036
충청남도 부여군 장암면 원문리,원문리,36.2353131,126.8782456
충청남도 부여군 장암면 정암리,정암리,36.2396648,126.910106
충청남도 부여군 장암면 장하리,장하리,36.2378179,126.9454978
충청남도 부여군 장암면 하황리,하황리,36.2264739,126.9565025
충청남도 부여군 장암면 상황리,상황리,36.2210108,126.9313946
충청남도 부여군 장암면 점상리,점상리,36.2076694,126.8420381
충청남도 부여군 임천면,임천면,36.1911858,126.894792
충청남도 부여군 임천면 옥곡리,옥곡리,36.1720992,126.845667
충청남도 부여군 임천면 탑산리,탑산리,36.1493,126.8762
충청남도 부여군 임천면 두곡리,두곡리,36.1505108,126.9269102
충청남도 부여군 임천면 점리,점리,36.214734,126.8845638
충청남도 부여군 임천면 만사리,만사리,36.1728411,126.8847449
충청남도 부여군 임천면 발산리,발산리,36.1755932,126.8706207
충청남도 부여군 임천면 비정리,비정리,36.1545179,126.8952301
충청남도 부여군 임천면 칠산리,칠산리,36.1535344,126.9101477
충청남도 부여군 임천면 구교리,구교리,36.1778672,126.9067751
충청남도 부여군 임천면 가신리,가신리,36.162802,126.8632208
충청남도 부여군 임천면 군사리,군사리,36.1961264,126.8927488
충청남도 부여군 양화면,양화면,36.1353583,126.8812073
충청남도 부여군 양화면 시음리,시음리,36.0906,126.8641
충청남도 부여군 양화면 수원리,수원리,36.1066565,126.8468414
충청남도 부여군 양화면 벽용리,벽용리,36.126655,126.8419831
충청남도 부여군 양화면 초왕리,초왕리,36.152838,126.8550736
충청남도 부여군 양화면 암수리,암수리,36.1252077,126.872908
충청남도 부여군 양화면 상촌리,상촌리,36.0865,126.8482
충청남도 부여군 양화면 족교리,족교리,36.1328947,126.8583172
충청남도 부여군 양화면 원당리,원당리,36.1233,126.8591
충청남도 부여군 양화면 오량리,오량리,36.1424551,126.8604786
충청남도 부여군 양화면 입포리,입포리,36.1377071,126.87895
충청남도 부여군 양화면 내성리,내성리,36.1071121,126.8647416
충청남도 부여군 양화면 송정리,송정리,36.1328291,126.828457
충청남도 부여군 충화면,충화면,36.1817549,126.8216672
충청남도 부여군 충화면 청남리,청남리,36.1589909,126.8097892
충청남도 부여군 충화면 만지리,만지리,36.1938367,126.8588631
충청남도 부여군 충화면 팔충리,팔충리,36.1844922,126.830042
충청남도 부여군 충화면 가화리,가화리,36.1499128,126.8280573
충청남도 부여군 충화면 지석리,지석리,36.1868631,126.7982921
충청남도 부여군 충화면 현미리,현미리,36.1648138,126.8298428
충청남도 부여군 충화면 오덕리,오덕리,36.1456436,126.8033336
충청남도 부여군 충화면 복금리,복금리,36.1832401,126.8500425
충청남도 부여군 충화면 천당리,천당리,36.1756531,126.8109985
충청남도 부여군 남면,남면,36.2120981,126.8063
충청남도 부여군 남면 삼용리,삼용리,36.2172999,126.7836197
충청남도 부여군 남면 금천리,금천리,36.1962342,126.7715196
충청남도 부여군 남면 신홍리,신홍리,36.2038,126.7874
충청남도 부여군 남면 내곡리,내곡리,36.2036616,126.7944983
충청남도 부여군 남면 회동리,회동리,36.2093117,126.8033624
충청남도 부여군 남면 대선리,대선리,36.1999334,126.7772721
충청남도 부여군 남면 송암리,송암리,36.2139272,126.81675
충청남도 부여군 남면 마정리,마정리,36.2227564,126.8422535
충청남도 부여군 남면 송학리,송학리,36.2252148,126.7972584
충청남도 부여군 옥산면,옥산면,36.191468,126.733675
충청남도 부여군 옥산면 가덕리,가덕리,36.1878,126.7653954
충청남도 부여군 옥산면 내대리,내대리,36.1899562,126.7513161
충청남도 부여군 옥산면 안서리,안서리,36.1867,126.7337
충청남도 부여군 옥산면 대덕리,대덕리,36.1841,126.709
충청남도 부여군 옥산면 신안리,신안리,36.1851171,126.7237161
충청남도 부여군 옥산면 중양리,중양리,36.19821,126.703063
충청남도 부여군 옥산면 봉산리,봉산리,36.1990096,126.7200875
충청남도 부여군 옥산면 수암리,수암리,36.1998,126.7403
충청남도 부여군 옥산면 홍연리,홍연리,36.208,126.7206
충청남도 부여군 옥산면 학산리,학산리,36.2171,126.7256
충청남도 부여군 옥산면 상기리,상기리,36.228168,126.723225
충청남도 부여군 홍산면,홍산면,36.216726,126.760313
충청남도 부여군 홍산면 무정리,무정리,36.2400376,126.785482
충청남도 부여군 홍산면 상천리,상천리,36.2452,126.7492
충청남도 부여군 홍산면 조현리,조현리,36.2362826,126.7943845
충청남도 부여군 홍산면 교원리,교원리,36.222676,126.771175
충청남도 부여군 홍산면 좌홍리,좌홍리,36.2148014,126.7740845
충청남도 부여군 홍산면 홍양리,홍양리,36.2113335,126.7456312
충청남도 부여군 홍산면 남촌리,남촌리,36.2104803,126.7588514
충청남도 부여군 홍산면 북촌리,북촌리,36.2151686,126.7628076
충청남도 부여군 홍산면 정동리,정동리,36.2336994,126.7749381
충청남도 부여군 홍산면 토정리,토정리,36.2286058,126.7448592
충청남도 부여군 구룡면,구룡면,36.252692,126.812888
충청남도 부여군 구룡면 용당리,용당리,36.2389012,126.8345787
충청남도 부여군 구룡면 동방리,동방리,36.2297241,126.8120408
충청남도 부여군 구룡면 죽교리,죽교리,36.2418837,126.8171958
충청남도 부여군 구룡면 현암리,현암리,36.2802697,126.8010808
충청남도 부여군 구룡면 금사리,금사리,36.2500719,126.7975251
충청남도 부여군 구룡면 논티리,논티리,36.2439972,126.8059582
충청남도 부여군 구룡면 태양리,태양리,36.2556489,126.8107232
충청남도 부여군 구룡면 주정리,주정리,36.2532333,126.823751
충청남도 부여군 구룡면 죽절리,죽절리,36.2664847,126.8221218
충청남도 부여군 구룡면 구봉리,구봉리,36.2586204,126.8342915
충청남도 부여군 내산면,내산면,36.2748057,126.7805549
충청남도 부여군 내산면 율암리,율암리,36.2616714,126.7884479
충청남도 부여군 내산면 묘원리,묘원리,36.2587493,126.7758309
충청남도 부여군 내산면 금지리,금지리,36.2647677,126.7410719
충청남도 부여군 내산면 마전리,마전리,36.3072679,126.7664638
충청남도 부여군 내산면 주암리,주암리,36.2938026,126.7779444
충청남도 부여군 내산면 지티리,지티리,36.2849802,126.7403337
충청남도 부여군 내산면 온해리,온해리,36.2997853,126.7471812
충청남도 부여군 내산면 저동리,저동리,36.2860405,126.7653614
충청남도 부여군 내산면 천보리,천보리,36.2485,126.77
충청남도 부여군 내산면 운치리,운치리,36.2743541,126.7796042
충청남도 부여군 외산면,외산면,36.3043382,126.7042179
충청남도 부여군 외산면 전장리,전장리,36.3295789,126.7220078
충청남도 부여군 외산면 화성리,화성리,36.3297,126.7478375
충청남도 부여군 외산면 복덕리,복덕리,36.3134281,126.7293868
충청남도 부여군 외산면 만수리,만수리,36.2922918,126.692886
충청남도 부여군 외산면 수신리,수신리,36.3659,126.7315
충청남도 부여군 외산면 장항리,장항리,36.3130994,126.7130716
충청남도 부여군 외산면 갈산리,갈산리,36.297222,126.7183902
충청남도 부여군 외산면 반교리,반교리,36.2839664,126.7114509
충청남도 부여군 외산면 가덕리,가덕리,36.2699218,126.7115438
충청남도 부여군 외산면 문신리,문신리,36.3557071,126.7438125
충청남도 부여군 외산면 지선리,지선리,36.3625987,126.7140625
충청남도 부여군 외산면 비암리,비암리,36.3482,126.7286
충청남도 부여군 외산면 삼산리,삼산리,36.3426,126.7115
충청남도 부여군 은산면,은산면,36.3104189,126.8542053
충청남도 부여군 은산면 장벌리,장벌리,36.3589487,126.820125
충청남도 부여군 은산면 가곡리,가곡리,36.3453,126.8398
충청남도 부여군 은산면 금공리,금공리,36.3313082,126.8464642
충청남도 부여군 은산면 합수리,합수리,36.2995833,126.8147
충청남도 부여군 은산면 내지리,내지리,36.2825698,126.8191157
충청남도 부여군 은산면 용두리,용두리,36.3803,126.8395
충청남도 부여군 은산면 거전리,거전리,36.3593237,126.8404
충청남도 부여군 은산면 각대리,각대리,36.3044333,126.80735
충청남도 부여군 은산면 경둔리,경둔리,36.2918,126.83505
충청남도 부여군 은산면 가중리,가중리,36.2995118,126.843306
충청남도 부여군 은산면 나령리,나령리,36.33499,126.778638
충청남도 부여군 은산면 대양리,대양리,36.3216013,126.8072305
충청남도 부여군 은산면 회곡리,회곡리,36.3237131,126.856645
충청남도 부여군 은산면 은산리,은산리,36.3079986,126.8477221
충청남도 부여군 은산면 오번리,오번리,36.337,126.8168
충청남도 부여군 은산면 홍산리,홍산리,36.323516,126.8329876
충청남도 부여군 은산면 신대리,신대리,36.3090261,126.8591868
충청남도 부여군 규암면,규암면,36.2751273,126.8841609
충청남도 부여군 규암면 부여두리,부여두리,36.2410023,126.8522852
충청남도 부여군 규암면 석우리,석우리,36.2758,126.8566
충청남도 부여군 규암면 수목리,수목리,36.2773,126.8408
충청남도 부여군 규암면 노화리,노화리,36.252361,126.8490385
충청남도 부여군 규암면 합송리,합송리,36.2617333,126.853625
충청남도 부여군 규암면 내리,내리,36.263083,126.874338
충청남도 부여군 규암면 외리,외리,36.258472,126.8946867
충청남도 부여군 규암면 규암리,규암리,36.272558,126.887225
충청남도 부여군 규암면 진변리,진변리,36.2858,126.8897
충청남도 부여군 규암면 오수리,오수리,36.3008049,126.8885548
충청남도 부여군 규암면 신리,신리,36.2938924,126.9012445
충청남도 부여군 규암면 금암리,금암리,36.3204936,126.9025243
충청남도 부여군 규암면 신성리,신성리,36.3177156,126.8781803
충청남도 부여군 규암면 합정리,합정리,36.308516,126.9003248
충청남도 부여군 규암면 호암리,호암리,36.309415,126.9187649
충청남도 부여군 규암면 함양리,함양리,36.2997417,126.872675
충청남도 부여군 규암면 모리,모리,36.2967697,126.8675186
충청남도 부여군 규암면 나복리,나복리,36.2847388,126.8632094
충청남도 부여군 규암면 반산리,반산리,36.278142,126.8728697
충청남도 부여군 부여읍,부여읍,36.2755959,126.9111637
충청남도 부여군 부여읍 현북리,현북리,36.2505268,126.9592512
충청남도 부여군 부여읍 왕포리,왕포리,36.2599233,126.9173901
충청남도 부여군 부여읍 군수리,군수리,36.2656008,126.9027632
충청남도 부여군 부여읍 송간리,송간리,36.312975,126.968575
충청남도 부여군 부여읍 신정리,신정리,36.3207,126.9836
충청남도 부여군 부여읍 저석리,저석리,36.3238877,126.9659664
충청남도 부여군 부여읍 자왕리,자왕리,36.3157,126.9532
충청남도 부여군 부여읍 능산리,능산리,36.2761295,126.9567616
충청남도 부여군 부여읍 중정리,중정리,36.2584421,126.9307197
충청남도 부여군 부여읍 가탑리,가탑리,36.2749,126.9296
충청남도 부여군 부여읍 구교리,구교리,36.2832348,126.9033415
충청남도 부여군 부여읍 쌍북리,쌍북리,36.2869667,126.9226625
충청남도 부여군 부여읍 관북리,관북리,36.2844008,126.9140072
충청남도 부여군 부여읍 구아리,구아리,36.2836712,126.9093344
충청남도 부여군 부여읍 동남리,동남리,36.2750417,126.9091375
충청남도 부여군 부여읍 가증리,가증리,36.2985085,126.9487039
충청남도 부여군 부여읍 용정리,용정리,36.286838,126.9531563
충청남도 부여군 부여읍 석목리,석목리,36.2859168,126.9378648
충청남도 부여군 부여읍 정동리,정동리,36.3057496,126.9319972
충청남도 부여군 부여읍 염창리,염창리,36.2591,126.945538
충청남도 부여군 부여읍 상금리,상금리,36.3038387,126.9810433
충청남도 부여군 부여읍 송곡리,송곡리,36.2929596,126.9690419
충청남도 금산군 추부면,추부면,36.194949,127.4759822
충청남도 금산군 추부면 서대리,서대리,36.2106929,127.513025
충청남도 금산군 추부면 성당리,성당리,36.2406596,127.53135
충청남도 금산군 추부면 신평리,신평리,36.2273251,127.5090824
충청남도 금산군 추부면 요광리,요광리,36.2153096,127.48576
충청남도 금산군 추부면 장대리,장대리,36.1879,127.4933
충청남도 금산군 추부면 자부리,자부리,36.1979,127.4919
충청남도 금산군 추부면 비례리,비례리,36.2034444,127.4781735
충청남도 금산군 추부면 마전리,마전리,36.1948,127.462
충청남도 금산군 추부면 추정리,추정리,36.1765,127.4761
충청남도 금산군 추부면 용지리,용지리,36.1722,127.4566
충청남도 금산군 복수면,복수면,36.1664603,127.3983228
충청남도 금산군 복수면 지량리,지량리,36.2635,127.369025
충청남도 금산군 복수면 신대리,신대리,36.2252,127.3822
충청남도 금산군 복수면 구례리,구례리,36.2068679,127.384025
충청남도 금산군 복수면 백암리,백암리,36.18767,127.388795
충청남도 금산군 복수면 목소리,목소리,36.182213,127.4241417
충청남도 금산군 복수면 수영리,수영리,36.1767929,127.388975
충청남도 금산군 복수면 곡남리,곡남리,36.1600239,127.3996486
충청남도 금산군 복수면 다복리,다복리,36.1625,127.421
충청남도 금산군 복수면 용진리,용진리,36.1759013,127.432675
충청남도 금산군 진산면,진산면,36.1442321,127.3703375
충청남도 금산군 진산면 막현리,막현리,36.2014011,127.3681466
충청남도 금산군 진산면 지방리,지방리,36.1778458,127.3570232
충청남도 금산군 진산면 두지리,두지리,36.1681717,127.3408126
충청남도 금산군 진산면 행정리,행정리,36.1397826,127.3419257
충청남도 금산군 진산면 묵산리,묵산리,36.1389,127.3519
충청남도 금산군 진산면 읍내리,읍내리,36.1379737,127.3647
충청남도 금산군 진산면 교촌리,교촌리,36.1547,127.3819
충청남도 금산군 진산면 석막리,석막리,36.1140272,127.3787604
충청남도 금산군 진산면 오항리,오항리,36.09957,127.3676868
충청남도 금산군 진산면 삼가리,삼가리,36.1318842,127.3919712
충청남도 금산군 진산면 부암리,부암리,36.1383,127.3828
충청남도 금산군 진산면 엄정리,엄정리,36.1262185,127.4162565
충청남도 금산군 진산면 만악리,만악리,36.1549831,127.4445405
충청남도 금산군 남이면,남이면,36.0454599,127.4366865
충청남도 금산군 남이면 성곡리,성곡리,36.0666,127.4817
충청남도 금산군 남이면 석동리,석동리,36.05265,127.473775
충청남도 금산군 남이면 매곡리,매곡리,36.0418,127.4877
충청남도 금산군 남이면 구석리,구석리,36.0145827,127.4667547
충청남도 금산군 남이면 흑암리,흑암리,36.0286,127.4520125
충청남도 금산군 남이면 대양리,대양리,36.0307167,127.4207125
충청남도 금산군 남이면 역평리,역평리,36.06655,127.409475
충청남도 금산군 남이면 건천리,건천리,36.0808055,127.3806861
충청남도 금산군 남이면 상금리,상금리,36.0806833,127.4214375
충청남도 금산군 남이면 하금리,하금리,36.0476028,127.4462557
충청남도 금산군 남일면,남일면,36.0428891,127.5044837
충청남도 금산군 남일면 신천리,신천리,36.0320306,127.4862024
충청남도 금산군 남일면 음대리,음대리,36.0193826,127.5031761
충청남도 금산군 남일면 신동리,신동리,35.9974,127.4917
충청남도 금산군 남일면 신정리,신정리,36.0067833,127.5241375
충청남도 금산군 남일면 덕천리,덕천리,36.03345,127.5232625
충청남도 금산군 남일면 초현리,초현리,36.04405,127.5081
충청남도 금산군 남일면 상동리,상동리,36.06305,127.5121875
충청남도 금산군 남일면 마장리,마장리,36.0744549,127.5139388
충청남도 금산군 남일면 황풍리,황풍리,36.0838571,127.5027875
충청남도 금산군 군북면,군북면,36.168935,127.527663
충청남도 금산군 군북면 산안리,산안리,36.1897,127.5675
충청남도 금산군 군북면 상곡리,상곡리,36.2133613,127.5637151
충청남도 금산군 군북면 보광리,보광리,36.2097282,127.5505414
충청남도 금산군 군북면 조정리,조정리,36.1956429,127.524
충청남도 금산군 군북면 동편리,동편리,36.1820513,127.5183625
충청남도 금산군 군북면 두두리,두두리,36.1693146,127.5268792
충청남도 금산군 군북면 천을리,천을리,36.1581093,127.5303573
충청남도 금산군 군북면 외부리,외부리,36.1558423,127.5014351
충청남도 금산군 군북면 내부리,내부리,36.1312,127.507
충청남도 금산군 군북면 호티리,호티리,36.1155016,127.5056166
충청남도 금산군 부리면,부리면,36.0607684,127.5550167
충청남도 금산군 부리면 현내리,현내리,36.0446917,127.566
충청남도 금산군 부리면 방우리,방우리,36.0311083,127.6148
충청남도 금산군 부리면 수통리,수통리,36.0507417,127.5911625
충청남도 금산군 부리면 예미리,예미리,36.0690439,127.5779176
충청남도 금산군 부리면 어재리,어재리,36.0785846,127.5972905
충청남도 금산군 부리면 신촌리,신촌리,36.0803,127.5752
충청남도 금산군 부리면 평촌리,평촌리,36.0809,127.5578
충청남도 금산군 부리면 양곡리,양곡리,36.0628612,127.5640816
충청남도 금산군 부리면 불이리,불이리,36.0601612,127.5432212
충청남도 금산군 부리면 관천리,관천리,36.0526119,127.5267105
충청남도 금산군 부리면 선원리,선원리,36.0828329,127.5325341
충청남도 금산군 부리면 창평리,창평리,36.0973814,127.5305964
충청남도 금산군 제원면,제원면,36.1125619,127.5460681
충청남도 금산군 제원면 천내리,천내리,36.131,127.5861
충청남도 금산군 제원면 용화리,용화리,36.0962325,127.5857162
충청남도 금산군 제원면 금성리,금성리,36.0944654,127.565025
충청남도 금산군 제원면 저곡리,저곡리,36.0999402,127.5703925
충청남도 금산군 제원면 대산리,대산리,36.1237711,127.5527811
충청남도 금산군 제원면 신안리,신안리,36.1642097,127.5828771
충청남도 금산군 제원면 길곡리,길곡리,36.1587932,127.5636416
충청남도 금산군 제원면 동곡리,동곡리,36.1510321,127.540775
충청남도 금산군 제원면 구억리,구억리,36.1296,127.5416
충청남도 금산군 제원면 명곡리,명곡리,36.1376,127.5272
충청남도 금산군 제원면 수당리,수당리,36.1134,127.5204
충청남도 금산군 제원면 명암리,명암리,36.1071804,127.5400546
충청남도 금산군 제원면 제원리,제원리,36.1121137,127.546107
충청남도 금산군 금성면,금성면,36.1308231,127.4537352
충청남도 금산군 금성면 대암리,대암리,36.1660904,127.4926375
충청남도 금산군 금성면 하신리,하신리,36.1620487,127.4804
충청남도 금산군 금성면 마수리,마수리,36.1542418,127.4620514
충청남도 금산군 금성면 의총리,의총리,36.1310693,127.4882745
충청남도 금산군 금성면 하류리,하류리,36.1324773,127.4746258
충청남도 금산군 금성면 파초리,파초리,36.136,127.464
충청남도 금산군 금성면 두곡리,두곡리,36.1371181,127.4475907
충청남도 금산군 금성면 상가리,상가리,36.1256191,127.4501783
충청남도 금산군 금성면 화림리,화림리,36.1213026,127.4388795
충청남도 금산군 금성면 도곡리,도곡리,36.1168869,127.4678018
충청남도 금산군 금성면 양전리,양전리,36.1207202,127.4836752
충청남도 금산군 금산읍,금산읍,36.1072971,127.4905071
충청남도 금산군 금산읍 음지리,음지리,36.0912059,127.4676525
충청남도 금산군 금산읍 양지리,양지리,36.1021547,127.459428
충청남도 금산군 금산읍 계진리,계진리,36.094114,127.4717271
충청남도 금산군 금산읍 상옥리,상옥리,36.0993553,127.4792262
충청남도 금산군 금산읍 아인리,아인리,36.1077571,127.4699625
충청남도 금산군 금산읍 상리,상리,36.1081,127.4883
충청남도 금산군 금산읍 하옥리,하옥리,36.0984806,127.4923125
충청남도 금산군 금산읍 중도리,중도리,36.1079215,127.4941621
충청남도 금산군 금산읍 신대리,신대리,36.0895733,127.5027117
충청남도 당진시 구룡동,구룡동,36.8251,126.6117
충청남도 당진시 사기소동,사기소동,36.8471,126.623
충청남도 당진시 용연동,용연동,36.8604,126.6308
충청남도 당진시 행정동,행정동,36.8787,126.6128
충청남도 당진시 대덕동,대덕동,36.8767,126.6442
충청남도 당진시 수청동,수청동,36.8904215,126.651987
충청남도 당진시 시곡동,시곡동,36.8967,126.6713
충청남도 당진시 원당동,원당동,36.9092,126.6504
충청남도 당진시 우두동,우두동,36.9158,126.6277
충청남도 당진시 채운동,채운동,36.8914,126.6159
충청남도 당진시 읍내동,읍내동,36.894229,126.6355845
충청남도 당진시 당진3동,당진3동,36.9080008,126.6448325
충청남도 당진시 당진2동,당진2동,36.8851135,126.6484298
충청남도 당진시 당진1동,당진1동,36.8932076,126.6270872
충청남도 당진시 송산면,송산면,36.9326384,126.6791258
충청남도 당진시 송산면 가곡리,가곡리,36.976769,126.6804846
충청남도 당진시 송산면 동곡리,동곡리,36.9790049,126.7028623
충청남도 당진시 송산면 유곡리,유곡리,36.9556,126.6987
충청남도 당진시 송산면 무수리,무수리,36.954901,126.670525
충청남도 당진시 송산면 삼월리,삼월리,36.938618,126.677888
충청남도 당진시 송산면 도문리,도문리,36.9382,126.6931
충청남도 당진시 송산면 명산리,명산리,36.934201,126.707263
충청남도 당진시 송산면 부곡리,부곡리,36.9157,126.6804
충청남도 당진시 송산면 매곡리,매곡리,36.9256,126.6698
충청남도 당진시 송산면 송석리,송석리,36.9329,126.6618
충청남도 당진시 송산면 당산리,당산리,36.9423429,126.6459
충청남도 당진시 송산면 금암리,금암리,36.9258,126.6449
충청남도 당진시 송산면 상거리,상거리,36.9266,126.6848
충청남도 당진시 신평면,신평면,36.885265,126.773575
충청남도 당진시 신평면 한정리,한정리,36.8954,126.797
충청남도 당진시 신평면 매산리,매산리,36.9106737,126.793233
충청남도 당진시 신평면 부수리,부수리,36.9018,126.8092
충청남도 당진시 신평면 도성리,도성리,36.887782,126.8068
충청남도 당진시 신평면 신당리,신당리,36.870049,126.831125
충청남도 당진시 신평면 운정리,운정리,36.881599,126.823962
충청남도 당진시 신평면 신흥리,신흥리,36.871257,126.7926
충청남도 당진시 신평면 신송리,신송리,36.8499,126.7809
충청남도 당진시 신평면 남산리,남산리,36.8693,126.7729
충청남도 당진시 신평면 상오리,상오리,36.8642,126.7549
충청남도 당진시 신평면 거산리,거산리,36.8869071,126.7432125
충청남도 당진시 신평면 초대리,초대리,36.8979,126.7491
충청남도 당진시 신평면 금천리,금천리,36.8916,126.7721
충청남도 당진시 우강면,우강면,36.8153578,126.7769101
충청남도 당진시 우강면 성원리,성원리,36.819292,126.8022
충청남도 당진시 우강면 내경리,내경리,36.8096,126.8359
충청남도 당진시 우강면 대포리,대포리,36.8122,126.8216
충청남도 당진시 우강면 소반리,소반리,36.824133,126.8243
충청남도 당진시 우강면 강문리,강문리,36.828242,126.811913
충청남도 당진시 우강면 신촌리,신촌리,36.8434,126.8162
충청남도 당진시 우강면 부장리,부장리,36.8546,126.8158
충청남도 당진시 우강면 공포리,공포리,36.834699,126.797363
충청남도 당진시 우강면 원치리,원치리,36.8375571,126.78325
충청남도 당진시 우강면 세류리,세류리,36.838999,126.77185
충청남도 당진시 우강면 송산리,송산리,36.820158,126.776225
충청남도 당진시 우강면 창리,창리,36.8126,126.7891
충청남도 당진시 순성면,순성면,36.8453821,126.7144219
충청남도 당진시 순성면 갈산리,갈산리,36.8725,126.6765
충청남도 당진시 순성면 성북리,성북리,36.8496,126.6754
충청남도 당진시 순성면 옥호리,옥호리,36.857199,126.71575
충청남도 당진시 순성면 아찬리,아찬리,36.8577,126.737
충청남도 당진시 순성면 중방리,중방리,36.837,126.7583
충청남도 당진시 순성면 본리,본리,36.84,126.7379
충청남도 당진시 순성면 광천리,광천리,36.8405,126.722
충청남도 당진시 순성면 나산리,나산리,36.8215,126.7116
충청남도 당진시 순성면 양유리,양유리,36.8212,126.688513
충청남도 당진시 순성면 백석리,백석리,36.8280917,126.695325
충청남도 당진시 순성면 봉소리,봉소리,36.84534,126.701275
충청남도 당진시 면천면,면천면,36.8159393,126.665169
충청남도 당진시 면천면 사기소리,사기소리,36.8358,126.6295
충청남도 당진시 면천면 죽동리,죽동리,36.8533,126.655
충청남도 당진시 면천면 송학리,송학리,36.8343,126.6557
충청남도 당진시 면천면 삼웅리,삼웅리,36.8169,126.6397
충청남도 당진시 면천면 대치리,대치리,36.796,126.6523
충청남도 당진시 면천면 율사리,율사리,36.7832,126.6627
충청남도 당진시 면천면 자개리,자개리,36.7911,126.6834
충청남도 당진시 면천면 문봉리,문봉리,36.8032,126.69655
충청남도 당진시 면천면 원동리,원동리,36.8046,126.6738
충청남도 당진시 면천면 성하리,성하리,36.808442,126.65725
충청남도 당진시 면천면 성상리,성상리,36.8198,126.6674
충청남도 당진시 정미면,정미면,36.8825079,126.5682311
충청남도 당진시 정미면 봉생리,봉생리,36.8837,126.5914
충청남도 당진시 정미면 모평리,모평리,36.8663,126.6051
충청남도 당진시 정미면 신시리,신시리,36.864299,126.589013
충청남도 당진시 정미면 덕마리,덕마리,36.8541,126.5936
충청남도 당진시 정미면 대운산리,대운산리,36.8456,126.5921
충청남도 당진시 정미면 사관리,사관리,36.8469,126.5799
충청남도 당진시 정미면 수당리,수당리,36.8376,126.566
충청남도 당진시 정미면 봉성리,봉성리,36.8414,126.5442
충청남도 당진시 정미면 덕삼리,덕삼리,36.8337,126.5334
충청남도 당진시 정미면 산성리,산성리,36.8473,126.5217
충청남도 당진시 정미면 하성리,하성리,36.853115,126.530288
충청남도 당진시 정미면 우산리,우산리,36.8574654,126.5385375
충청남도 당진시 정미면 매방리,매방리,36.8524,126.5542
충청남도 당진시 정미면 도산리,도산리,36.86749,126.553838
충청남도 당진시 정미면 대조리,대조리,36.870915,126.536225
충청남도 당진시 정미면 승산리,승산리,36.882699,126.555113
충청남도 당진시 정미면 천의리,천의리,36.8822,126.574
충청남도 당진시 대호지면,대호지면,36.90004,126.5042
충청남도 당진시 대호지면 출포리,출포리,36.8892,126.4873
충청남도 당진시 대호지면 송전리,송전리,36.879899,126.510338
충청남도 당진시 대호지면 마중리,마중리,36.8628,126.5232
충청남도 당진시 대호지면 장정리,장정리,36.8886,126.5243
충청남도 당진시 대호지면 두산리,두산리,36.89714,126.5442
충청남도 당진시 대호지면 도이리,도이리,36.9285,126.5365
충청남도 당진시 대호지면 적서리,적서리,36.9551,126.5082
충청남도 당진시 대호지면 사성리,사성리,36.9203,126.504
충청남도 당진시 대호지면 조금리,조금리,36.9019237,126.5010125
충청남도 당진시 석문면,석문면,36.981918,126.590825
충청남도 당진시 석문면 초락도리,초락도리,36.9959,126.4985
충청남도 당진시 석문면 난지도리,난지도리,37.0379,126.4474
충청남도 당진시 석문면 교로리,교로리,37.0365,126.51
충청남도 당진시 석문면 장고항리,장고항리,37.0229,126.5539
충청남도 당진시 석문면 삼봉리,삼봉리,36.9998,126.5482
충청남도 당진시 석문면 삼화리,삼화리,36.9656,126.6118
충청남도 당진시 석문면 통정리,통정리,36.9858,126.5879
충청남도 당진시 고대면,고대면,36.926026,126.596838
충청남도 당진시 고대면 진관리,진관리,36.9216,126.59
충청남도 당진시 고대면 항곡리,항곡리,36.898599,126.598213
충청남도 당진시 고대면 옥현리,옥현리,36.9166,126.5668
충청남도 당진시 고대면 당진포리,당진포리,36.9594,126.5474
충청남도 당진시 고대면 성산리,성산리,36.9748,126.5735
충청남도 당진시 고대면 장항리,장항리,36.9519,126.5915
충청남도 당진시 고대면 대촌리,대촌리,36.9407,126.5937
충청남도 당진시 고대면 슬항리,슬항리,36.9398,126.6165
충청남도 당진시 고대면 용두리,용두리,36.924,126.6128
충청남도 당진시 송악읍,송악읍,36.9032404,126.69025
충청남도 당진시 송악읍 가학리,가학리,36.917,126.7076
충청남도 당진시 송악읍 석포리,석포리,36.9316,126.7275
충청남도 당진시 송악읍 정곡리,정곡리,36.9465,126.7233
충청남도 당진시 송악읍 월곡리,월곡리,36.9564,126.7426
충청남도 당진시 송악읍 고대리,고대리,36.975535,126.7383
충청남도 당진시 송악읍 한진리,한진리,36.9691,126.7711
충청남도 당진시 송악읍 부곡리,부곡리,36.9527,126.7708
충청남도 당진시 송악읍 오곡리,오곡리,36.9436,126.7601
충청남도 당진시 송악읍 중흥리,중흥리,36.9311423,126.7508111
충청남도 당진시 송악읍 복운리,복운리,36.9298,126.7796
충청남도 당진시 송악읍 도원리,도원리,36.9176,126.7648
충청남도 당진시 송악읍 전대리,전대리,36.911,126.7551
충청남도 당진시 송악읍 금곡리,금곡리,36.9177,126.7385
충청남도 당진시 송악읍 영천리,영천리,36.906899,126.723938
충청남도 당진시 송악읍 반촌리,반촌리,36.8936,126.7064
충청남도 당진시 송악읍 광명리,광명리,36.888949,126.71855
충청남도 당진시 송악읍 봉교리,봉교리,36.8822,126.7314
충청남도 당진시 송악읍 청금리,청금리,36.8675,126.7322
충청남도 당진시 송악읍 본당리,본당리,36.8747,126.7184
충청남도 당진시 송악읍 방계리,방계리,36.8774,126.7055
충청남도 당진시 송악읍 가교리,가교리,36.879,126.6924
충청남도 당진시 송악읍 기지시리,기지시리,36.9013,126.6919
충청남도 당진시 합덕읍,합덕읍,36.8098709,126.7639965
충청남도 당진시 합덕읍 신석리,신석리,36.7763,126.7906
충청남도 당진시 합덕읍 신흥리,신흥리,36.7945,126.8378
충청남도 당진시 합덕읍 점원리,점원리,36.7976,126.8065
충청남도 당진시 합덕읍 합덕리,합덕리,36.7971,126.7884
충청남도 당진시 합덕읍 옥금리,옥금리,36.7787,126.8104
충청남도 당진시 합덕읍 신리,신리,36.7606,126.7724
충청남도 당진시 합덕읍 도리,도리,36.7915,126.7978
충청남도 당진시 합덕읍 대전리,대전리,36.7757,126.7547
충청남도 당진시 합덕읍 대합덕리,대합덕리,36.7735,126.7753
충청남도 당진시 합덕읍 성동리,성동리,36.790717,126.771938
충청남도 당진시 합덕읍 석우리,석우리,36.797992,126.741163
충청남도 당진시 합덕읍 소소리,소소리,36.8225543,126.7396122
충청남도 당진시 합덕읍 도곡리,도곡리,36.8116,126.7232
충청남도 당진시 합덕읍 운산리,운산리,36.8028,126.7702
충청남도 계룡시 금암동,금암동,36.272767,127.2464
충청남도 계룡시 신도안면,신도안면,36.300467,127.242188
충청남도 계룡시 신도안면 정장리,정장리,36.3012,127.234
충청남도 계룡시 신도안면 남선리,남선리,36.3123583,127.2529853
충청남도 계룡시 엄사면,엄사면,36.2886055,127.2398733
충청남도 계룡시 엄사면 향한리,향한리,36.2837167,127.222175
충청남도 계룡시 엄사면 도곡리,도곡리,36.26875,127.2112125
충청남도 계룡시 엄사면 광석리,광석리,36.2656667,127.226275
충청남도 계룡시 엄사면 유동리,유동리,36.2688678,127.2385309
충청남도 계룡시 엄사면 엄사리,엄사리,36.2874,127.239
충청남도 계룡시 두마면,두마면,36.2668957,127.2727146
충청남도 계룡시 두마면 농소리,농소리,36.256225,127.2558625
충청남도 계룡시 두마면 입암리,입암리,36.2465679,127.258675
충청남도 계룡시 두마면 왕대리,왕대리,36.2560833,127.27465
충청남도 계룡시 두마면 두계리,두계리,36.2667692,127.2648373
충청남도 논산시 관촉동,관촉동,36.1907346,127.1182375
충청남도 논산시 강산동,강산동,36.1866179,127.0815625
충청남도 논산시 내동,내동,36.1831929,127.1028625
충청남도 논산시 덕지동,덕지동,36.2127513,127.1078375
충청남도 논산시 지산동,지산동,36.2007013,127.1127625
충청남도 논산시 등화동,등화동,36.1844013,127.07515
충청남도 논산시 대교동,대교동,36.2092346,127.0849
충청남도 논산시 반월동,반월동,36.2056895,127.0890292
충청남도 논산시 화지동,화지동,36.2064144,127.0831194
충청남도 논산시 부창동,부창동,36.1992756,127.0871464
충청남도 논산시 취암동,취암동,36.1992745,127.0871511
충청남도 논산시 채운면,채운면,36.1735692,127.0627326
충청남도 논산시 채운면 야화리,야화리,36.1693263,127.0600375
충청남도 논산시 채운면 장화리,장화리,36.1740929,127.033225
충청남도 논산시 채운면 삼거리,삼거리,36.1588895,127.0433606
충청남도 논산시 채운면 화정리,화정리,36.1451154,127.0667161
충청남도 논산시 채운면 심암리,심암리,36.1468071,127.076225
충청남도 논산시 채운면 우기리,우기리,36.1504737,127.0804875
충청남도 논산시 채운면 용화리,용화리,36.1610237,127.068
충청남도 논산시 채운면 화산리,화산리,36.1762096,127.062775
충청남도 논산시 은진면,은진면,36.1674273,127.1068711
충청남도 논산시 은진면 성평리,성평리,36.1911763,127.1235125
충청남도 논산시 은진면 성덕리,성덕리,36.1755763,127.1379625
충청남도 논산시 은진면 남산리,남산리,36.1737013,127.083
충청남도 논산시 은진면 와야리,와야리,36.1809263,127.1162375
충청남도 논산시 은진면 교촌리,교촌리,36.1703346,127.1013
충청남도 논산시 은진면 용산리,용산리,36.1658487,127.1178875
충청남도 논산시 은진면 시묘리,시묘리,36.1456404,127.1348875
충청남도 논산시 은진면 토양리,토양리,36.1493737,127.0981625
충청남도 논산시 은진면 방축리,방축리,36.1634904,127.0788875
충청남도 논산시 은진면 연서리,연서리,36.1629404,127.10455
충청남도 논산시 가야곡면,가야곡면,36.1368074,127.1587979
충청남도 논산시 가야곡면 양촌리,양촌리,36.1199251,127.1881239
충청남도 논산시 가야곡면 삼전리,삼전리,36.0975737,127.1634875
충청남도 논산시 가야곡면 왕암리,왕암리,36.1260737,127.1581375
충청남도 논산시 가야곡면 야촌리,야촌리,36.1343071,127.143525
충청남도 논산시 가야곡면 두월리,두월리,36.1611654,127.1388125
충청남도 논산시 가야곡면 종연리,종연리,36.1682263,127.15425
충청남도 논산시 가야곡면 등리,등리,36.1609487,127.164125
충청남도 논산시 가야곡면 조정리,조정리,36.1698746,127.1721033
충청남도 논산시 가야곡면 병암리,병암리,36.1711096,127.1916625
충청남도 논산시 가야곡면 산노리,산노리,36.1654071,127.184125
충청남도 논산시 가야곡면 함적리,함적리,36.1491821,127.1937
충청남도 논산시 가야곡면 목곡리,목곡리,36.1430654,127.182
충청남도 논산시 가야곡면 강청리,강청리,36.1371904,127.180075
충청남도 논산시 가야곡면 육곡리,육곡리,36.1341487,127.161525
충청남도 논산시 양촌면,양촌면,36.1385702,127.2326286
충청남도 논산시 양촌면 중산리,중산리,36.1003404,127.1917
충청남도 논산시 양촌면 석서리,석서리,36.1287571,127.208975
충청남도 논산시 양촌면 명암리,명암리,36.1960073,127.2089744
충청남도 논산시 양촌면 반곡리,반곡리,36.1865763,127.2090375
충청남도 논산시 양촌면 거사리,거사리,36.176957,127.2076075
충청남도 논산시 양촌면 신흥리,신흥리,36.1651071,127.20455
충청남도 논산시 양촌면 모촌리,모촌리,36.1588684,127.2217855
충청남도 논산시 양촌면 산직리,산직리,36.1740763,127.23905
충청남도 논산시 양촌면 반암리,반암리,36.1561321,127.2603875
충청남도 논산시 양촌면 남산리,남산리,36.1431404,127.2423
충청남도 논산시 양촌면 채광리,채광리,36.1299071,127.254025
충청남도 논산시 양촌면 오산리,오산리,36.1279821,127.2736625
충청남도 논산시 양촌면 신기리,신기리,36.1106071,127.2642375
충청남도 논산시 양촌면 양촌리,양촌리,36.1139404,127.2353125
충청남도 논산시 양촌면 임화리,임화리,36.1095071,127.2284125
충청남도 논산시 양촌면 도평리,도평리,36.1345154,127.2295625
충청남도 논산시 양촌면 인천리,인천리,36.1363404,127.244425
충청남도 논산시 벌곡면,벌곡면,36.2059344,127.2647507
충청남도 논산시 벌곡면 양산리,양산리,36.2094429,127.2667625
충청남도 논산시 벌곡면 신양리,신양리,36.2151846,127.28725
충청남도 논산시 벌곡면 조령리,조령리,36.2377679,127.2706875
충청남도 논산시 벌곡면 조동리,조동리,36.2226596,127.2939375
충청남도 논산시 벌곡면 어곡리,어곡리,36.2238429,127.3048125
충청남도 논산시 벌곡면 만목리,만목리,36.1847679,127.314675
충청남도 논산시 벌곡면 도산리,도산리,36.165205,127.310977
충청남도 논산시 벌곡면 수락리,수락리,36.1546487,127.306725
충청남도 논산시 벌곡면 덕곡리,덕곡리,36.1717667,127.295992
충청남도 논산시 벌곡면 검천리,검천리,36.1768679,127.2951375
충청남도 논산시 벌곡면 대덕리,대덕리,36.1912596,127.2950375
충청남도 논산시 벌곡면 사정리,사정리,36.1942679,127.2768875
충청남도 논산시 벌곡면 덕목리,덕목리,36.1925929,127.2536875
충청남도 논산시 벌곡면 한삼천리,한삼천리,36.2150096,127.245625
충청남도 논산시 연산면,연산면,36.2134624,127.2005718
충청남도 논산시 연산면 신양리,신양리,36.1946346,127.225275
충청남도 논산시 연산면 오산리,오산리,36.2394679,127.1497375
충청남도 논산시 연산면 송산리,송산리,36.2365929,127.159725
충청남도 논산시 연산면 사포리,사포리,36.2464679,127.1665125
충청남도 논산시 연산면 어은리,어은리,36.2593917,127.1785625
충청남도 논산시 연산면 백석리,백석리,36.2510083,127.1802125
충청남도 논산시 연산면 장전리,장전리,36.2321513,127.16775
충청남도 논산시 연산면 덕암리,덕암리,36.2357429,127.18785
충청남도 논산시 연산면 표정리,표정리,36.2251346,127.1895875
충청남도 논산시 연산면 고양리,고양리,36.2169179,127.197525
충청남도 논산시 연산면 관동리,관동리,36.2251929,127.2149375
충청남도 논산시 연산면 임리,임리,36.2167263,127.1733
충청남도 논산시 연산면 한전리,한전리,36.2089929,127.188825
충청남도 논산시 연산면 고정리,고정리,36.1962779,127.1898428
충청남도 논산시 연산면 청동리,청동리,36.2048513,127.201825
충청남도 논산시 연산면 신암리,신암리,36.2030513,127.2254875
충청남도 논산시 연산면 송정리,송정리,36.2278263,127.22795
충청남도 논산시 연산면 천호리,천호리,36.2394596,127.230225
충청남도 논산시 연산면 화악리,화악리,36.2505333,127.22145
충청남도 논산시 연산면 연산리,연산리,36.2156013,127.2181625
충청남도 논산시 부적면,부적면,36.2160973,127.1281076
충청남도 논산시 부적면 왕덕리,왕덕리,36.2202096,127.0989
충청남도 논산시 부적면 부인리,부인리,36.2232387,127.1106804
충청남도 논산시 부적면 아호리,아호리,36.2078013,127.1229875
충청남도 논산시 부적면 반송리,반송리,36.2081596,127.143125
충청남도 논산시 부적면 신교리,신교리,36.1890596,127.1459875
충청남도 논산시 부적면 탑정리,탑정리,36.18373,127.1420137
충청남도 논산시 부적면 신풍리,신풍리,36.18436,127.1759215
충청남도 논산시 부적면 충곡리,충곡리,36.1973263,127.164075
충청남도 논산시 부적면 감곡리,감곡리,36.2030763,127.169175
충청남도 논산시 부적면 외성리,외성리,36.2183763,127.1611
충청남도 논산시 부적면 부황리,부황리,36.2253179,127.146275
충청남도 논산시 부적면 덕평리,덕평리,36.2227263,127.1372375
충청남도 논산시 부적면 마구평리,마구평리,36.2142513,127.1275625
충청남도 논산시 상월면,상월면,36.2957574,127.1411413
충청남도 논산시 상월면 숙진리,숙진리,36.2479763,127.1449
충청남도 논산시 상월면 한천리,한천리,36.2628167,127.15285
충청남도 논산시 상월면 주곡리,주곡리,36.2795629,127.1536206
충청남도 논산시 상월면 학당리,학당리,36.2912417,127.1552625
충청남도 논산시 상월면 대촌리,대촌리,36.2878,127.1716125
충청남도 논산시 상월면 대우리,대우리,36.2800833,127.183575
충청남도 논산시 상월면 대명리,대명리,36.2927739,127.1874489
충청남도 논산시 상월면 상도리,상도리,36.325075,127.1865625
충청남도 논산시 상월면 석종리,석종리,36.3162667,127.176525
충청남도 논산시 상월면 지경리,지경리,36.3026083,127.1522
충청남도 논산시 상월면 월오리,월오리,36.310975,127.1291875
충청남도 논산시 상월면 산성리,산성리,36.2887583,127.139475
충청남도 논산시 상월면 신충리,신충리,36.295375,127.1395875
충청남도 논산시 노성면,노성면,36.27815,127.13025
충청남도 논산시 노성면 화곡리,화곡리,36.333225,127.106775
충청남도 논산시 노성면 구암리,구암리,36.3211583,127.11085
충청남도 논산시 노성면 노티리,노티리,36.3107,127.095775
충청남도 논산시 노성면 호암리,호암리,36.3049833,127.0874875
충청남도 논산시 노성면 효죽리,효죽리,36.2932333,127.0700875
충청남도 논산시 노성면 장구리,장구리,36.2812667,127.0859375
충청남도 논산시 노성면 가곡리,가곡리,36.301925,127.1095125
충청남도 논산시 노성면 병사리,병사리,36.2829833,127.10145
충청남도 논산시 노성면 죽림리,죽림리,36.29185,127.0878875
충청남도 논산시 노성면 하도리,하도리,36.2555333,127.1314
충청남도 논산시 노성면 교촌리,교촌리,36.2784583,127.1324125
충청남도 논산시 노성면 송당리,송당리,36.2753201,127.1159301
충청남도 논산시 노성면 두사리,두사리,36.2560083,127.1174375
충청남도 논산시 노성면 읍내리,읍내리,36.277175,127.1285625
충청남도 논산시 광석면,광석면,36.2428982,127.0797819
충청남도 논산시 광석면 오강리,오강리,36.2597917,127.0753875
충청남도 논산시 광석면 율리,율리,36.2660417,127.0836875
충청남도 논산시 광석면 사월리,사월리,36.2564,127.0876625
충청남도 논산시 광석면 항월리,항월리,36.2441763,127.1234125
충청남도 논산시 광석면 왕전리,왕전리,36.2380013,127.1119875
충청남도 논산시 광석면 천동리,천동리,36.2400429,127.0938875
충청남도 논산시 광석면 산동리,산동리,36.2229596,127.09405
충청남도 논산시 광석면 이사리,이사리,36.2358226,127.0804649
충청남도 논산시 광석면 광리,광리,36.2335263,127.0732125
충청남도 논산시 광석면 갈산리,갈산리,36.2283096,127.0626125
충청남도 논산시 광석면 득윤리,득윤리,36.2353096,127.04735
충청남도 논산시 광석면 중리,중리,36.2409429,127.0660625
충청남도 논산시 광석면 신당리,신당리,36.2494,127.0765
충청남도 논산시 성동면,성동면,36.2036313,127.0335534
충청남도 논산시 성동면 삼호리,삼호리,36.1837429,127.047
충청남도 논산시 성동면 화정리,화정리,36.2006679,127.0386375
충청남도 논산시 성동면 원봉리,원봉리,36.2039929,127.0571125
충청남도 논산시 성동면 정지리,정지리,36.2131596,127.0555125
충청남도 논산시 성동면 원북리,원북리,36.2267,127.0383
충청남도 논산시 성동면 원남리,원남리,36.2114846,127.02595
충청남도 논산시 성동면 우곤리,우곤리,36.2003374,126.9994293
충청남도 논산시 성동면 개척리,개척리,36.178509,127.0099236
충청남도 논산시 성동면 병촌리,병촌리,36.1950929,127.0138875
충청남도 논산시 성동면 월성리,월성리,36.1995195,127.0247368
충청남도 논산시 성동면 삼산리,삼산리,36.1975346,127.03185
충청남도 논산시 연무읍,연무읍,36.1251581,127.0990365
충청남도 논산시 연무읍 봉동리,봉동리,36.1067737,127.06895
충청남도 논산시 연무읍 신화리,신화리,36.1349631,127.0605485
충청남도 논산시 연무읍 안심리,안심리,36.1284368,127.0877951
충청남도 논산시 연무읍 황화정리,황화정리,36.0930586,127.1155228
충청남도 논산시 연무읍 고내리,고내리,36.0828417,127.104575
충청남도 논산시 연무읍 마전리,마전리,36.0902071,127.080025
충청남도 논산시 연무읍 양지리,양지리,36.1157478,127.1348974
충청남도 논산시 연무읍 소룡리,소룡리,36.1095404,127.12865
충청남도 논산시 연무읍 죽본리,죽본리,36.1438904,127.1212125
충청남도 논산시 연무읍 동산리,동산리,36.1348428,127.1118488
충청남도 논산시 연무읍 금곡리,금곡리,36.1135071,127.09455
충청남도 논산시 연무읍 죽평리,죽평리,36.1079302,127.1131692
충청남도 논산시 연무읍 마산리,마산리,36.1177065,127.1127247
충청남도 논산시 강경읍,강경읍,36.1581155,127.0179549
충청남도 논산시 강경읍 채운리,채운리,36.1398404,127.0215
충청남도 논산시 강경읍 산양리,산양리,36.1517737,127.0247125
충청남도 논산시 강경읍 채산리,채산리,36.1499571,127.0133375
충청남도 논산시 강경읍 황산리,황산리,36.1584821,127.0093375
충청남도 논산시 강경읍 대흥리,대흥리,36.1551321,127.015025
충청남도 논산시 강경읍 태평리,태평리,36.1591915,127.0161236
충청남도 논산시 강경읍 염천리,염천리,36.1597919,127.0144721
충청남도 논산시 강경읍 중앙리,중앙리,36.1612,127.0176
충청남도 논산시 강경읍 홍교리,홍교리,36.1627487,127.017875
충청남도 논산시 강경읍 서창리,서창리,36.1623807,127.0128875
충청남도 논산시 강경읍 북옥리,북옥리,36.1640404,127.0147125
충청남도 논산시 강경읍 동흥리,동흥리,36.1653196,127.020226
충청남도 논산시 강경읍 남교리,남교리,36.1596071,127.0221875
충청남도 서산시 덕지천동,덕지천동,36.7367,126.4982
충청남도 서산시 장동,장동,36.7347,126.4777
충청남도 서산시 오남동,오남동,36.7495,126.4805
충청남도 서산시 양대동,양대동,36.7303,126.4507
충청남도 서산시 죽성동,죽성동,36.7476,126.4437
충청남도 서산시 예천동,예천동,36.7674,126.4402375
충청남도 서산시 석림동,석림동,36.7709,126.4663
충청남도 서산시 잠홍동,잠홍동,36.78875,126.4827
충청남도 서산시 온석동,온석동,36.7993,126.4681
충청남도 서산시 갈산동,갈산동,36.7947,126.4331
충청남도 서산시 동문동,동문동,36.7858592,126.4598192
충청남도 서산시 읍내동,읍내동,36.7843083,126.44525
충청남도 서산시 석남동,석남동,36.7638409,126.4534722
충청남도 서산시 수석동,수석동,36.771367,126.467213
충청남도 서산시 동문2동,동문2동,36.7807478,126.4599667
충청남도 서산시 동문1동,동문1동,36.789833,126.45905
충청남도 서산시 부춘동,부춘동,36.786117,126.4481
충청남도 서산시 고북면,고북면,36.6671468,126.533973
충청남도 서산시 고북면 사기리,사기리,36.6494321,126.479725
충청남도 서산시 고북면 봉생리,봉생리,36.6405,126.5041
충청남도 서산시 고북면 정자리,정자리,36.6578,126.5141
충청남도 서산시 고북면 양천리,양천리,36.6493,126.5254
충청남도 서산시 고북면 기포리,기포리,36.67,126.5242
충청남도 서산시 고북면 남정리,남정리,36.6815596,126.5204625
충청남도 서산시 고북면 신정리,신정리,36.6822,126.4858
충청남도 서산시 고북면 신상리,신상리,36.6934013,126.5333
충청남도 서산시 고북면 용암리,용암리,36.6909179,126.5518375
충청남도 서산시 고북면 초록리,초록리,36.671,126.556
충청남도 서산시 고북면 장요리,장요리,36.6604737,126.56485
충청남도 서산시 고북면 신송리,신송리,36.6503,126.5462
충청남도 서산시 고북면 가구리,가구리,36.6703,126.5392
충청남도 서산시 해미면,해미면,36.7140486,126.5447959
충청남도 서산시 해미면 조산리,조산리,36.7080263,126.5388875
충청남도 서산시 해미면 저성리,저성리,36.7076013,126.5243
충청남도 서산시 해미면 기지리,기지리,36.715576,126.499988
충청남도 서산시 해미면 양림리,양림리,36.7180013,126.5113
충청남도 서산시 해미면 응평리,응평리,36.719,126.5196
충청남도 서산시 해미면 전천리,전천리,36.7202679,126.5275125
충청남도 서산시 해미면 억대리,억대리,36.7287346,126.5229
충청남도 서산시 해미면 귀밀리,귀밀리,36.7303,126.5064
충청남도 서산시 해미면 웅소성리,웅소성리,36.7346013,126.5128
충청남도 서산시 해미면 반양리,반양리,36.726,126.5335
충청남도 서산시 해미면 동암리,동암리,36.7334,126.5411
충청남도 서산시 해미면 홍천리,홍천리,36.7461,126.5367
충청남도 서산시 해미면 관유리,관유리,36.7544,126.5527
충청남도 서산시 해미면 삼송리,삼송리,36.7405,126.5639
충청남도 서산시 해미면 오학리,오학리,36.7233013,126.5575
충청남도 서산시 해미면 황락리,황락리,36.719,126.5785
충청남도 서산시 해미면 산수리,산수리,36.7058263,126.582075
충청남도 서산시 해미면 대곡리,대곡리,36.6829,126.5811
충청남도 서산시 해미면 휴암리,휴암리,36.7024,126.5522
충청남도 서산시 해미면 읍내리,읍내리,36.7129346,126.5458875
충청남도 서산시 운산면,운산면,36.8107403,126.5806158
충청남도 서산시 운산면 거성리,거성리,36.7603,126.5429
충청남도 서산시 운산면 원벌리,원벌리,36.7732,126.5555
충청남도 서산시 운산면 상성리,상성리,36.7757,126.5404
충청남도 서산시 운산면 소중리,소중리,36.7853,126.553
충청남도 서산시 운산면 가좌리,가좌리,36.7981,126.559
충청남도 서산시 운산면 여미리,여미리,36.8221,126.5714
충청남도 서산시 운산면 갈산리,갈산리,36.8038,126.5725
충청남도 서산시 운산면 용장리,용장리,36.8013,126.5903
충청남도 서산시 운산면 안호리,안호리,36.828075,126.5855125
충청남도 서산시 운산면 수당리,수당리,36.8162,126.5953
충청남도 서산시 운산면 수평리,수평리,36.8007833,126.6124375
충청남도 서산시 운산면 고산리,고산리,36.7914,126.6293
충청남도 서산시 운산면 팔중리,팔중리,36.7875,126.6409
충청남도 서산시 운산면 와우리,와우리,36.7667833,126.6440625
충청남도 서산시 운산면 원평리,원평리,36.7544,126.6233
충청남도 서산시 운산면 고풍리,고풍리,36.7826,126.605825
충청남도 서산시 운산면 태봉리,태봉리,36.7817667,126.5790625
충청남도 서산시 운산면 용현리,용현리,36.7495125,126.6025463
충청남도 서산시 운산면 신창리,신창리,36.7462096,126.584525
충청남도 서산시 음암면,음암면,36.800067,126.517988
충청남도 서산시 음암면 부장리,부장리,36.7796,126.5139
충청남도 서산시 음암면 성암리,성암리,36.775125,126.5277875
충청남도 서산시 음암면 유계리,유계리,36.754,126.5199
충청남도 서산시 음암면 신장리,신장리,36.7585,126.5072
충청남도 서산시 음암면 상홍리,상홍리,36.7934,126.4979
충청남도 서산시 음암면 부산리,부산리,36.7907583,126.489725
충청남도 서산시 음암면 율목리,율목리,36.8144,126.5025
충청남도 서산시 음암면 문양리,문양리,36.8337,126.5135
충청남도 서산시 음암면 탑곡리,탑곡리,36.8045,126.542
충청남도 서산시 음암면 도당리,도당리,36.8063,126.5194
충청남도 서산시 성연면,성연면,36.8390916,126.4609841
충청남도 서산시 성연면 해성리,해성리,36.8681436,126.4794175
충청남도 서산시 성연면 예덕리,예덕리,36.8564821,126.5012375
충청남도 서산시 성연면 명천리,명천리,36.8381,126.4905
충청남도 서산시 성연면 갈현리,갈현리,36.8272,126.4741
충청남도 서산시 성연면 평리,평리,36.8409,126.4623
충청남도 서산시 성연면 왕정리,왕정리,36.82235,126.45755
충청남도 서산시 성연면 오사리,오사리,36.8373,126.4256
충청남도 서산시 성연면 고남리,고남리,36.8187,126.4223
충청남도 서산시 성연면 일람리,일람리,36.8132,126.4395
충청남도 서산시 지곡면,지곡면,36.863507,126.436875
충청남도 서산시 지곡면 무장리,무장리,36.8604071,126.4588375
충청남도 서산시 지곡면 환성리,환성리,36.9209,126.4067
충청남도 서산시 지곡면 대요리,대요리,36.8889821,126.4485
충청남도 서산시 지곡면 도성리,도성리,36.8856794,126.4086405
충청남도 서산시 지곡면 중왕리,중왕리,36.873,126.3831
충청남도 서산시 지곡면 연화리,연화리,36.8517654,126.3962625
충청남도 서산시 지곡면 장현리,장현리,36.8542,126.414
충청남도 서산시 지곡면 산성리,산성리,36.8697654,126.4137375
충청남도 서산시 지곡면 화천리,화천리,36.8625431,126.4360489
충청남도 서산시 팔봉면,팔봉면,36.8120788,126.3502106
충청남도 서산시 팔봉면 진장리,진장리,36.7736833,126.366825
충청남도 서산시 팔봉면 어송리,어송리,36.8014,126.3625
충청남도 서산시 팔봉면 덕송리,덕송리,36.8286,126.3487
충청남도 서산시 팔봉면 호리,호리,36.8432071,126.3321875
충청남도 서산시 팔봉면 고파도리,고파도리,36.9065774,126.3378117
충청남도 서산시 팔봉면 흑석리,흑석리,36.8518,126.3756
충청남도 서산시 팔봉면 대황리,대황리,36.8386987,126.3886
충청남도 서산시 팔봉면 양길리,양길리,36.8233,126.3756
충청남도 서산시 팔봉면 금학리,금학리,36.8158,126.3921
충청남도 서산시 부석면,부석면,36.714885,126.393537
충청남도 서산시 부석면 간월도리,간월도리,36.6193,126.4227
충청남도 서산시 부석면 창리,창리,36.6339571,126.370725
충청남도 서산시 부석면 마룡리,마룡리,36.6494,126.3746
충청남도 서산시 부석면 강당리,강당리,36.6527,126.4249
충청남도 서산시 부석면 칠전리,칠전리,36.6744,126.3877
충청남도 서산시 부석면 지산리,지산리,36.683501,126.425025
충청남도 서산시 부석면 봉락리,봉락리,36.6841,126.3701
충청남도 서산시 부석면 대두리,대두리,36.7032,126.3891
충청남도 서산시 부석면 취평리,취평리,36.713,126.3972
충청남도 서산시 부석면 갈마리,갈마리,36.7034,126.3597
충청남도 서산시 부석면 월계리,월계리,36.7361,126.3985
충청남도 서산시 부석면 송시리,송시리,36.7269,126.3728
충청남도 서산시 부석면 강수리,강수리,36.7486,126.3829
충청남도 서산시 부석면 가사리,가사리,36.7412,126.3497
충청남도 서산시 인지면,인지면,36.753125,126.425313
충청남도 서산시 인지면 풍전리,풍전리,36.7766,126.4237
충청남도 서산시 인지면 성리,성리,36.7865,126.4075
충청남도 서산시 인지면 차리,차리,36.7788,126.3907
충청남도 서산시 인지면 화수리,화수리,36.768675,126.410675
충청남도 서산시 인지면 남정리,남정리,36.7497013,126.4066
충청남도 서산시 인지면 애정리,애정리,36.7337,126.4174
충청남도 서산시 인지면 산동리,산동리,36.7080013,126.4302375
충청남도 서산시 인지면 모월리,모월리,36.7206,126.408
충청남도 서산시 인지면 야당리,야당리,36.7421013,126.4304
충청남도 서산시 인지면 둔당리,둔당리,36.754325,126.4224625
충청남도 서산시 대산읍,대산읍,36.939635,126.434325
충청남도 서산시 대산읍 독곶리,독곶리,36.9956,126.3504
충청남도 서산시 대산읍 영탑리,영탑리,36.921,126.4575
충청남도 서산시 대산읍 운산리,운산리,36.9574,126.4635
충청남도 서산시 대산읍 화곡리,화곡리,36.9904,126.4347
충청남도 서산시 대산읍 대죽리,대죽리,36.9927263,126.3978625
충청남도 서산시 대산읍 기은리,기은리,36.9677,126.396
충청남도 서산시 대산읍 오지리,오지리,36.9541,126.3678
충청남도 서산시 대산읍 웅도리,웅도리,36.922504,126.3798685
충청남도 서산시 대산읍 대로리,대로리,36.9556,126.411
충청남도 서산시 대산읍 대산리,대산리,36.9471,126.4293
충청남도 아산시 남동,남동,36.7702543,127.036028
충청남도 아산시 신동,신동,36.7839,127.0365
충청남도 아산시 점양동,점양동,36.7677,126.9695
충청남도 아산시 득산동,득산동,36.7805,126.97
충청남도 아산시 배미동,배미동,36.7944,126.97
충청남도 아산시 권곡동,권곡동,36.7914,127.0144
충청남도 아산시 모종동,모종동,36.7836,127.021
충청남도 아산시 용화동,용화동,36.7703,127.0018
충청남도 아산시 풍기동,풍기동,36.7722,127.0233
충청남도 아산시 읍내동,읍내동,36.762308,127.0192
충청남도 아산시 좌부동,좌부동,36.754858,127.027325
충청남도 아산시 장존동,장존동,36.7501,127.0089
충청남도 아산시 법곡동,법곡동,36.7601,127.0054
충청남도 아산시 신인동,신인동,36.7559,126.986
충청남도 아산시 초사동,초사동,36.745085,126.9814
충청남도 아산시 기산동,기산동,36.7512,126.9629
충청남도 아산시 방축동,방축동,36.775,126.9834
충청남도 아산시 실옥동,실옥동,36.7935083,126.985525
충청남도 아산시 온천동,온천동,36.7878,127.001
충청남도 아산시 온양6동,온양6동,36.7547883,127.0192533
충청남도 아산시 온양5동,온양5동,36.775158,126.995975
충청남도 아산시 온양4동,온양4동,36.7982329,126.9785092
충청남도 아산시 온양3동,온양3동,36.7834979,127.012943
충청남도 아산시 온양2동,온양2동,36.7783561,127.0033666
충청남도 아산시 온양1동,온양1동,36.7870957,126.9994668
충청남도 아산시 신창면,신창면,36.8037083,126.9361
충청남도 아산시 신창면 가내리,가내리,36.8046,126.8925
충청남도 아산시 신창면 신곡리,신곡리,36.8176,126.8982
충청남도 아산시 신창면 가덕리,가덕리,36.8124,126.9159
충청남도 아산시 신창면 궁화리,궁화리,36.7954,126.9124
충청남도 아산시 신창면 남성리,남성리,36.7931,126.9522
충청남도 아산시 신창면 신달리,신달리,36.8067,126.9399
충청남도 아산시 신창면 수장리,수장리,36.8074,126.9661
충청남도 아산시 신창면 행목리,행목리,36.7743,126.9575
충청남도 아산시 신창면 황산리,황산리,36.749,126.9519
충청남도 아산시 신창면 창암리,창암리,36.7572,126.9428
충청남도 아산시 신창면 읍내리,읍내리,36.777,126.9361
충청남도 아산시 신창면 오목리,오목리,36.7996333,126.9294125
충청남도 아산시 도고면,도고면,36.757458,126.8774077
충청남도 아산시 도고면 기곡리,기곡리,36.7611,126.8859
충청남도 아산시 도고면 신통리,신통리,36.7665,126.9017
충청남도 아산시 도고면 와산리,와산리,36.7643605,126.9201981
충청남도 아산시 도고면 향산리,향산리,36.7561,126.912
충청남도 아산시 도고면 석당리,석당리,36.7477,126.9205
충청남도 아산시 도고면 덕암리,덕암리,36.737093,126.936975
충청남도 아산시 도고면 오암리,오암리,36.7188,126.9333
충청남도 아산시 도고면 농은리,농은리,36.7074013,126.9222
충청남도 아산시 도고면 화천리,화천리,36.7172,126.9126
충청남도 아산시 도고면 도산리,도산리,36.7274,126.9091
충청남도 아산시 도고면 신유리,신유리,36.7386,126.9108
충청남도 아산시 도고면 시전리,시전리,36.741,126.895
충청남도 아산시 도고면 금산리,금산리,36.7461,126.8746
충청남도 아산시 도고면 효자리,효자리,36.7365596,126.8734875
충청남도 아산시 도고면 봉농리,봉농리,36.7514055,126.8555781
충청남도 아산시 도고면 신언리,신언리,36.7616,126.8702
충청남도 아산시 선장면,선장면,36.791292,126.861288
충청남도 아산시 선장면 채신언리,채신언리,36.8241,126.8731
충청남도 아산시 선장면 궁평리,궁평리,36.8067,126.8578
충청남도 아산시 선장면 신문리,신문리,36.8279,126.8494
충청남도 아산시 선장면 가산리,가산리,36.818,126.8583
충청남도 아산시 선장면 홍곳리,홍곳리,36.8195,126.8816
충청남도 아산시 선장면 대흥리,대흥리,36.8049,126.8744
충청남도 아산시 선장면 선창리,선창리,36.7867,126.8823
충청남도 아산시 선장면 신동리,신동리,36.7947,126.8885
충청남도 아산시 선장면 죽산리,죽산리,36.781575,126.911775
충청남도 아산시 선장면 신성리,신성리,36.7722508,126.8830975
충청남도 아산시 선장면 장곳리,장곳리,36.7589,126.8444
충청남도 아산시 선장면 대정리,대정리,36.7639,126.8559
충청남도 아산시 선장면 신덕리,신덕리,36.7689,126.8388
충청남도 아산시 선장면 돈포리,돈포리,36.7798,126.8436
충청남도 아산시 선장면 군덕리,군덕리,36.784108,126.862338
충청남도 아산시 인주면,인주면,36.8690444,126.8846138
충청남도 아산시 인주면 냉정리,냉정리,36.8561,126.911
충청남도 아산시 인주면 관암리,관암리,36.8585,126.8888
충청남도 아산시 인주면 도흥리,도흥리,36.8345,126.9047
충청남도 아산시 인주면 해암리,해암리,36.837,126.8882
충청남도 아산시 인주면 금성리,금성리,36.8398,126.8711
충청남도 아산시 인주면 대음리,대음리,36.8463,126.8511
충청남도 아산시 인주면 문방리,문방리,36.8646987,126.8599
충청남도 아산시 인주면 밀두리,밀두리,36.8683,126.887
충청남도 아산시 인주면 걸매리,걸매리,36.8793,126.8812
충청남도 아산시 인주면 신성리,신성리,36.8753,126.8999
충청남도 아산시 인주면 모원리,모원리,36.88834,126.927963
충청남도 아산시 인주면 공세리,공세리,36.8880987,126.9136
충청남도 아산시 영인면,영인면,36.8565973,126.9547671
충청남도 아산시 영인면 역리,역리,36.8722987,126.966
충청남도 아산시 영인면 신화리,신화리,36.887,126.9681
충청남도 아산시 영인면 성내리,성내리,36.8745,126.9931
충청남도 아산시 영인면 신봉리,신봉리,36.8946,126.9898
충청남도 아산시 영인면 창용리,창용리,36.9166,126.9738
충청남도 아산시 영인면 구성리,구성리,36.9063,126.9495
충청남도 아산시 영인면 와우리,와우리,36.8872,126.9569
충청남도 아산시 영인면 백석포리,백석포리,36.897899,126.933013
충청남도 아산시 영인면 신운리,신운리,36.8713,126.9503
충청남도 아산시 영인면 월선리,월선리,36.8761,126.9264
충청남도 아산시 영인면 신현리,신현리,36.859,126.9293
충청남도 아산시 영인면 상성리,상성리,36.856,126.9409
충청남도 아산시 영인면 아산리,아산리,36.8522,126.9584
충청남도 아산시 둔포면,둔포면,36.929729,127.037629
충청남도 아산시 둔포면 염작리,염작리,36.9158321,127.0744875
충청남도 아산시 둔포면 신왕리,신왕리,36.9153,127.088
충청남도 아산시 둔포면 운용리,운용리,36.9341,127.0666
충청남도 아산시 둔포면 석곡리,석곡리,36.9158119,127.0597183
충청남도 아산시 둔포면 운교리,운교리,36.9137,127.0482
충청남도 아산시 둔포면 봉재리,봉재리,36.8824,127.0345
충청남도 아산시 둔포면 신양리,신양리,36.8883,127.0536
충청남도 아산시 둔포면 산전리,산전리,36.899,127.0451
충청남도 아산시 둔포면 관대리,관대리,36.9046314,127.0324365
충청남도 아산시 둔포면 신항리,신항리,36.8957987,127.0221
충청남도 아산시 둔포면 신남리,신남리,36.916015,127.00125
충청남도 아산시 둔포면 신법리,신법리,36.9241013,127.0127
충청남도 아산시 둔포면 시포리,시포리,36.9265,127.0227
충청남도 아산시 둔포면 송용리,송용리,36.9174013,127.0311
충청남도 아산시 둔포면 둔포리,둔포리,36.9275,127.0435
충청남도 아산시 음봉면,음봉면,36.849749,127.012275
충청남도 아산시 음봉면 송촌리,송촌리,36.8462,127.0404
충청남도 아산시 음봉면 동암리,동암리,36.846574,127.0569
충청남도 아산시 음봉면 덕지리,덕지리,36.8361,127.0768
충청남도 아산시 음봉면 산동리,산동리,36.8438,127.093
충청남도 아산시 음봉면 월랑리,월랑리,36.8528,127.0737
충청남도 아산시 음봉면 쌍룡리,쌍룡리,36.8751987,127.0687
충청남도 아산시 음봉면 쌍암리,쌍암리,36.8757,127.0814
충청남도 아산시 음봉면 의식리,의식리,36.8926987,127.0832
충청남도 아산시 음봉면 신휴리,신휴리,36.8916987,127.0674
충청남도 아산시 음봉면 소동리,소동리,36.868,127.0495
충청남도 아산시 음봉면 원남리,원남리,36.8645,127.0287
충청남도 아산시 음봉면 산정리,산정리,36.8565,126.9997
충청남도 아산시 음봉면 신정리,신정리,36.8733987,127.0192
충청남도 아산시 음봉면 신수리,신수리,36.8485,126.9834
충청남도 아산시 음봉면 동천리,동천리,36.8381,127.0187
충청남도 아산시 음봉면 삼거리,삼거리,36.8525,127.0191
충청남도 아산시 탕정면,탕정면,36.7985417,127.0608889
충청남도 아산시 탕정면 갈산리,갈산리,36.7955,127.0637
충청남도 아산시 탕정면 매곡리,매곡리,36.7959,127.0811
충청남도 아산시 탕정면 호산리,호산리,36.8103,127.0795
충청남도 아산시 탕정면 동산리,동산리,36.8214,127.0864
충청남도 아산시 탕정면 명암리,명암리,36.8142,127.0624
충청남도 아산시 탕정면 용두리,용두리,36.8026257,127.0441451
충청남도 아산시 송악면,송악면,36.7316302,127.0090541
충청남도 아산시 송악면 동화리,동화리,36.7228,126.9775
충청남도 아산시 송악면 수곡리,수곡리,36.7296,126.9535
충청남도 아산시 송악면 강장리,강장리,36.7101,126.953
충청남도 아산시 송악면 거산리,거산리,36.6640987,126.9883
충청남도 아산시 송악면 종곡리,종곡리,36.6704,127.0077
충청남도 아산시 송악면 송학리,송학리,36.6838,126.9881
충청남도 아산시 송악면 유곡리,유곡리,36.6965,126.9756
충청남도 아산시 송악면 궁평리,궁평리,36.7144256,126.9963333
충청남도 아산시 송악면 마곡리,마곡리,36.6917013,127.0102
충청남도 아산시 송악면 강당리,강당리,36.7073,127.0273
충청남도 아산시 송악면 외암리,외암리,36.7333,127.0227
충청남도 아산시 송악면 평촌리,평촌리,36.7341,126.9982
충청남도 아산시 송악면 역촌리,역촌리,36.7221,127.0044
충청남도 아산시 배방읍,배방읍,36.7738439,127.0538488
충청남도 아산시 배방읍 구령리,구령리,36.7797583,127.0511
충청남도 아산시 배방읍 장재리,장재리,36.7911,127.0998
충청남도 아산시 배방읍 휴대리,휴대리,36.7741,127.1136
충청남도 아산시 배방읍 세교리,세교리,36.7717,127.0971
충청남도 아산시 배방읍 갈매리,갈매리,36.7604,127.0855
충청남도 아산시 배방읍 세출리,세출리,36.7366,127.0737
충청남도 아산시 배방읍 회룡리,회룡리,36.7476,127.0653
충청남도 아산시 배방읍 북수리,북수리,36.767,127.0706
충청남도 아산시 배방읍 공수리,공수리,36.7664,127.0543
충청남도 아산시 배방읍 신흥리,신흥리,36.7509,127.0469
충청남도 아산시 배방읍 수철리,수철리,36.7215,127.0576
충청남도 아산시 배방읍 중리,중리,36.7453,127.0402
충청남도 아산시 염치읍,염치읍,36.816792,126.97645
충청남도 아산시 염치읍 대동리,대동리,36.8198,127.0351
충청남도 아산시 염치읍 백암리,백암리,36.8036,127.0325
충청남도 아산시 염치읍 송곡리,송곡리,36.8075,127.0172
충청남도 아산시 염치읍 방현리,방현리,36.8184,127.0132
충청남도 아산시 염치읍 석정리,석정리,36.8063,127.001
충청남도 아산시 염치읍 석두리,석두리,36.8161,126.9921
충청남도 아산시 염치읍 곡교리,곡교리,36.8079,126.9813625
충청남도 아산시 염치읍 동정리,동정리,36.831,126.9969
충청남도 아산시 염치읍 쌍죽리,쌍죽리,36.8268,126.9832
충청남도 아산시 염치읍 염성리,염성리,36.8224,126.9703
충청남도 아산시 염치읍 중방리,중방리,36.8203,126.9585
충청남도 아산시 염치읍 서원리,서원리,36.8362,126.9643
충청남도 아산시 염치읍 강청리,강청리,36.8309,126.9376
충청남도 아산시 염치읍 산양리,산양리,36.8329,126.9204
충청남도 보령시 신흑동,신흑동,36.3135,126.5218
충청남도 보령시 요암동,요암동,36.3265,126.5532
충청남도 보령시 남곡동,남곡동,36.3362237,126.5587125
충청남도 보령시 내항동,내항동,36.339024,126.5814
충청남도 보령시 궁촌동,궁촌동,36.3386987,126.5963
충청남도 보령시 명천동,명천동,36.3335,126.6153
충청남도 보령시 동대동,동대동,36.3521321,126.61715
충청남도 보령시 화산동,화산동,36.3640571,126.6265625
충청남도 보령시 죽정동,죽정동,36.3690821,126.61095
충청남도 보령시 대천동,대천동,36.3539654,126.5796625
충청남도 보령시 대천5동,대천5동,36.3170689,126.5152054
충청남도 보령시 대천4동,대천4동,36.3378611,126.6079205
충청남도 보령시 대천3동,대천3동,36.3561175,126.6113078
충청남도 보령시 대천2동,대천2동,36.3534082,126.5898359
충청남도 보령시 대천1동,대천1동,36.3511851,126.6008283
충청남도 보령시 주교면,주교면,36.390849,126.569288
충청남도 보령시 주교면 신대리,신대리,36.3788,126.6005
충청남도 보령시 주교면 관창리,관창리,36.3782821,126.58015
충청남도 보령시 주교면 고정리,고정리,36.3933987,126.5002
충청남도 보령시 주교면 송학리,송학리,36.3813237,126.526475
충청남도 보령시 주교면 은포리,은포리,36.3773,126.5426
충청남도 보령시 주교면 주교리,주교리,36.3771,126.5614
충청남도 보령시 성주면,성주면,36.336087,126.6514115
충청남도 보령시 성주면 개화리,개화리,36.3025864,126.6505429
충청남도 보령시 성주면 성주리,성주리,36.349187,126.6680222
충청남도 보령시 미산면,미산면,36.21061,126.6764
충청남도 보령시 미산면 남심리,남심리,36.1849693,126.6705279
충청남도 보령시 미산면 풍산리,풍산리,36.1971,126.6873
충청남도 보령시 미산면 대농리,대농리,36.1956,126.6695
충청남도 보령시 미산면 삼계리,삼계리,36.2062,126.6679
충청남도 보령시 미산면 내평리,내평리,36.2144,126.6811
충청남도 보령시 미산면 은현리,은현리,36.2285,126.6947
충청남도 보령시 미산면 옥현리,옥현리,36.2172,126.7042
충청남도 보령시 미산면 봉성리,봉성리,36.2381,126.6986
충청남도 보령시 미산면 도흥리,도흥리,36.2517,126.7154
충청남도 보령시 미산면 늑전리,늑전리,36.2227,126.6667
충청남도 보령시 미산면 용수리,용수리,36.2557,126.6688
충청남도 보령시 미산면 풍계리,풍계리,36.2784561,126.6755925
충청남도 보령시 미산면 도화담리,도화담리,36.2993955,126.6764023
충청남도 보령시 미산면 평라리,평라리,36.2416,126.6793
충청남도 보령시 주산면,주산면,36.1983387,126.6317295
충청남도 보령시 주산면 황율리,황율리,36.21,126.6316
충청남도 보령시 주산면 삼곡리,삼곡리,36.2127929,126.6421625
충청남도 보령시 주산면 동오리,동오리,36.2391,126.6459
충청남도 보령시 주산면 화평리,화평리,36.2361263,126.6349875
충청남도 보령시 주산면 창암리,창암리,36.2103642,126.620851
충청남도 보령시 주산면 증산리,증산리,36.195838,126.5890468
충청남도 보령시 주산면 유곡리,유곡리,36.1875979,126.6052756
충청남도 보령시 주산면 신구리,신구리,36.1793332,126.6208348
충청남도 보령시 주산면 주야리,주야리,36.2060882,126.6124172
충청남도 보령시 주산면 야룡리,야룡리,36.1969261,126.6247751
충청남도 보령시 주산면 금암리,금암리,36.1925,126.6473
충청남도 보령시 남포면,남포면,36.304658,126.605
충청남도 보령시 남포면 월전리,월전리,36.2649411,126.5526703
충청남도 보령시 남포면 양기리,양기리,36.2654609,126.5697829
충청남도 보령시 남포면 양항리,양항리,36.2865166,126.5567574
충청남도 보령시 남포면 신흥리,신흥리,36.2803883,126.5801566
충청남도 보령시 남포면 달산리,달산리,36.290571,126.579798
충청남도 보령시 남포면 옥서리,옥서리,36.2898,126.6067
충청남도 보령시 남포면 소송리,소송리,36.3046294,126.5814062
충청남도 보령시 남포면 삼현리,삼현리,36.3063103,126.5456353
충청남도 보령시 남포면 제석리,제석리,36.3144261,126.5714086
충청남도 보령시 남포면 봉덕리,봉덕리,36.3200205,126.594662
충청남도 보령시 남포면 창동리,창동리,36.317008,126.6182994
충청남도 보령시 남포면 옥동리,옥동리,36.3038124,126.6138224
충청남도 보령시 남포면 읍내리,읍내리,36.3003954,126.6126441
충청남도 보령시 청라면,청라면,36.3904725,126.6736013
충청남도 보령시 청라면 음현리,음현리,36.4111,126.681
충청남도 보령시 청라면 신산리,신산리,36.4271,126.6836
충청남도 보령시 청라면 장현리,장현리,36.4385,126.6728
충청남도 보령시 청라면 황룡리,황룡리,36.4293,126.6512
충청남도 보령시 청라면 옥계리,옥계리,36.4165,126.6252
충청남도 보령시 청라면 장산리,장산리,36.3971071,126.6416375
충청남도 보령시 청라면 향천리,향천리,36.3702904,126.6497875
충청남도 보령시 청라면 의평리,의평리,36.3808237,126.6581125
충청남도 보령시 청라면 내현리,내현리,36.4007321,126.6709625
충청남도 보령시 청라면 소양리,소양리,36.4,126.6954
충청남도 보령시 청라면 나원리,나원리,36.3817,126.6945
충청남도 보령시 청소면,청소면,36.44546,126.589538
충청남도 보령시 청소면 장곡리,장곡리,36.4384179,126.572725
충청남도 보령시 청소면 야현리,야현리,36.4334,126.5924
충청남도 보령시 청소면 정전리,정전리,36.4366263,126.6099625
충청남도 보령시 청소면 성연리,성연리,36.4474,126.6193
충청남도 보령시 청소면 죽림리,죽림리,36.4712,126.6144
충청남도 보령시 청소면 재정리,재정리,36.4582992,126.6091227
충청남도 보령시 청소면 신송리,신송리,36.4642,126.5829
충청남도 보령시 청소면 진죽리,진죽리,36.4519,126.5825
충청남도 보령시 천북면,천북면,36.4787183,126.5273123
충청남도 보령시 천북면 신죽리,신죽리,36.4875263,126.5871
충청남도 보령시 천북면 신덕리,신덕리,36.4981013,126.582525
충청남도 보령시 천북면 낙동리,낙동리,36.4876,126.5623
충청남도 보령시 천북면 궁포리,궁포리,36.5015333,126.537475
충청남도 보령시 천북면 장은리,장은리,36.5051,126.5026
충청남도 보령시 천북면 사호리,사호리,36.4871513,126.49855
충청남도 보령시 천북면 학성리,학성리,36.4535396,126.5027002
충청남도 보령시 천북면 하만리,하만리,36.4653846,126.522875
충청남도 보령시 오천면,오천면,36.4369878,126.5233613
충청남도 보령시 오천면 외연도리,외연도리,36.2277815,126.0852995
충청남도 보령시 오천면 녹도리,녹도리,36.2728503,126.2648529
충청남도 보령시 오천면 삽시도리,삽시도리,36.3424415,126.3557852
충청남도 보령시 오천면 원산도리,원산도리,36.3704,126.4097
충청남도 보령시 오천면 효자도리,효자도리,36.3839,126.4436
충청남도 보령시 오천면 오포리,오포리,36.4061,126.5323
충청남도 보령시 오천면 갈현리,갈현리,36.422601,126.560225
충청남도 보령시 오천면 교성리,교성리,36.4298,126.5437
충청남도 보령시 오천면 영보리,영보리,36.4215679,126.5147875
충청남도 보령시 오천면 소성리,소성리,36.4394013,126.5395375
충청남도 보령시 주포면,주포면,36.4151121,126.5879781
충청남도 보령시 주포면 연지리,연지리,36.4061,126.5597
충청남도 보령시 주포면 관산리,관산리,36.3991,126.581
충청남도 보령시 주포면 봉당리,봉당리,36.4121,126.5755
충청남도 보령시 주포면 마강리,마강리,36.4234,126.5855
충청남도 보령시 주포면 보령리,보령리,36.4109237,126.5891
충청남도 보령시 웅천읍,웅천읍,36.2317947,126.601254
충청남도 보령시 웅천읍 노천리,노천리,36.2235762,126.5817196
충청남도 보령시 웅천읍 죽청리,죽청리,36.2328366,126.5583794
충청남도 보령시 웅천읍 황교리,황교리,36.2097413,126.5601487
충청남도 보령시 웅천읍 소황리,소황리,36.2116025,126.5453397
충청남도 보령시 웅천읍 독산리,독산리,36.2286638,126.5394119
충청남도 보령시 웅천읍 관당리,관당리,36.2468805,126.548411
충청남도 보령시 웅천읍 구룡리,구룡리,36.2231814,126.5744895
충청남도 보령시 웅천읍 두룡리,두룡리,36.2587097,126.5877784
충청남도 보령시 웅천읍 대천리,대천리,36.2425998,126.5949492
충청남도 보령시 웅천읍 성동리,성동리,36.2477269,126.6133632
충청남도 보령시 웅천읍 수부리,수부리,36.2730986,126.6179544
충청남도 보령시 웅천읍 평리,평리,36.2637917,126.6292375
충청남도 보령시 웅천읍 대창리,대창리,36.2270917,126.603372
충청남도 공주시 동현동,동현동,36.4786231,127.1815993
충청남도 공주시 송선동,송선동,36.4878467,127.1672404
충청남도 공주시 석장리동,석장리동,36.4549393,127.1913049
충청남도 공주시 검상동,검상동,36.4352,127.071
충청남도 공주시 월미동,월미동,36.4906,127.1135
충청남도 공주시 쌍신동,쌍신동,36.4836513,127.121575
충청남도 공주시 금흥동,금흥동,36.4834,127.1464
충청남도 공주시 무릉동,무릉동,36.4608,127.1728
충청남도 공주시 상왕동,상왕동,36.4317,127.1781
충청남도 공주시 소학동,소학동,36.4462429,127.1514625
충청남도 공주시 신기동,신기동,36.4296596,127.1477
충청남도 공주시 오곡동,오곡동,36.4035,127.1151
충청남도 공주시 태봉동,태봉동,36.4111,127.0906
충청남도 공주시 주미동,주미동,36.4256263,127.1065125
충청남도 공주시 봉정동,봉정동,36.4359,127.0966
충청남도 공주시 금성동,금성동,36.4656846,127.122225
충청남도 공주시 교동,교동,36.4600096,127.1178125
충청남도 공주시 산성동,산성동,36.4586,127.1257
충청남도 공주시 중동,중동,36.4539679,127.1257
충청남도 공주시 봉황동,봉황동,36.4478,127.1191
충청남도 공주시 반죽동,반죽동,36.4539,127.1194
충청남도 공주시 월송동,월송동,36.4714417,127.155075
충청남도 공주시 신관동,신관동,36.472264,127.1325743
충청남도 공주시 옥룡동,옥룡동,36.4573805,127.137204
충청남도 공주시 금학동,금학동,36.4388466,127.1194085
충청남도 공주시 웅진동,웅진동,36.4649177,127.1221805
충청남도 공주시 중학동,중학동,36.4525143,127.1219085
충청남도 공주시 신풍면,신풍면,36.514675,126.9555
충청남도 공주시 신풍면 화흥리,화흥리,36.5433,126.9926
충청남도 공주시 신풍면 평소리,평소리,36.5224,126.9916
충청남도 공주시 신풍면 영정리,영정리,36.5031,126.9912
충청남도 공주시 신풍면 선학리,선학리,36.4881,126.9845
충청남도 공주시 신풍면 백룡리,백룡리,36.5003,126.9675
충청남도 공주시 신풍면 입동리,입동리,36.4898,126.9587
충청남도 공주시 신풍면 대룡리,대룡리,36.4931,126.942
충청남도 공주시 신풍면 청흥리,청흥리,36.4764,126.9435
충청남도 공주시 신풍면 쌍대리,쌍대리,36.4723,126.9186
충청남도 공주시 신풍면 용수리,용수리,36.4947263,126.92475
충청남도 공주시 신풍면 봉갑리,봉갑리,36.5076,126.9058
충청남도 공주시 신풍면 조평리,조평리,36.5284,126.9117
충청남도 공주시 신풍면 동원리,동원리,36.5252,126.9685
충청남도 공주시 신풍면 산정리,산정리,36.5231,126.9459
충청남도 공주시 사곡면,사곡면,36.5021452,127.0253228
충청남도 공주시 사곡면 부곡리,부곡리,36.5905,127.0197
충청남도 공주시 사곡면 유룡리,유룡리,36.5937,127.0486
충청남도 공주시 사곡면 월가리,월가리,36.5749,127.0491
충청남도 공주시 사곡면 회학리,회학리,36.5595,127.0475
충청남도 공주시 사곡면 운암리,운암리,36.5667,127.0129
충청남도 공주시 사곡면 가교리,가교리,36.5397,127.0189
충청남도 공주시 사곡면 대중리,대중리,36.5423,127.0455
충청남도 공주시 사곡면 고당리,고당리,36.5241,127.026
충청남도 공주시 사곡면 해월리,해월리,36.5146,127.0113
충청남도 공주시 사곡면 계실리,계실리,36.5214,127.0497
충청남도 공주시 사곡면 화월리,화월리,36.5021,127.0475
충청남도 공주시 사곡면 신영리,신영리,36.4798596,127.0224125
충청남도 공주시 사곡면 호계리,호계리,36.5036,127.0262
충청남도 공주시 우성면,우성면,36.4709543,127.0497697
충청남도 공주시 우성면 옥성리,옥성리,36.4567,127.0809
충청남도 공주시 우성면 오동리,오동리,36.4356,127.0494
충청남도 공주시 우성면 죽당리,죽당리,36.4184096,127.0416125
충청남도 공주시 우성면 어천리,어천리,36.4109,127.0302
충청남도 공주시 우성면 봉현리,봉현리,36.4725013,126.9778
충청남도 공주시 우성면 용봉리,용봉리,36.44,127.0179
충청남도 공주시 우성면 안양리,안양리,36.4639,127.0072
충청남도 공주시 우성면 대성리,대성리,36.4611,127.0672
충청남도 공주시 우성면 보흥리,보흥리,36.4453,127.0504
충청남도 공주시 우성면 방흥리,방흥리,36.4614,127.0373
충청남도 공주시 우성면 목천리,목천리,36.508,127.1184
충청남도 공주시 우성면 귀산리,귀산리,36.4962846,127.1177375
충청남도 공주시 우성면 반촌리,반촌리,36.511,127.1037
충청남도 공주시 우성면 동곡리,동곡리,36.5033,127.0996
충청남도 공주시 우성면 한천리,한천리,36.53565,127.0751875
충청남도 공주시 우성면 내산리,내산리,36.5092,127.0826
충청남도 공주시 우성면 신웅리,신웅리,36.4784,127.1012
충청남도 공주시 우성면 도천리,도천리,36.4833679,127.089675
충청남도 공주시 우성면 평목리,평목리,36.4605,127.0935
충청남도 공주시 우성면 상서리,상서리,36.4836763,127.0819
충청남도 공주시 우성면 방문리,방문리,36.4894679,127.0694875
충청남도 공주시 우성면 단지리,단지리,36.4766,127.0602
충청남도 공주시 우성면 동대리,동대리,36.4806429,127.0554125
충청남도 공주시 정안면,정안면,36.608682,127.120113
충청남도 공주시 정안면 산성리,산성리,36.6402,127.0313
충청남도 공주시 정안면 내문리,내문리,36.6184,127.0501
충청남도 공주시 정안면 문천리,문천리,36.6370987,127.0574
충청남도 공주시 정안면 월산리,월산리,36.6205987,127.0788
충청남도 공주시 정안면 대산리,대산리,36.6185,127.1043
충청남도 공주시 정안면 태성리,태성리,36.6435,127.1001
충청남도 공주시 정안면 인풍리,인풍리,36.6446,127.1208
충청남도 공주시 정안면 사현리,사현리,36.6286,127.1306
충청남도 공주시 정안면 내촌리,내촌리,36.5988,127.1115
충청남도 공주시 정안면 어물리,어물리,36.6046571,127.140475
충청남도 공주시 정안면 보물리,보물리,36.5903,127.1309
충청남도 공주시 정안면 장원리,장원리,36.57435,127.127175
충청남도 공주시 정안면 운궁리,운궁리,36.5847904,127.1138
충청남도 공주시 정안면 고성리,고성리,36.5903,127.0868
충청남도 공주시 정안면 쌍달리,쌍달리,36.5749,127.0884
충청남도 공주시 정안면 전평리,전평리,36.5632,127.1043
충청남도 공주시 정안면 석송리,석송리,36.5598,127.1162
충청남도 공주시 정안면 북계리,북계리,36.5506,127.1266
충청남도 공주시 정안면 평정리,평정리,36.5544,127.086
충청남도 공주시 정안면 화봉리,화봉리,36.5441,127.1054
충청남도 공주시 정안면 상룡리,상룡리,36.5301,127.1044
충청남도 공주시 정안면 광정리,광정리,36.6088904,127.123175
충청남도 공주시 의당면,의당면,36.499535,127.141238
충청남도 공주시 의당면 요룡리,요룡리,36.5303667,127.130425
충청남도 공주시 의당면 덕학리,덕학리,36.5801,127.1589
충청남도 공주시 의당면 도신리,도신리,36.5835987,127.1781
충청남도 공주시 의당면 중흥리,중흥리,36.5655583,127.1872875
충청남도 공주시 의당면 가산리,가산리,36.5540667,127.173325
충청남도 공주시 의당면 유계리,유계리,36.5261,127.1685
충청남도 공주시 의당면 청룡리,청룡리,36.4981179,127.1529875
충청남도 공주시 의당면 율정리,율정리,36.5160667,127.143875
충청남도 공주시 의당면 수촌리,수촌리,36.5095,127.1331
충청남도 공주시 의당면 오인리,오인리,36.5244,127.1199
충청남도 공주시 의당면 두만리,두만리,36.5465,127.141
충청남도 공주시 의당면 월곡리,월곡리,36.5408,127.1551
충청남도 공주시 반포면,반포면,36.3969253,127.2502377
충청남도 공주시 반포면 학봉리,학봉리,36.3493,127.2443
충청남도 공주시 반포면 온천리,온천리,36.3691481,127.2687109
충청남도 공주시 반포면 하신리,하신리,36.38,127.2426
충청남도 공주시 반포면 상신리,상신리,36.3837571,127.21965
충청남도 공주시 반포면 봉곡리,봉곡리,36.404,127.2331
충청남도 공주시 반포면 마암리,마암리,36.4208,127.2109
충청남도 공주시 반포면 송곡리,송곡리,36.4021,127.2711
충청남도 공주시 반포면 공암리,공암리,36.3984,127.2517
충청남도 공주시 계룡면,계룡면,36.3603183,127.1416514
충청남도 공주시 계룡면 유평리,유평리,36.351,127.1326
충청남도 공주시 계룡면 향지리,향지리,36.3574154,127.118075
충청남도 공주시 계룡면 죽곡리,죽곡리,36.3438,127.1123
충청남도 공주시 계룡면 월곡리,월곡리,36.3273,127.1224
충청남도 공주시 계룡면 상성리,상성리,36.3343,127.1314
충청남도 공주시 계룡면 금대리,금대리,36.3377571,127.1468375
충청남도 공주시 계룡면 화헌리,화헌리,36.3249,127.1379
충청남도 공주시 계룡면 경천리,경천리,36.3192,127.1485
충청남도 공주시 계룡면 양화리,양화리,36.3367821,127.1775375
충청남도 공주시 계룡면 하대리,하대리,36.3543,127.168
충청남도 공주시 계룡면 중장리,중장리,36.3692171,127.1881715
충청남도 공주시 계룡면 구왕리,구왕리,36.3855,127.1836
충청남도 공주시 계룡면 내흥리,내흥리,36.4066487,127.184375
충청남도 공주시 계룡면 화은리,화은리,36.4109,127.1442
충청남도 공주시 계룡면 봉명리,봉명리,36.3731,127.1384
충청남도 공주시 계룡면 월암리,월암리,36.3623,127.1385
충청남도 공주시 계룡면 기산리,기산리,36.3891,127.1412
충청남도 공주시 탄천면,탄천면,36.3300443,127.0302004
충청남도 공주시 탄천면 대학리,대학리,36.3742,127.0077
충청남도 공주시 탄천면 견동리,견동리,36.357,127.0015
충청남도 공주시 탄천면 운곡리,운곡리,36.3609,127.0231
충청남도 공주시 탄천면 국동리,국동리,36.3488404,127.02315
충청남도 공주시 탄천면 유하리,유하리,36.3464,127.0013
충청남도 공주시 탄천면 분강리,분강리,36.3355487,126.9969125
충청남도 공주시 탄천면 송학리,송학리,36.3354,127.0193
충청남도 공주시 탄천면 성리,성리,36.3319,127.0093
충청남도 공주시 탄천면 정치리,정치리,36.3203,127.0095
충청남도 공주시 탄천면 가척리,가척리,36.3073,127.0043
충청남도 공주시 탄천면 남산리,남산리,36.2984,127.0295
충청남도 공주시 탄천면 화정리,화정리,36.2836193,127.057099
충청남도 공주시 탄천면 덕지리,덕지리,36.3035917,127.045925
충청남도 공주시 탄천면 안영리,안영리,36.3091,127.0615
충청남도 공주시 탄천면 장선리,장선리,36.3106,127.0785
충청남도 공주시 탄천면 광명리,광명리,36.3286,127.0616
충청남도 공주시 탄천면 삼각리,삼각리,36.3307417,127.037
충청남도 공주시 이인면,이인면,36.3620084,127.0631964
충청남도 공주시 이인면 신영리,신영리,36.3339,127.0924
충청남도 공주시 이인면 운암리,운암리,36.3903,127.0314
충청남도 공주시 이인면 이곡리,이곡리,36.3696,127.0355
충청남도 공주시 이인면 반송리,반송리,36.3499,127.094
충청남도 공주시 이인면 복룡리,복룡리,36.3393,127.0706
충청남도 공주시 이인면 산의리,산의리,36.3551,127.0798
충청남도 공주시 이인면 달산리,달산리,36.3539,127.047
충청남도 공주시 이인면 구암리,구암리,36.3716737,127.056525
충청남도 공주시 이인면 용성리,용성리,36.3717987,127.0795
충청남도 공주시 이인면 초봉리,초봉리,36.3856,127.0662
충청남도 공주시 이인면 발양리,발양리,36.3753,127.1084
충청남도 공주시 이인면 목동리,목동리,36.3831,127.0937
충청남도 공주시 이인면 주봉리,주봉리,36.3949,127.0826
충청남도 공주시 이인면 신흥리,신흥리,36.4008,127.0609
충청남도 공주시 이인면 오룡리,오룡리,36.4078571,127.075125
충청남도 공주시 이인면 만수리,만수리,36.4163,127.0582
충청남도 공주시 이인면 이인리,이인리,36.3577,127.0629
충청남도 공주시 유구읍,유구읍,36.552825,126.9504
충청남도 공주시 유구읍 만천리,만천리,36.5374083,126.9522125
충청남도 공주시 유구읍 동해리,동해리,36.6197,127.0204
충청남도 공주시 유구읍 탑곡리,탑곡리,36.6563987,126.9683
충청남도 공주시 유구읍 문금리,문금리,36.6391987,126.9965125
충청남도 공주시 유구읍 덕곡리,덕곡리,36.6327,126.9579
충청남도 공주시 유구읍 추계리,추계리,36.6208,126.9864
충청남도 공주시 유구읍 세동리,세동리,36.6052987,126.99185
충청남도 공주시 유구읍 연종리,연종리,36.5976987,127.0063
충청남도 공주시 유구읍 구계리,구계리,36.577,126.9897
충청남도 공주시 유구읍 명곡리,명곡리,36.6091,126.9473
충청남도 공주시 유구읍 입석리,입석리,36.5915,126.9586
충청남도 공주시 유구읍 신달리,신달리,36.5961987,126.9781
충청남도 공주시 유구읍 신영리,신영리,36.5692333,126.9676375
충청남도 공주시 유구읍 녹천리,녹천리,36.573,126.9294
충청남도 공주시 유구읍 유구리,유구리,36.5558,126.9703
충청남도 공주시 유구읍 석남리,석남리,36.5601636,126.953951
충청남도 공주시 유구읍 노동리,노동리,36.5545,126.9097
충청남도 공주시 유구읍 백교리,백교리,36.5473,126.9373
충청남도 천안시 서북구,서북구,36.878467,127.154648
충청남도 천안시 서북구 부대동,부대동,36.847382,127.1499
충청남도 천안시 서북구 신당동,신당동,36.8570237,127.159825
충청남도 천안시 서북구 업성동,업성동,36.8569487,127.13295
충청남도 천안시 서북구 쌍용동,쌍용동,36.8040466,127.1305078
충청남도 천안시 서북구 차암동,차암동,36.8482,127.1116
충청남도 천안시 서북구 성성동,성성동,36.8451237,127.1267125
충청남도 천안시 서북구 두정동,두정동,36.83185,127.1422
충청남도 천안시 서북구 성정동,성정동,36.8180189,127.1413692
충청남도 천안시 서북구 와촌동,와촌동,36.807775,127.1443625
충청남도 천안시 서북구 부성2동,부성2동,36.8373485,127.1379443
충청남도 천안시 서북구 부성1동,부성1동,36.8427697,127.1522387
충청남도 천안시 서북구 불당동,불당동,36.8059419,127.1137218
충청남도 천안시 서북구 백석동,백석동,36.8197644,127.1149245
충청남도 천안시 서북구 쌍용3동,쌍용3동,36.8029724,127.1191905
충청남도 천안시 서북구 쌍용2동,쌍용2동,36.7962528,127.1232041
충청남도 천안시 서북구 쌍용1동,쌍용1동,36.8040466,127.1305078
충청남도 천안시 서북구 성정2동,성정2동,36.8198346,127.1397152
충청남도 천안시 서북구 성정1동,성정1동,36.8180189,127.1413692
충청남도 천안시 서북구 입장면,입장면,36.912709,127.2211117
충청남도 천안시 서북구 입장면,입장면,36.91955,127.2316459
충청남도 천안시 서북구 입장면,입장면,36.9218596,127.2152375
충청남도 천안시 서북구 입장면,입장면,36.9357596,127.2001
충청남도 천안시 서북구 입장면,입장면,36.9530679,127.1849
충청남도 천안시 서북구 입장면,입장면,36.9395679,127.179575
충청남도 천안시 서북구 입장면,입장면,36.9307,127.1759
충청남도 천안시 서북구 입장면,입장면,36.9224679,127.186325
충청남도 천안시 서북구 입장면,입장면,36.9203717,127.2030492
충청남도 천안시 서북구 입장면,입장면,36.9059,127.2119
충청남도 천안시 서북구 입장면,입장면,36.9061987,127.22255
충청남도 천안시 서북구 입장면,입장면,36.8906821,127.2268
충청남도 천안시 서북구 입장면,입장면,36.8832929,127.2387601
충청남도 천안시 서북구 입장면,입장면,36.9028,127.2378
충청남도 천안시 서북구 입장면,입장면,36.8948571,127.26225
충청남도 천안시 서북구 입장면,입장면,36.9049737,127.2747
충청남도 천안시 서북구 입장면,입장면,36.9022,127.2491
충청남도 천안시 서북구 입장면,입장면,36.911,127.2312
충청남도 천안시 서북구 입장면,입장면,36.9117987,127.2218625
충청남도 천안시 서북구 직산읍,직산읍,36.8787705,127.1504913
충청남도 천안시 서북구 직산읍,직산읍,36.8867987,127.0979
충청남도 천안시 서북구 직산읍,직산읍,36.8731237,127.0971625
충청남도 천안시 서북구 직산읍,직산읍,36.8648737,127.1102875
충청남도 천안시 서북구 직산읍,직산읍,36.8801237,127.1167375
충청남도 천안시 서북구 직산읍,직산읍,36.8757,127.1219
충청남도 천안시 서북구 직산읍,직산읍,36.8672,127.1318
충청남도 천안시 서북구 직산읍,직산읍,36.8766321,127.1353875
충청남도 천안시 서북구 직산읍,직산읍,36.8890904,127.1318375
충청남도 천안시 서북구 직산읍,직산읍,36.8818243,127.1506432
충청남도 천안시 서북구 직산읍,직산읍,36.8919306,127.1388489
충청남도 천안시 서북구 직산읍,직산읍,36.9113321,127.176425
충청남도 천안시 서북구 직산읍,직산읍,36.8898,127.1725
충청남도 천안시 서북구 직산읍,직산읍,36.8961821,127.154
충청남도 천안시 서북구 직산읍,직산읍,36.9015404,127.1707
충청남도 천안시 서북구 성거읍,성거읍,36.8780155,127.1990193
충청남도 천안시 서북구 성거읍,성거읍,36.8689071,127.15725
충청남도 천안시 서북구 성거읍,성거읍,36.8718821,127.16985
충청남도 천안시 서북구 성거읍,성거읍,36.85,127.1819
충청남도 천안시 서북구 성거읍,성거읍,36.8599,127.184
충청남도 천안시 서북구 성거읍,성거읍,36.8730737,127.1851
충청남도 천안시 서북구 성거읍,성거읍,36.8881071,127.1881375
충청남도 천안시 서북구 성거읍,성거읍,36.9036487,127.1879625
충청남도 천안시 서북구 성거읍,성거읍,36.9031237,127.1997875
충청남도 천안시 서북구 성거읍,성거읍,36.8814237,127.19975
충청남도 천안시 서북구 성거읍,성거읍,36.8928071,127.1962125
충청남도 천안시 서북구 성거읍,성거읍,36.8943737,127.2098
충청남도 천안시 서북구 성거읍,성거읍,36.8672987,127.21835
충청남도 천안시 서북구 성거읍,성거읍,36.8663,127.1953
충청남도 천안시 서북구 성환읍,성환읍,36.918198,127.1343397
충청남도 천안시 서북구 성환읍,성환읍,36.9475763,127.170125
충청남도 천안시 서북구 성환읍,성환읍,36.9623263,127.1602625
충청남도 천안시 서북구 성환읍,성환읍,36.9603,127.1373
충청남도 천안시 서북구 성환읍,성환읍,36.9467513,127.1497625
충청남도 천안시 서북구 성환읍,성환읍,36.9377013,127.1414
충청남도 천안시 서북구 성환읍,성환읍,36.9225,127.16
충청남도 천안시 서북구 성환읍,성환읍,36.9502596,127.102525
충청남도 천안시 서북구 성환읍,성환읍,36.9574,127.1153
충청남도 천안시 서북구 성환읍,성환읍,36.9530763,127.1241
충청남도 천안시 서북구 성환읍,성환읍,36.9359179,127.1193125
충청남도 천안시 서북구 성환읍,성환읍,36.9272346,127.1164375
충청남도 천안시 서북구 성환읍,성환읍,36.9173,127.1142
충청남도 천안시 서북구 성환읍,성환읍,36.9366,127.0881
충청남도 천안시 서북구 성환읍,성환읍,36.9156654,127.097725
충청남도 천안시 서북구 성환읍,성환읍,36.9012,127.1052
충청남도 천안시 서북구 성환읍,성환읍,36.9036571,127.133125
충청남도 천안시 서북구 성환읍,성환읍,36.9196,127.1415
충청남도 천안시 서북구 성환읍,성환읍,36.9291,127.1308
충청남도 천안시 동남구,동남구,36.8068502,127.1516356
충청남도 천안시 동남구 구룡동,구룡동,36.7648417,127.15
충청남도 천안시 동남구 안서동,안서동,36.8374737,127.184025
충청남도 천안시 동남구 신부동,신부동,36.8254833,127.163925
충청남도 천안시 동남구 쌍용동,쌍용동,36.802727,127.1326309
충청남도 천안시 동남구 용곡동,용곡동,36.7882833,127.1393
충청남도 천안시 동남구 다가동,다가동,36.7950417,127.149575
충청남도 천안시 동남구 유량동,유량동,36.8156,127.185725
충청남도 천안시 동남구 청당동,청당동,36.7809,127.1529
충청남도 천안시 동남구 삼룡동,삼룡동,36.7797417,127.1749125
충청남도 천안시 동남구 청수동,청수동,36.7921,127.1543
충청남도 천안시 동남구 구성동,구성동,36.7971667,127.1702875
충청남도 천안시 동남구 원성동,원성동,36.8078,127.1609375
충청남도 천안시 동남구 오룡동,오룡동,36.80535,127.150375
충청남도 천안시 동남구 영성동,영성동,36.800017,127.151625
충청남도 천안시 동남구 사직동,사직동,36.801008,127.14845
충청남도 천안시 동남구 문화동,문화동,36.809425,127.1511875
충청남도 천안시 동남구 성황동,성황동,36.8144917,127.1522375
충청남도 천안시 동남구 대흥동,대흥동,36.8082333,127.147375
충청남도 천안시 동남구 신안동,신안동,36.8174013,127.1603391
충청남도 천안시 동남구 청룡동,청룡동,36.7860971,127.1568339
충청남도 천안시 동남구 신방동,신방동,36.7858544,127.1224381
충청남도 천안시 동남구 일봉동,일봉동,36.8010153,127.1419466
충청남도 천안시 동남구 봉명동,봉명동,36.8057983,127.1394243
충청남도 천안시 동남구 원성2동,원성2동,36.801442,127.16085
충청남도 천안시 동남구 원성1동,원성1동,36.8119344,127.1630734
충청남도 천안시 동남구 문성동,문성동,36.8109698,127.1502866
충청남도 천안시 동남구 중앙동,중앙동,36.80005,127.15265
충청남도 천안시 동남구 동면,동면,36.7762051,127.3443081
충청남도 천안시 동남구 동면,동면,36.7607667,127.4054125
충청남도 천안시 동남구 동면,동면,36.7701917,127.3820875
충청남도 천안시 동남구 동면,동면,36.7826,127.3822
충청남도 천안시 동남구 동면,동면,36.797425,127.39045
충청남도 천안시 동남구 동면,동면,36.8094,127.3728
충청남도 천안시 동남구 동면,동면,36.8033833,127.3523
충청남도 천안시 동남구 동면,동면,36.7909,127.3614
충청남도 천안시 동남구 동면,동면,36.7905,127.3391
충청남도 천안시 동남구 동면,동면,36.7761,127.3347
충청남도 천안시 동남구 동면,동면,36.7744417,127.3538
충청남도 천안시 동남구 동면,동면,36.7627833,127.3349
충청남도 천안시 동남구 병천면,병천면,36.7664974,127.3026374
충청남도 천안시 동남구 병천면,병천면,36.7363,127.3273
충청남도 천안시 동남구 병천면,병천면,36.7544,127.3203
충청남도 천안시 동남구 병천면,병천면,36.8386487,127.314575
충청남도 천안시 동남구 병천면,병천면,36.8119583,127.3338
충청남도 천안시 동남구 병천면,병천면,36.8107999,127.3167973
충청남도 천안시 동남구 병천면,병천면,36.7823833,127.3165125
충청남도 천안시 동남구 병천면,병천면,36.763,127.3112
충청남도 천안시 동남구 병천면,병천면,36.7786,127.3001
충청남도 천안시 동남구 병천면,병천면,36.7673,127.2828
충청남도 천안시 동남구 수신면,수신면,36.7311685,127.280953
충청남도 천안시 동남구 수신면,수신면,36.7414,127.2939
충청남도 천안시 동남구 수신면,수신면,36.7218208,127.2917502
충청남도 천안시 동남구 수신면,수신면,36.7043179,127.2782125
충청남도 천안시 동남구 수신면,수신면,36.7184513,127.2711875
충청남도 천안시 동남구 수신면,수신면,36.7384013,127.2719125
충청남도 천안시 동남구 수신면,수신면,36.7339429,127.28515
충청남도 천안시 동남구 성남면,성남면,36.7424667,127.2369369
충청남도 천안시 동남구 성남면,성남면,36.75265,127.265125
충청남도 천안시 동남구 성남면,성남면,36.7355929,127.2566875
충청남도 천안시 동남구 성남면,성남면,36.7478346,127.238325
충청남도 천안시 동남구 성남면,성남면,36.7527667,127.2130375
충청남도 천안시 동남구 성남면,성남면,36.7375013,127.2280375
충청남도 천안시 동남구 성남면,성남면,36.7299346,127.210175
충청남도 천안시 동남구 성남면,성남면,36.7267596,127.230225
충청남도 천안시 동남구 성남면,성남면,36.7102,127.2529
충청남도 천안시 동남구 성남면,성남면,36.7148042,127.2392192
충청남도 천안시 동남구 북면,북면,36.8274219,127.2732386
충청남도 천안시 동남구 북면,북면,36.8758487,127.2925625
충청남도 천안시 동남구 북면,북면,36.8736821,127.2620375
충청남도 천안시 동남구 북면,북면,36.8576904,127.2527875
충청남도 천안시 동남구 북면,북면,36.8510154,127.2874625
충청남도 천안시 동남구 북면,북면,36.8460487,127.2623
충청남도 천안시 동남구 북면,북면,36.8380571,127.2596875
충청남도 천안시 동남구 북면,북면,36.8257167,127.2832375
충청남도 천안시 동남구 북면,북면,36.8217417,127.2584375
충청남도 천안시 동남구 북면,북면,36.8061083,127.2762375
충청남도 천안시 동남구 북면,북면,36.7902,127.2551
충청남도 천안시 동남구 북면,북면,36.7822,127.2693
충청남도 천안시 동남구 북면,북면,36.769,127.2645
충청남도 천안시 동남구 북면,북면,36.7704583,127.2518875
충청남도 천안시 동남구 광덕면,광덕면,36.6986199,127.1112077
충청남도 천안시 동남구 광덕면,광덕면,36.6476571,127.14195
충청남도 천안시 동남구 광덕면,광덕면,36.6763679,127.148975
충청남도 천안시 동남구 광덕면,광덕면,36.686,127.1512
충청남도 천안시 동남구 광덕면,광덕면,36.6850808,127.1327008
충청남도 천안시 동남구 광덕면,광덕면,36.6876,127.1145
충청남도 천안시 동남구 광덕면,광덕면,36.7024596,127.1178
충청남도 천안시 동남구 광덕면,광덕면,36.7096596,127.101375
충청남도 천안시 동남구 광덕면,광덕면,36.6916679,127.0986125
충청남도 천안시 동남구 광덕면,광덕면,36.6923013,127.0730625
충청남도 천안시 동남구 광덕면,광덕면,36.6622321,127.0790625
충청남도 천안시 동남구 광덕면,광덕면,36.6732577,127.046154
충청남도 천안시 동남구 풍세면,풍세면,36.7221589,127.1185437
충청남도 천안시 동남구 풍세면,풍세면,36.7318,127.1245
충청남도 천안시 동남구 풍세면,풍세면,36.7390346,127.108825
충청남도 천안시 동남구 풍세면,풍세면,36.7377929,127.0907875
충청남도 천안시 동남구 풍세면,풍세면,36.7559833,127.116625
충청남도 천안시 동남구 풍세면,풍세면,36.7463,127.1396
충청남도 천안시 동남구 풍세면,풍세면,36.7412346,127.155875
충청남도 천안시 동남구 풍세면,풍세면,36.7292679,127.141225
충청남도 천안시 동남구 풍세면,풍세면,36.7192763,127.1247625
충청남도 천안시 동남구 목천읍,목천읍,36.7850103,127.2346185
충청남도 천안시 동남구 목천읍,목천읍,36.7377846,127.1733875
충청남도 천안시 동남구 목천읍,목천읍,36.7499929,127.1879
충청남도 천안시 동남구 목천읍,목천읍,36.757078,127.1728804
충청남도 천안시 동남구 목천읍,목천읍,36.7693,127.1833
충청남도 천안시 동남구 목천읍,목천읍,36.7631,127.2085625
충청남도 천안시 동남구 목천읍,목천읍,36.7759917,127.2129875
충청남도 천안시 동남구 목천읍,목천읍,36.78175,127.1954125
충청남도 천안시 동남구 목천읍,목천읍,36.7960917,127.1968375
충청남도 천안시 동남구 목천읍,목천읍,36.7823036,127.223919
충청남도 천안시 동남구 목천읍,목천읍,36.7666,127.2351
충청남도 천안시 동남구 목천읍,목천읍,36.7756083,127.2397375
충청남도 천안시 동남구 목천읍,목천읍,36.8361071,127.2414625
충청남도 천안시 동남구 목천읍,목천읍,36.8358571,127.221225
충청남도 천안시 동남구 목천읍,목천읍,36.8202333,127.2175625
충청남도 천안시 동남구 목천읍,목천읍,36.8114,127.2428
충청남도 천안시 동남구 목천읍,목천읍,36.7981883,127.2225786
충청남도 천안시 동남구 목천읍,목천읍,36.7909,127.2414
충청남도 천안시 동남구 목천읍,목천읍,36.7861667,127.232075
